level	page_num	block_num	par_num	line_num	word_num	left	top	width	height	conf	text
1	1	0	0	0	0	0	0	240	200	-1	
2	1	1	0	0	0	40	34	135	123	-1	
3	1	1	1	0	0	40	34	135	123	-1	
4	1	1	1	1	0	41	34	134	23	-1	
5	1	1	1	1	1	41	34	80	23	96.024406	Team
5	1	1	1	1	2	132	34	43	23	95.943733	Pts
4	1	1	1	2	0	40	84	124	23	-1	
5	1	1	1	2	1	40	84	55	23	76.964035	Ada
5	1	1	1	2	2	133	84	31	23	76.964035	10
4	1	1	1	3	0	42	134	122	23	-1	
5	1	1	1	3	1	42	134	39	23	65.584045	Lin
5	1	1	1	3	2	131	134	33	23	93.737289	20
