level	page_num	block_num	par_num	line_num	word_num	left	top	width	height	conf	text
1	1	0	0	0	0	0	0	230	193	-1	
2	1	1	0	0	0	42	34	145	125	-1	
3	1	1	1	0	0	42	34	145	125	-1	
4	1	1	1	1	0	45	34	123	32	-1	
5	1	1	1	1	1	45	34	60	25	72.320236	Item
5	1	1	1	1	2	117	34	51	32	95.851463	Qty
4	1	1	1	2	0	42	84	114	32	-1	
5	1	1	1	2	1	42	84	87	32	96.335434	Apple
5	1	1	1	2	2	140	84	16	25	96.335434	2
4	1	1	1	3	0	44	134	143	25	-1	
5	1	1	1	3	1	44	134	114	25	94.596428	Banana
5	1	1	1	3	2	170	134	17	25	94.596428	5
