time,latitude,longitude,depth,mag,magType,nst,gap,dmin,rms,net,id,updated,place,type,horizontalError,depthError,magError,magNst,status,locationSource,magSource
2026-06-01T13:38:59.680Z,17.4195,-67.763666666667,27.72,3.43,md,17,243,0.854,0.19,pr,pr71518493,2026-06-01T14:34:40.620Z,"86 km SW of Pole Ojea, Puerto Rico",earthquake,0.91,9.59,0.12810929226211,10,reviewed,pr,pr
2026-06-01T12:53:40.574Z,60.484,-139.9664,5,3.1,ml,29,116,0.615,1.1,us,us7000spu0,2026-06-01T14:07:30.040Z,"105 km N of Yakutat, Alaska",earthquake,3.73,1.983,0.04,84,reviewed,us,us
2026-06-01T11:10:07.319Z,32.189,-100.97,9.2041,2.5,ml,20,77,0.3,0.1,tx,tx2026ksaweu,2026-06-01T13:24:17.262Z,"18 km SSE of Westbrook, Texas",earthquake,0.71223957983554,3.0451741949918,0.2,18,reviewed,tx,tx
2026-06-01T10:32:50.126Z,-57.8585,157.7638,10,4.9,mb,28,86,3.432,0.65,us,us7000spti,2026-06-01T10:55:28.040Z,"Macquarie Island region",earthquake,11.56,1.808,0.119,22,reviewed,us,us
2026-06-01T08:55:04.978Z,13.4154,-90.0795,58.722,4.1,mb,65,152,0.658,0.59,us,us7000spt8,2026-06-01T13:47:50.040Z,"33 km SW of Acajutla, El Salvador",earthquake,8,11.345,0.075,49,reviewed,us,us
2026-06-01T08:04:07.100Z,37.480167388916,-118.84349822998,14.470000267029,3.57,ml,32,61,,0.08,nc,nc75369166,2026-06-01T14:21:28.577Z,"17 km WSW of Toms Place, CA",earthquake,0.32,1.11000001,0.27,35,reviewed,nc,nc
2026-06-01T05:53:38.360Z,40.484001159668,-120.54416656494,1.5199999809265,2.57,md,31,87,0.199,0.15,nc,nc75369116,2026-06-01T06:52:22.949Z,"11 km NE of Susanville, CA",earthquake,0.25,4.69999981,0.07,22,automatic,nc,nc
2026-06-01T05:16:15.532Z,-18.1208,-178.1836,567.977,5,mb,44,96,2.851,0.93,us,us7000sps9,2026-06-01T05:29:53.040Z,"264 km E of Levuka, Fiji",earthquake,13.46,10.258,0.117,23,reviewed,us,us
2026-06-01T04:58:27.320Z,17.967166666667,-66.976833333333,7.98,3.03,md,30,173,0.06418,0.26,pr,pr71518468,2026-06-01T10:22:24.110Z,"6 km WSW of Fuig, Puerto Rico",earthquake,0.41,0.99,0.10470693064532,10,reviewed,pr,pr
2026-06-01T04:46:32.070Z,19.06533241272,-155.37483215332,31.770000457764,2.63,md,43,236,0.1726,0.170000002,hv,hv74973192,2026-06-01T04:50:27.970Z,"18 km SE of Pāhala, Hawaii",earthquake,0.57,0.870000005,0.1312593268753,14,automatic,hv,hv
2026-06-01T03:58:03.565Z,30.6884,141.869,10,4.4,mb,28,135,6.174,1.04,us,us7000sps0,2026-06-01T04:17:30.040Z,"Izu Islands, Japan region",earthquake,10.66,1.568,0.123,19,reviewed,us,us
2026-06-01T03:40:11.053Z,-35.387,-104.6576,10,5.3,mww,56,137,9.153,0.51,us,us7000sprv,2026-06-01T05:39:48.040Z,"southeast of Easter Island",earthquake,12.85,1.896,0.083,14,reviewed,us,us
2026-06-01T03:34:30.871Z,30.7158,141.7476,11,5.7,mww,114,38,6.086,0.83,us,us7000spru,2026-06-01T05:58:36.310Z,"Izu Islands, Japan region",earthquake,9.51,1.762,0.052,36,reviewed,us,us
2026-06-01T01:07:58.520Z,39.859001159668,-123.21783447266,-1.039999961853,2.45,md,46,34,0.1324,0.25,nc,nc75369011,2026-06-01T01:52:23.968Z,"8 km NNE of Covelo, CA",earthquake,0.3,2.27999997,0.16,32,automatic,nc,nc
2026-06-01T00:33:28.750Z,18.909333333333,-64.831833333333,34.17,3.39,md,23,236,0.5263,0.25,pr,pr71518453,2026-06-01T02:48:31.040Z,"63 km N of Charlotte Amalie, U.S. Virgin Islands",earthquake,2.05,6.25,0.13031832429825,15,reviewed,pr,pr
2026-06-01T00:08:41.621Z,-57.8645,157.424,10,4.9,mb,32,99,3.479,0.8,us,us7000spra,2026-06-01T02:31:17.040Z,"Macquarie Island region",earthquake,10.47,1.894,0.1,31,reviewed,us,us
2026-05-31T23:29:48.270Z,18.502,-67.4915,9.83,3.43,md,31,179,0.1175,0.36,pr,pr71518443,2026-06-01T01:52:13.040Z,"31 km NW of Rincón, Puerto Rico",earthquake,0.76,0.52,0.0656622568781,12,reviewed,pr,pr
2026-05-31T22:56:35.436Z,32.5508,-104.4723,6.52,2.6,ml,37,78,0.19,0.43,us,us7000spqw,2026-06-01T01:15:58.040Z,"25 km SSW of Atoka, New Mexico",earthquake,1.86,4.75,0.081,20,reviewed,us,us
2026-05-31T22:18:33.973Z,-31.2166,-68.3238,109.29,4.2,mb,35,52,0.442,0.87,us,us7000spqp,2026-06-01T00:53:50.040Z,"28 km NE of San Martín, Argentina",earthquake,6.92,6.043,0.152,12,reviewed,us,us
2026-05-31T22:09:58.193Z,-32.7583,-71.7857,10,4.4,mb,31,179,0.739,0.37,us,us7000spql,2026-06-01T00:45:13.040Z,"34 km NNW of Valparaíso, Chile",earthquake,3.76,1.495,0.268,4,reviewed,us,us
2026-05-31T21:52:11.763Z,-32.7963,-71.8152,27.609,4.8,mwr,75,139,0.733,0.64,us,us7000spqh,2026-06-01T00:33:32.040Z,"31 km NNW of Valparaíso, Chile",earthquake,4.38,2.896,0.038,66,reviewed,us,us
2026-05-31T21:46:54.407Z,-32.7215,-71.8986,10,4.9,mb,70,136,0.834,0.77,us,us7000spqg,2026-06-01T00:07:15.374Z,"43 km NW of Valparaíso, Chile",earthquake,4.19,1.816,0.08,49,reviewed,us,us
2026-05-31T21:41:54.861Z,-19.7215,-177.7737,559.645,4.6,mb,64,67,4.217,0.86,us,us7000spqe,2026-05-31T23:53:11.040Z,"Fiji region",earthquake,10.46,5.811,0.06,82,reviewed,us,us
2026-05-31T21:36:42.020Z,14.9181,54.7953,10,4.5,mb,48,62,12.253,0.57,us,us7000spqf,2026-05-31T23:48:37.040Z,"243 km SSE of Şalālah, Oman",earthquake,11.68,1.907,0.087,39,reviewed,us,us
2026-05-31T21:34:18.026Z,-32.8047,-71.8593,25,6,mww,126,64,0.757,0.7,us,us7000spqc,2026-06-01T06:32:33.670Z,"33 km NW of Valparaíso, Chile",earthquake,4.39,1.18,0.047,44,reviewed,us,us
2026-05-31T20:54:40.131Z,37.369,138.2057,25.174,4.4,mwr,32,140,0.822,1.04,us,us7000spqa,2026-05-31T21:13:13.040Z,"24 km N of Jōetsu, Japan",earthquake,5.57,5.163,0.068,21,reviewed,us,us
2026-05-31T20:43:56.516Z,-5.4792,146.9647,194.659,4.3,mb,24,100,3.436,0.99,us,us7000spq9,2026-05-31T21:05:29.040Z,"133 km ESE of Madang, Papua New Guinea",earthquake,9.55,8.591,0.129,17,reviewed,us,us
2026-05-31T20:33:20.350Z,38.820835113525,-122.85500335693,2.5899999141693,2.62,md,57,42,0.006857,0.05,nc,nc75368871,2026-06-01T04:27:21.711Z,"10 km WNW of The Geysers, CA",earthquake,0.15,0.230000004,0.16,72,automatic,nc,nc
2026-05-31T19:46:48.141Z,26.468,143.6635,10,4.7,mb,70,92,10.524,0.74,us,us7000sppz,2026-05-31T20:10:31.040Z,"Bonin Islands, Japan region",earthquake,11.55,1.878,0.045,153,reviewed,us,us
2026-05-31T19:15:39.818Z,-30.5996,-179.0432,98.548,5,mb,24,126,1.661,0.99,us,us7000sppt,2026-05-31T19:33:36.040Z,"Kermadec Islands region",earthquake,12.43,10.18,0.133,18,reviewed,us,us
2026-05-31T18:19:09.999Z,1.6328,32.5621,10,4.4,mb,40,58,3.313,0.78,us,us7000sppn,2026-06-01T07:44:34.189Z,"37 km NNE of Nakasongola, Uganda",earthquake,10.64,1.906,0.095,32,reviewed,us,us
2026-05-31T18:09:48.704Z,17.3065,-84.3026,10,4.3,mb,32,72,5.44,0.49,us,us7000sppk,2026-05-31T19:06:45.040Z,"166 km N of Barra Patuca, Honduras",earthquake,9.39,1.955,0.074,51,reviewed,us,us
2026-05-31T17:43:46.643Z,-21.819,-67.3987,192.122,4.3,mb,29,66,1.339,0.64,us,us7000sppj,2026-05-31T18:12:01.040Z,"110 km SE of Ollagüe, Chile",earthquake,7.9,6.997,0.13,17,reviewed,us,us
2026-05-31T17:14:01.231Z,11.2068,-86.632,35,4.7,mb,70,172,1.326,1.01,us,us7000sppi,2026-05-31T17:40:11.040Z,"65 km SSW of Masachapa, Nicaragua",earthquake,10.45,1.959,0.031,312,reviewed,us,us
2026-05-31T16:12:21.030Z,17.9515,-66.915166666667,13.72,2.48,md,12,207,0.04144,0.18,pr,pr71518413,2026-05-31T16:58:34.400Z,"2 km SSW of Guánica, Puerto Rico",earthquake,0.63,0.32,0.10648917523641,6,reviewed,pr,pr
2026-05-31T16:05:32.600Z,19.3275,-66.1578,9,3.57,md,22,215,0.928,0.42,pr,pr2026151001,2026-05-31T16:27:40.433Z,"95 km N of San Juan, Puerto Rico",earthquake,1.66,3.06,0.18,14,reviewed,pr,pr
2026-05-31T15:03:32.196Z,7.5655,91.8273,10,4.6,mb,25,97,5.592,1.01,us,us7000spp6,2026-05-31T15:30:06.040Z,"Nicobar Islands, India region",earthquake,9.74,1.9,0.158,13,reviewed,us,us
2026-05-31T14:27:32.984Z,19.4425,-68.7259,10,2.8,ml,10,315,0.979,1.02,us,us7000spp2,2026-05-31T15:06:12.040Z,"61 km NNE of Miches, Dominican Republic",earthquake,5.06,2.027,0.081,20,reviewed,us,us
2026-05-31T14:26:39.572Z,27.4636,139.8402,508.465,4.5,mb,67,113,8.088,0.71,us,us7000spp3,2026-05-31T14:49:11.040Z,"Bonin Islands, Japan region",earthquake,11.52,8.434,0.033,276,reviewed,us,us
2026-05-31T13:38:50.030Z,19.703,-63.5678,63,4.07,md,24,317,1.472,0.57,pr,pr2026151000,2026-05-31T14:09:14.907Z,"173 km NNW of The Valley, Anguilla",earthquake,6.81,22.34,0.11,17,reviewed,pr,pr
2026-05-31T13:04:28.120Z,18.1645,-66.920333333333,16.36,2.46,md,18,72,0.0618,0.26,pr,pr71518373,2026-05-31T13:16:05.370Z,"6 km ESE of Maricao, Puerto Rico",earthquake,0.43,0.83,0.20366770815994,7,reviewed,pr,pr
2026-05-31T12:37:12.170Z,-21.3934,-66.6399,226.05,4.5,mb,74,61,2.107,0.9,us,us7000spnj,2026-05-31T12:54:49.040Z,"66 km SW of Atocha, Bolivia",earthquake,8.54,7.398,0.039,193,reviewed,us,us
2026-05-31T12:36:46.271Z,40.3511,142.3484,44.842,4.3,mb,70,132,1.071,0.58,us,us7000spp8,2026-06-01T06:55:47.040Z,"52 km ENE of Kuji, Japan",earthquake,7.6,7.679,0.072,55,reviewed,us,us
2026-05-31T12:02:29.417Z,62.075,-151.261,73.2,2.5,ml,85,36,0.5,1.1,ak,aka2026krzjsy,2026-05-31T13:35:55.040Z,"11 km NE of Skwentna, Alaska",earthquake,2.3,4.0672,0.2,59,automatic,ak,ak
2026-05-31T10:58:53.073Z,40.3771,142.1211,58.297,4.2,mb,35,174,0.904,0.52,us,us7000spn7,2026-05-31T11:28:23.040Z,"36 km NE of Kuji, Japan",earthquake,4.71,8.211,0.118,20,reviewed,us,us
2026-05-31T10:51:46.961Z,12.0691,-88.2835,10,4.6,mb,54,152,1.392,1.34,us,us7000spn5,2026-05-31T11:17:58.040Z,"117 km SW of Jiquilillo, Nicaragua",earthquake,10.28,1.937,0.044,153,reviewed,us,us
2026-05-31T08:09:23.180Z,37.173332214355,-122.34700012207,12.619999885559,2.46,md,56,188,0.02517,0.14,nc,nc75368636,2026-05-31T19:45:25.587Z,"21 km WNW of Boulder Creek, CA",earthquake,0.35,0.419999987,0.16,66,automatic,nc,nc
2026-05-31T07:40:59.588Z,-31.6987,-69.3647,113.352,4.3,mb,54,46,0.611,0.67,us,us7000spmq,2026-05-31T08:14:13.040Z,"40 km S of Calingasta, Argentina",earthquake,5.2,5.324,0.094,32,reviewed,us,us
2026-05-31T06:21:09.650Z,36.610668182373,-121.12866973877,8.289999961853,2.55,md,57,48,0.05643,0.15,nc,nc75368616,2026-05-31T07:27:21.839Z,"9 km N of Pinnacles, CA",earthquake,0.22,0.579999983,0.15,59,automatic,nc,nc
2026-05-31T05:50:06.141Z,-31.0098,-65.6553,181.915,4.5,mb,31,86,1.317,0.64,us,us7000spmd,2026-05-31T07:54:56.040Z,"48 km S of Castro Barros, Argentina",earthquake,10.32,9.215,0.119,21,reviewed,us,us
2026-05-31T04:41:41.202Z,59.834,-153.744,167.6,3.2,ml,173,47,0.4,1,ak,aka2026krkrmg,2026-05-31T04:51:45.040Z,"20 km ENE of Pedro Bay, Alaska",earthquake,2.7,1.4199,0.3,100,automatic,ak,ak
2026-05-31T03:57:05.760Z,-24.0984,-179.7084,486.212,5,mb,44,110,5.367,0.69,us,us7000splv,2026-05-31T04:11:29.040Z,"south of the Fiji Islands",earthquake,12.16,8.547,0.107,28,reviewed,us,us
2026-05-31T02:48:01.280Z,-17.3616,167.751,35,5,mb,24,178,1.975,0.76,us,us7000splm,2026-05-31T03:04:02.040Z,"72 km NW of Port-Vila, Vanuatu",earthquake,10.33,1.943,0.126,20,reviewed,us,us
2026-05-31T02:21:28.991Z,14.1532,-92.4462,45.235,4.1,mb,25,174,2.137,0.89,us,us7000spli,2026-05-31T02:44:04.040Z,"48 km SW of Ocós, Guatemala",earthquake,10.73,10.595,0.084,39,reviewed,us,us
2026-05-31T01:19:39.330Z,31.478666666667,-115.65733333333,6.54,2.71,ml,8,133,0.5157,0.14,ci,ci10241278,2026-05-31T15:27:50.632Z,"90 km ESE of Maneadero, B.C., MX",earthquake,0.35,3.81,0.16239262614287,29,reviewed,ci,ci
2026-05-31T00:54:00.462Z,62.1963,-26.4033,10,4.9,mww,61,55,3.427,0.76,us,us7000spl8,2026-05-31T01:14:23.040Z,"271 km SW of Grindavík, Iceland",earthquake,8.67,1.868,0.063,24,reviewed,us,us
2026-05-31T00:22:29.523Z,60.91,-149.459,15.9,2.5,ml,94,49,0.2,1.3,ak,aka2026krcaud,2026-05-31T01:15:37.167Z,"3 km NW of Sunrise, Alaska",earthquake,2.4,1.9987,0.1,67,automatic,ak,ak
2026-05-30T22:45:51.647Z,-7.2968,147.4544,68.854,5,mb,61,62,2.115,0.77,us,us7000spkp,2026-05-30T23:23:45.040Z,"81 km SE of Lae, Papua New Guinea",earthquake,8.84,2.02,0.054,108,reviewed,us,us
2026-05-30T22:07:42.330Z,18.004166666667,-67.1535,13.06,3.05,md,24,213,0.02674,0.12,pr,pr71518303,2026-05-30T22:44:45.520Z,"3 km SSE of Boquerón, Puerto Rico",earthquake,0.41,0.2,0.13331980104966,14,reviewed,pr,pr
2026-05-30T21:32:09.490Z,36.036666870117,-121.23816680908,9.9300003051758,2.52,md,50,52,,0.14,nc,nc75368511,2026-05-30T22:27:27.346Z,"22 km SSW of King City, CA",earthquake,0.23,0.600000024,0.15,54,automatic,nc,nc
2026-05-30T21:27:25.699Z,11.9084,-59.1029,35,5.6,mww,90,34,1.306,1.19,us,us7000spkc,2026-05-31T21:54:23.050Z,"137 km SSE of Oistins, Barbados",earthquake,8.18,1.899,0.063,24,reviewed,us,us
2026-05-30T21:15:59.807Z,38.3564,73.8219,131.794,4.9,mb,80,78,1.052,0.94,us,us7000spkb,2026-05-30T21:35:21.040Z,"24 km NNW of Murghob, Tajikistan",earthquake,7.07,6.645,0.043,171,reviewed,us,us
2026-05-30T20:33:02.910Z,19.16233253479,-155.49465942383,30.520000457764,2.55,md,49,157,0.08569,0.109999999,hv,hv74972197,2026-05-30T20:36:36.360Z,"4 km SSW of Pāhala, Hawaii",earthquake,0.52,0.75999999,0.11883922136219,13,automatic,hv,hv
2026-05-30T17:42:15.330Z,17.946666666667,-66.751833333333,8.44,2.97,md,25,170,0.08214,0.27,pr,pr71518248,2026-05-30T17:58:37.360Z,"6 km SW of Tallaboa, Puerto Rico",earthquake,0.49,1.11,0.15105012869657,11,reviewed,pr,pr
2026-05-30T17:40:40.600Z,36.6851,70.8841,131.718,4.1,mb,26,245,2.064,0.69,us,us7000spjs,2026-05-31T15:35:15.040Z,"20 km SSE of Jurm, Afghanistan",earthquake,10.79,11.097,0.123,18,reviewed,us,us
2026-05-30T14:54:07.140Z,19.0678,-64.5625,25,3.56,md,19,272,0.5991,0.35,pr,pr2026150001,2026-05-30T15:23:13.520Z,"85 km NNE of Cruz Bay, U.S. Virgin Islands",earthquake,2.19,19.48,0.12,11,reviewed,pr,pr
2026-05-30T14:34:14.372Z,43.0767,143.7857,116.722,4.5,mb,52,126,1.158,0.9,us,us7000spjc,2026-05-30T16:28:04.040Z,"26 km SE of Ashoro, Japan",earthquake,7.66,6.684,0.056,94,reviewed,us,us
2026-05-30T14:21:09.256Z,16.3879,119.2212,10,4.6,mb,49,103,6.632,0.68,us,us7000spj5,2026-05-30T14:41:49.040Z,"63 km W of Catuday, Philippines",earthquake,9.33,1.857,0.089,42,reviewed,us,us
2026-05-30T13:58:51.222Z,66.064,-150.402,9.9,2.8,ml,43,34,0.4,1.5,ak,aka2026kqhgbw,2026-05-30T14:28:45.040Z,"59 km W of Stevens Village, Alaska",earthquake,3.6,2.8248,0.4,2,automatic,ak,ak
2026-05-30T13:15:09.763Z,6.018,126.6311,10,4.6,mb,51,106,1.478,1.35,us,us7000spit,2026-05-30T14:21:57.040Z,"62 km SE of Pondaguitan, Philippines",earthquake,8.57,1.871,0.077,55,reviewed,us,us
2026-05-30T12:34:21.430Z,17.9278,-68.6006,80,3.61,md,16,232,0.6257,0.32,pr,pr2026150000,2026-05-31T06:04:14.040Z,"49 km S of Boca de Yuma, Dominican Republic",earthquake,2.57,2.98,0.06,11,reviewed,pr,pr
2026-05-30T11:06:52.334Z,13.8975,51.7816,10,5,mww,39,61,7.2,0.79,us,us7000spie,2026-06-01T13:35:46.040Z,"195 km NNW of Kilmia, Yemen",earthquake,10.26,1.889,0.083,14,reviewed,us,us
2026-05-30T11:06:11.345Z,12.0087,-88.2604,10,4.8,mb,44,167,1.453,0.94,us,us7000spid,2026-05-30T11:21:25.040Z,"119 km SW of Jiquilillo, Nicaragua",earthquake,10.65,1.955,0.034,266,reviewed,us,us
2026-05-30T10:36:06.571Z,52.5145,160.9585,18.817,4.3,mb,25,121,2.066,1.07,us,us7000spic,2026-05-30T12:45:44.040Z,"168 km ESE of Petropavlovsk-Kamchatsky, Russia",earthquake,8.21,4.053,0.109,24,reviewed,us,us
2026-05-30T09:09:01.179Z,59.611,-153.263,114,2.7,ml,137,56,0,1,ak,aka2026kpxopu,2026-05-30T12:40:10.040Z,"51 km ESE of Pedro Bay, Alaska",earthquake,3,1.6545,0.3,96,automatic,ak,ak
2026-05-30T08:28:29.859Z,31.604,-103.954,8.5992,2.7,ml,24,58,0,0.1,tx,tx2026koeaof,2026-05-30T15:11:38.888Z,"35 km WSW of Mentone, Texas",earthquake,0.41635898895722,0.48229942412548,0.2,28,reviewed,tx,tx
2026-05-30T08:13:37.850Z,19.632166666667,-64.974666666667,29.03,3.41,md,9,288,1.251,0.27,pr,pr71518183,2026-05-30T10:36:52.120Z,"142 km N of Charlotte Amalie, U.S. Virgin Islands",earthquake,1.55,21.67,0.063559403139265,6,reviewed,pr,pr
2026-05-30T06:57:55.190Z,52.526166666667,-169.8105,6.45,3.16,ml,5,330,0.2663,0.04,av,av94215518,2026-05-31T00:17:34.860Z,"78 km SW of Nikolski, Alaska",earthquake,0.92,0.67,0.28213967257924,5,reviewed,av,av
2026-05-30T05:48:47.991Z,-21.5931,-69.9976,48.474,4.5,mb,55,125,0.288,0.72,us,us7000spha,2026-05-30T06:14:35.040Z,"58 km NNE of Tocopilla, Chile",earthquake,3.86,4.277,0.075,52,reviewed,us,us
2026-05-30T05:48:13.574Z,6.1379,126.802,10,4.6,mb,36,108,1.527,0.81,us,us7000sphm,2026-05-30T07:22:38.040Z,"73 km ESE of Pondaguitan, Philippines",earthquake,11.47,1.898,0.095,33,reviewed,us,us
2026-05-30T05:07:57.321Z,51.3306,-177.8386,35,3.7,mb,38,202,0.427,0.56,us,us7000sph9,2026-05-30T05:57:28.040Z,"103 km SW of Adak, Alaska",earthquake,3.13,1.978,0.145,12,reviewed,us,us
2026-05-30T05:03:07.677Z,51.2215,175.0062,10,3.7,mb,33,254,1.611,0.46,us,us7000sph8,2026-05-30T06:45:05.040Z,"219 km SE of Attu Station, Alaska",earthquake,4.68,2.024,0.105,23,reviewed,us,us
2026-05-30T04:57:36.265Z,36.838,70.6685,206.181,4.1,mb,18,238,2.062,0.45,us,us7000sph4,2026-05-30T05:29:05.040Z,"15 km WSW of Jurm, Afghanistan",earthquake,8.36,12.532,0.185,8,reviewed,us,us
2026-05-30T04:38:13.030Z,18.029166666667,-66.672333333333,14.88,2.65,md,20,120,0.06434,0.37,pr,pr71518178,2026-05-30T10:33:26.370Z,"3 km SE of Tallaboa Alta, Puerto Rico",earthquake,0.62,0.83,0.13703776080814,13,reviewed,pr,pr
2026-05-30T04:09:15.250Z,-18.1028,-71.6565,35,4.2,mb,15,210,1.277,0.6,us,us7000sph0,2026-05-30T04:29:53.040Z,"60 km SSW of Pacocha, Peru",earthquake,8.41,2.007,0.215,6,reviewed,us,us
2026-05-30T03:38:01.393Z,62.286,-149.651,59.4,2.7,ml,88,24,0.3,0.8,ak,aka2026kpmnsd,2026-05-30T03:50:31.040Z,"17 km NE of Susitna North, Alaska",earthquake,1.8,3.2981,0.2,11,automatic,ak,ak
2026-05-30T02:56:08.331Z,61.997,-147.861,12.5,2.9,ml,115,30,0.2,1.3,ak,aka2026kpldke,2026-05-30T03:32:23.040Z,"23 km NNW of Glacier View, Alaska",earthquake,1.5,1.6658,0.2,16,automatic,ak,ak
2026-05-30T02:38:16.915Z,61.533,-150.92,76.7,3,ml,56,43,0.6,0.8,ak,aka2026kpknxx,2026-05-30T03:14:39.040Z,"21 km W of Susitna, Alaska",earthquake,3.2,3.2931,0.3,4,automatic,ak,ak
2026-05-30T02:02:57.792Z,58.3472,-141.9713,10,2.6,ml,34,151,1.964,0.71,us,us7000spgp,2026-05-30T02:33:05.040Z,"185 km SW of Yakutat, Alaska",earthquake,6.61,1.996,0.049,54,reviewed,us,us
2026-05-30T01:55:48.160Z,35.3,-117.80666666667,7.38,3.17,ml,65,33,0.04563,0.16,ci,ci41476840,2026-05-31T14:42:23.785Z,"18 km WSW of Johannesburg, CA",earthquake,0.13,0.39,0.17552988203808,186,reviewed,ci,ci
2026-05-30T01:48:43.916Z,-22.0917,-68.7166,122.515,4.2,mb,18,58,0.569,0.65,us,us7000spgl,2026-05-30T02:27:12.040Z,"45 km NNE of Calama, Chile",earthquake,3.91,6.706,0.176,9,reviewed,us,us
2026-05-30T00:57:27.296Z,51.6271,-177.2481,10,2.7,ml,18,194,0.135,0.35,us,us7000spks,2026-05-31T00:13:43.040Z,"50 km WSW of Adak, Alaska",earthquake,1.46,1.901,0.115,10,reviewed,us,us
2026-05-30T00:38:14.852Z,-59.1715,-26.3858,95.738,5,mb,44,97,24.45,0.55,us,us7000spgb,2026-05-30T01:01:41.040Z,"South Sandwich Islands region",earthquake,14.89,3.278,0.086,43,reviewed,us,us
2026-05-30T00:31:42.149Z,11.2287,-62.2793,134.269,4.7,mb,64,40,3.27,0.76,us,us7000spga,2026-05-30T01:25:48.750Z,"72 km N of Güiria, Venezuela",earthquake,9.26,7.672,0.043,162,reviewed,us,us
2026-05-29T23:21:04.782Z,31.604,-103.957,8.3429,2.7,ml,25,54,0,0.1,tx,tx2026knlxkn,2026-05-29T23:46:16.743Z,"35 km NNW of Toyah, Texas",earthquake,0.36562600524694,0.4105155348071,0.2,43,reviewed,tx,tx
2026-05-29T23:17:03.497Z,-2.9833,147.7323,10,4.8,mb,43,59,1.003,0.96,us,us7000spg0,2026-05-29T23:54:49.040Z,"116 km SSE of Lorengau, Papua New Guinea",earthquake,6.79,1.871,0.071,62,reviewed,us,us
2026-05-29T22:56:30.843Z,-41.7609,174.4175,16.892,4.5,mb,40,70,0.408,1.37,us,us7000spft,2026-05-30T03:06:22.040Z,"46 km ESE of Witherlea, New Zealand",earthquake,3.5,5.757,0.27,4,reviewed,us,us
2026-05-29T21:21:44.016Z,0.9071,-29.1814,10,5.2,mww,33,94,9.475,1.04,us,us7000spfj,2026-05-29T22:08:34.040Z,"central Mid-Atlantic Ridge",earthquake,10.9,1.885,0.069,20,reviewed,us,us
2026-05-29T20:32:38.953Z,31.693,-104.299,7.3816,3.4,ml,31,85,0,0.1,tx,tx2026knggbt,2026-05-30T20:52:24.251Z,"54 km S of Whites City, New Mexico",earthquake,0.74389118255139,0.71893659081502,0.1,25,reviewed,tx,tx
2026-05-29T20:01:52.530Z,48.872,-122.494,20.37,2.56,ml,40,68,0.01402,0.2,uw,uw62252817,2026-05-30T18:49:13.960Z,"7 km ENE of Ferndale, Washington",earthquake,0.25,0.42,0.20498967106138,65,reviewed,uw,uw
2026-05-29T19:54:24.458Z,1.5884,128.661,10,4.4,mb,20,124,5.737,0.84,us,us7000spey,2026-05-29T20:10:40.040Z,"74 km ESE of Tobelo, Indonesia",earthquake,8.9,1.901,0.13,17,reviewed,us,us
2026-05-29T19:18:21.679Z,54.5074,-159.9411,35,3.2,mb,22,161,1.54,0.82,us,us7000spee,2026-05-29T23:00:24.355Z,"98 km SSE of Sand Point, Alaska",earthquake,6.32,2.005,0.215,5,reviewed,us,us
2026-05-29T16:47:49.386Z,-24.9835,179.7888,499.352,4.6,mb,49,78,4.706,0.88,us,us7000spdj,2026-05-29T17:05:50.040Z,"south of the Fiji Islands",earthquake,12.04,8.317,0.057,93,reviewed,us,us
2026-05-29T16:05:58.630Z,50.0568,159.5123,10,5.2,mb,64,116,3.258,0.8,us,us7000spd9,2026-05-29T16:25:37.040Z,"250 km ESE of Severo-Kuril’sk, Russia",earthquake,9.57,1.873,0.028,427,reviewed,us,us
2026-05-29T15:33:45.428Z,56.1455,-149.0854,10,3.4,ml,23,234,2.523,0.6,us,us7000spd2,2026-05-29T15:44:25.040Z,"254 km SE of Chiniak, Alaska",earthquake,10.5,2.02,0.074,24,reviewed,us,us
2026-05-29T15:20:29.551Z,26.9217,125.4642,230.343,4.2,mb,38,66,2.51,0.96,us,us7000spd5,2026-05-29T18:03:07.040Z,"234 km WNW of Naha, Japan",earthquake,8.48,8.258,0.106,25,reviewed,us,us
2026-05-29T14:36:55.425Z,36.4972,25.7887,10,4.1,mb,20,81,1.41,0.73,us,us7000spb7,2026-05-29T15:14:33.040Z,"32 km ENE of Mesariá, Greece",earthquake,5.05,1.914,0.214,6,reviewed,us,us
2026-05-29T14:34:43.967Z,-3.5004,122.3461,10,4.9,mb,21,46,2.992,1.27,us,us7000spb8,2026-05-29T15:01:40.040Z,"56 km NNW of Kendari, Indonesia",earthquake,8.86,1.553,0.169,12,reviewed,us,us
2026-05-29T13:56:57.133Z,54.5329,-160.0106,40.595,4,mb,29,192,1.493,0.54,us,us7000spb0,2026-05-29T18:39:36.324Z,"94 km SSE of Sand Point, Alaska",earthquake,7.38,9.953,0.184,9,reviewed,us,us
2026-05-29T13:48:51.875Z,60.5971,-139.9039,5,2.7,ml,14,121,0.587,0.99,us,us7000spau,2026-05-29T14:22:00.040Z,"117 km N of Yakutat, Alaska",earthquake,4.02,2.002,0.069,28,reviewed,us,us
2026-05-29T13:37:13.312Z,43.923,147.967,35,4.6,mb,64,127,3.881,0.61,us,us7000spar,2026-05-29T14:08:07.040Z,"101 km E of Shikotan, Russia",earthquake,10.18,1.916,0.061,81,reviewed,us,us
2026-05-29T12:49:50.185Z,32.508,-101.195,6.3721,2.8,ml,36,68,0,0.1,tx,tx2026kmqxdn,2026-05-29T13:30:31.783Z,"24 km NW of Westbrook, Texas",earthquake,0.58901032003973,0.91194645740333,0.1,19,reviewed,tx,tx
2026-05-29T12:25:53.648Z,-13.758,-72.4559,99.854,4.8,mb,83,107,4.625,0.6,us,us7000sp99,2026-05-29T12:46:18.040Z,"13 km NNE of Palpacachi, Peru",earthquake,9.64,7.776,0.037,233,reviewed,us,us
2026-05-29T12:22:54.128Z,23.4621,93.722,57.374,4.3,mb,32,126,2.503,0.68,us,us7000sp9a,2026-05-29T12:58:49.040Z,"60 km N of Falam, Burma (Myanmar)",earthquake,10.75,7.066,0.125,18,reviewed,us,us
2026-05-29T10:15:35.767Z,52.9336,-173.0433,230.498,4,mb,56,136,1.017,0.52,us,us7000sp8x,2026-05-29T17:58:26.581Z,"113 km NE of Atka, Alaska",earthquake,8.45,13.468,0.084,38,reviewed,us,us
2026-05-29T10:04:04.832Z,1.0041,126.1429,59.378,4.7,mb,47,94,6.051,0.61,us,us7000sp8u,2026-05-29T17:22:31.040Z,"122 km ESE of Bitung, Indonesia",earthquake,9.8,7.557,0.084,43,reviewed,us,us
2026-05-29T09:08:47.514Z,-8.1696,-73.9355,197.29,4.5,mb,23,102,4.752,0.76,us,us7000sp8n,2026-05-29T17:26:52.040Z,"70 km ENE of San Fernando, Peru",earthquake,11.5,15.696,0.156,12,reviewed,us,us
2026-05-29T08:54:14.809Z,0.6186,100.052,170.419,4.5,mb,59,43,2.568,0.85,us,us7000sp8m,2026-05-29T11:44:27.040Z,"108 km NNW of Bukittinggi, Indonesia",earthquake,8.28,6.807,0.078,48,reviewed,us,us
2026-05-29T08:15:11.417Z,41.6125,73.9414,10,4.6,mb,79,74,0.38,0.92,us,us7000sp8f,2026-05-29T08:35:33.040Z,"24 km NNW of Kazarman, Kyrgyzstan",earthquake,4.06,1.381,0.06,83,reviewed,us,us
2026-05-29T06:55:52.924Z,42.2295,88.3187,10,5.3,mb,98,54,6.441,1.33,us,us7000sp82,2026-05-29T07:16:30.040Z,"106 km SW of Turpan, China",earthquake,7.22,1.794,0.036,258,reviewed,us,us
2026-05-29T06:22:02.145Z,32.105,-101.916,8.9111,2.6,ml,83,54,0.1,0.1,tx,tx2026kmecmd,2026-05-29T12:18:34.040Z,"12 km WSW of Stanton, Texas",earthquake,0.23254203602479,0.43886613102601,0.1,42,reviewed,tx,tx
2026-05-29T05:32:39.548Z,-18.4158,-71.4602,10,5.1,mb,71,135,1.063,1.65,us,us7000sp7p,2026-05-29T05:52:57.040Z,"86 km S of Pacocha, Peru",earthquake,6.33,1.874,0.031,328,reviewed,us,us
2026-05-29T04:55:50.675Z,-22.6736,-66.2832,258.172,4.4,mb,33,76,1.771,0.78,us,us7000sp7m,2026-05-29T05:19:20.040Z,"60 km W of Abra Pampa, Argentina",earthquake,9.34,8.69,0.108,25,reviewed,us,us
2026-05-29T03:58:44.860Z,36.98,-90.406166666667,4.85,2.64,md,59,82,0.202,0.16,nm,nm60621981,2026-05-29T14:30:47.089Z,"12 km E of Williamsville, Missouri",earthquake,0.26,1.73,0.041867813671286,32,reviewed,nm,nm
2026-05-29T02:00:57.440Z,35.299666666667,-117.81083333333,7.98,3.36,ml,75,33,0.04306,0.15,ci,ci41476264,2026-05-29T17:48:01.290Z,"18 km WSW of Johannesburg, CA",earthquake,0.12,0.39,0.14071953814818,350,reviewed,ci,ci
2026-05-29T01:10:59.180Z,2.0401,96.8764,27.75,4.7,mb,70,71,1.012,0.8,us,us7000sp6y,2026-05-29T02:26:20.040Z,"73 km SE of Sinabang, Indonesia",earthquake,8.14,5.223,0.07,63,reviewed,us,us
2026-05-29T01:00:03.000Z,28.471,-80.538,0,2.5,ml,0,,,0.46,us,us7000spdd,2026-05-31T17:14:15.215Z,"Blue Origin New Glenn rocket explosion",accidental explosion,4.14,1.987,0.148,6,reviewed,us,us
2026-05-29T00:38:46.185Z,59.92,-152.979,121.6,2.5,ml,90,69,0.1,0.6,ak,aka2026knknoo,2026-05-29T01:16:52.040Z,"64 km ENE of Pedro Bay, Alaska",earthquake,3.9,1.8482,0.3,8,automatic,ak,ak
2026-05-29T00:26:36.673Z,51.2161,-178.3211,37.63,4.1,mb,50,194,0.458,0.88,us,us7000sp6v,2026-05-29T03:39:10.045Z,"138 km WSW of Adak, Alaska",earthquake,2.84,8.229,0.059,78,reviewed,us,us
2026-05-28T22:00:13.682Z,42.7975,18.2845,10,4.3,mb,39,42,1.799,0.95,us,us7000sp6l,2026-05-29T07:53:43.371Z,"10 km NNW of Trebinje, Bosnia and Herzegovina",earthquake,4.58,1.941,0.239,5,reviewed,us,us
2026-05-28T20:59:11.905Z,-8.0054,109.0459,81.1,4.6,mb,42,65,1.485,0.67,us,us7000sp6e,2026-05-29T14:47:13.040Z,"31 km S of Cilacap, Indonesia",earthquake,9.12,7.106,0.09,37,reviewed,us,us
2026-05-28T20:58:55.420Z,41.861666666667,-112.7755,3.42,3.1,ml,28,201,0.08193,0.24,uu,uu80141251,2026-05-30T21:03:48.757Z,"12 km SSW of Snowville, Utah",earthquake,0.66,0.83,0.20163675938687,19,reviewed,uu,uu
2026-05-28T20:51:29.660Z,40.630832672119,-125.50816345215,3.789999961853,2.99,md,30,313,0.9431,0.16,nc,nc75367686,2026-05-29T14:33:32.040Z,"105 km W of Ferndale, CA",earthquake,7.55,12.9099998,0.12,14,automatic,nc,nc
2026-05-28T20:37:55.132Z,52.243,-169.463,22,2.5,ml,11,287,0.6,0.5,ak,aka2026kncnae,2026-05-29T23:33:33.452Z,"87 km SSW of Nikolski, Alaska",earthquake,10.4,6.8083,0.2,8,reviewed,ak,ak
2026-05-28T19:04:40.560Z,37.1209,-115.3271,7.1042,2.52,ml,25,191,0.276,0.1589,nn,nn00919340,2026-05-28T19:33:12.040Z,"30 km SSW of Alamo, Nevada",earthquake,,3.5022,0.22,13,reviewed,nn,nn
2026-05-28T18:17:23.465Z,32.284,-104.6458,5.101,3,ml,31,49,0.253,0.49,us,us7000sp51,2026-05-28T18:27:43.040Z,"28 km WNW of Whites City, New Mexico",earthquake,1.98,4.685,0.059,38,reviewed,us,us
2026-05-28T18:15:04.804Z,51.838,-170.446,20,3.1,ml,17,232,1,1,ak,aka2026kmxtgz,2026-05-29T23:09:29.178Z,"163 km SW of Nikolski, Alaska",earthquake,10.9,0,0.1,13,reviewed,ak,ak
2026-05-28T18:11:09.510Z,58.823,-154.093,113.7,2.8,ml,116,46,0.3,0.6,ak,aka2026kmxprq,2026-05-29T23:06:27.000Z,"79 km SSE of Kokhanok, Alaska",earthquake,3.5,1.3835,0.3,84,reviewed,ak,ak
2026-05-28T17:57:19.445Z,12.4385,143.5219,36.098,4.7,mb,56,120,3.547,0.61,us,us7000sp4x,2026-05-28T18:35:56.040Z,"154 km SW of Merizo Village, Guam",earthquake,12.35,7.824,0.054,106,reviewed,us,us
2026-05-28T16:18:09.965Z,19.6577,-109.4358,10,5.3,mww,54,190,7.735,1.13,us,us7000sp4a,2026-05-28T16:35:53.040Z,"Revilla Gigedo Islands region",earthquake,9.45,1.94,0.065,23,reviewed,us,us
2026-05-28T16:02:32.240Z,44.259,-120.878,-1.33,2.48,ml,18,192,0.1887,0.16,uw,uw62251792,2026-05-28T23:41:52.820Z,"5 km SW of Prineville, Oregon",explosion,0.62,31.61,0.11143683534607,10,reviewed,uw,uw
2026-05-28T15:20:47.195Z,51.373,-178.493,5.8,2.6,ml,15,223,0.4,0.7,ak,aka2026kmryah,2026-05-28T19:19:31.711Z,"140 km WSW of Adak, Alaska",earthquake,11.1,3.3247,0.2,12,reviewed,ak,ak
2026-05-28T15:07:48.099Z,-56.4113,-26.5457,79.985,4.8,mb,38,102,6.059,1.02,us,us7000sp42,2026-05-28T16:37:19.040Z,"South Sandwich Islands region",earthquake,13.52,6.979,0.096,34,reviewed,us,us
2026-05-28T14:51:09.610Z,40.241333007812,-122.07683563232,9.6599998474121,2.84,md,34,35,0.04969,0.16,nc,nc75370372,2026-05-28T21:07:25.176Z,"15 km ENE of Red Bluff, CA",earthquake,0.28,0.709999979,0.16,38,automatic,nc,nc
2026-05-28T14:47:36.444Z,60.9704,-165.606,10,2.8,ml,15,235,1.069,0.29,us,us7000sp3n,2026-05-28T14:55:50.040Z,"47 km NNW of Tununak, Alaska",earthquake,6.97,2.007,0.074,24,reviewed,us,us
2026-05-28T14:42:55.942Z,-20.7087,-178.4335,565.094,4.4,mb,48,127,4.44,0.81,us,us7000sp3p,2026-05-28T18:16:24.040Z,"Fiji region",earthquake,14.66,3.345,0.065,70,reviewed,us,us
2026-05-28T13:41:55.793Z,31.634,-104.367,6.0999,3.1,ml,34,72,0.1,0.2,tx,tx2026kkwzra,2026-05-28T13:53:02.843Z,"60 km S of Whites City, New Mexico",earthquake,0.87073599634074,0.89397357272942,0.1,26,reviewed,tx,tx
2026-05-28T13:11:24.912Z,51.6442,-175.8963,43.618,3.3,ml,19,214,0.343,0.37,us,us7000sp5p,2026-05-29T17:21:28.040Z,"56 km ESE of Adak, Alaska",earthquake,5.18,13.188,0.115,10,reviewed,us,us
2026-05-28T12:35:40.163Z,-6.5891,132.0189,10,4.9,mb,53,40,2.94,1.16,us,us7000sp29,2026-05-28T13:18:12.040Z,"133 km SW of Tual, Indonesia",earthquake,6.9,1.873,0.085,43,reviewed,us,us
2026-05-28T11:48:35.345Z,39.3251,-119.0524,5,3.72,mwr,21,145,0.075,0.1086,nn,nn00919312,2026-05-29T12:04:52.739Z,"17 km SE of Silver Springs, Nevada",earthquake,,1.017,,,reviewed,nn,nn
2026-05-28T11:35:47.346Z,-20.3052,-70.1869,76.917,3.7,ml,13,169,0.063,0.63,us,us7000sp22,2026-06-01T14:17:01.040Z,"6 km WSW of La Tirana, Chile",earthquake,5.15,3.587,0.074,24,reviewed,us,us
2026-05-28T11:16:08.005Z,51.523,-175.842,27.6,3.3,ml,27,225,0.5,0.4,ak,aka2026kmjtur,2026-05-28T19:02:40.414Z,"67 km SE of Adak, Alaska",earthquake,8.5,3.3654,0.2,21,reviewed,ak,ak
2026-05-28T09:41:10.963Z,-20.0493,168.2222,10,4.7,mb,39,68,2.651,0.9,us,us7000sp1m,2026-05-28T10:43:27.040Z,"124 km WSW of Isangel, Vanuatu",earthquake,6.51,1.886,0.11,31,reviewed,us,us
2026-05-28T09:41:05.430Z,32.258333333333,-116.99883333333,19.68,2.99,ml,40,152,0.2555,0.23,ci,ci41475896,2026-06-01T05:32:29.056Z,"9 km WNW of Primo Tapia, B.C., MX",earthquake,0.44,0.98,0.15573395516345,125,reviewed,ci,ci
2026-05-28T08:46:58.230Z,51.5576,-175.8819,35,3.4,ml,23,210,0.43,0.61,us,us7000sp59,2026-05-30T07:02:55.040Z,"62 km SE of Adak, Alaska",earthquake,3.31,2.001,0.105,12,reviewed,us,us
2026-05-28T08:45:26.675Z,59.077,-152.459,58.6,3.3,ml,167,78,0.5,1,ak,aka2026kmetfk,2026-05-28T18:47:19.222Z,"43 km SW of Nanwalek, Alaska",earthquake,2.2,2.4002,0.1,115,reviewed,ak,ak
2026-05-28T08:39:25.257Z,51.5133,-176.3263,35,2.7,ml,17,225,0.353,0.37,us,us7000sp5e,2026-05-30T07:00:26.040Z,"45 km SSE of Adak, Alaska",earthquake,4.21,1.996,0.128,8,reviewed,us,us
2026-05-28T08:06:54.264Z,-7.3627,119.5484,444.62,4.1,mb,18,97,2.279,0.94,us,us7000sp1c,2026-05-28T08:23:53.040Z,"130 km NNW of Labuan Bajo, Indonesia",earthquake,14.98,9.576,0.135,15,reviewed,us,us
2026-05-28T07:28:03.298Z,51.389,-175.898,25.3,2.6,ml,18,235,0.6,0.7,ak,aka2026kmceaw,2026-05-28T18:38:48.872Z,"74 km SE of Adak, Alaska",earthquake,9.6,4.074,0.1,13,reviewed,ak,ak
2026-05-28T06:30:57.232Z,53.429,-166.996,3.8,2.5,ml,22,214,0.4,0.4,ak,aka2026kmagnp,2026-05-28T06:45:57.256Z,"58 km SSW of Unalaska, Alaska",earthquake,8.2,4.879,0.2,18,reviewed,ak,ak
2026-05-28T05:03:41.885Z,51.4705,-179.5111,72.178,3.3,ml,16,184,0.443,0.18,us,us7000sp10,2026-05-28T08:27:48.040Z,"204 km WSW of Adak, Alaska",earthquake,4.11,7.703,0.085,18,reviewed,us,us
2026-05-28T04:36:25.393Z,85.2028,12.6084,10,4.2,mb,21,86,4.847,1.23,us,us7000sphk,2026-05-30T06:47:55.040Z,"north of Svalbard",earthquake,10.38,1.932,0.137,15,reviewed,us,us
2026-05-28T04:25:36.364Z,60.3978,-139.4647,5,2.6,ml,21,123,0.872,0.7,us,us7000sp0c,2026-05-28T06:33:42.816Z,"95 km N of Yakutat, Alaska",earthquake,4.81,1.682,0.05,52,reviewed,us,us
2026-05-28T03:16:28.718Z,51.34,-177.45,26.5,2.5,ml,22,219,0.4,0.4,ak,aka2026klttxg,2026-05-28T06:16:34.232Z,"82 km SW of Adak, Alaska",earthquake,9,3.628,0.1,17,reviewed,ak,ak
2026-05-28T02:44:13.963Z,64.621,-151.042,11.6,2.6,ml,54,26,0.7,1.4,ak,aka2026klsryu,2026-05-28T05:53:45.662Z,"46 km SSW of Manley Hot Springs, Alaska",earthquake,2.4,2.4687,0.2,37,reviewed,ak,ak
2026-05-28T02:37:50.460Z,33.1393,96.1517,10,4.7,mb,111,47,5.492,0.73,us,us7000snzw,2026-05-28T05:26:32.040Z,"242 km NNW of Qamdo, China",earthquake,8.19,1.856,0.058,89,reviewed,us,us
2026-05-28T02:28:43.712Z,16.456,119.2658,10,4.4,mb,42,107,6.555,0.56,us,us7000snzu,2026-05-28T04:42:44.040Z,"60 km WNW of Catuday, Philippines",earthquake,10.3,1.902,0.094,33,reviewed,us,us
2026-05-28T02:24:37.901Z,60.614,-151.202,66,2.5,ml,78,45,0.1,0.9,ak,aka2026klsaxu,2026-05-28T05:42:43.550Z,"6 km E of Salamatof, Alaska",earthquake,2.2,2.2676,0.2,55,reviewed,ak,ak
2026-05-28T02:23:59.099Z,18.9729,-107.8032,10,4.1,mb,26,205,6.246,1.37,us,us7000snzs,2026-05-28T02:47:43.040Z,"271 km WSW of La Cruz de Loreto, Mexico",earthquake,7.17,1.968,0.096,30,reviewed,us,us
2026-05-28T01:46:18.726Z,-10.451,124.473,10,5.1,mb,41,72,0.72,1.02,us,us7000snzn,2026-05-28T01:59:46.040Z,"68 km SSE of Soe, Indonesia",earthquake,5.55,1.87,0.088,42,reviewed,us,us
2026-05-28T01:40:17.620Z,18.009833333333,-66.665833333333,15.21,2.6,md,28,129,0.0585,0.17,pr,pr71517988,2026-05-28T01:53:34.620Z,"4 km W of Ponce, Puerto Rico",earthquake,0.3,0.37,0.25529641534398,16,reviewed,pr,pr
2026-05-28T01:23:30.120Z,51.271,-179.515,42.3,3,ml,32,207,0.5,0.5,ak,aka2026klpzyj,2026-05-28T05:35:16.674Z,"210 km WSW of Adak, Alaska",earthquake,10.2,9.9155,0.2,25,reviewed,ak,ak
2026-05-28T01:00:38.057Z,-22.504,-68.7827,111.178,4.1,mb,20,67,0.714,0.66,us,us7000snzj,2026-05-28T03:23:38.040Z,"15 km ESE of Calama, Chile",earthquake,3.35,5.735,0.213,6,reviewed,us,us
2026-05-28T00:48:12.120Z,19.279,-64.837166666667,19.98,3.14,md,5,289,0.8786,0.11,pr,pr71517978,2026-05-28T01:08:13.960Z,"104 km N of Charlotte Amalie, U.S. Virgin Islands",earthquake,1.08,12.63,0.022795719505036,4,reviewed,pr,pr
2026-05-28T00:25:21.947Z,51.7852,-175.9331,58.274,5.2,mb,72,135,0.202,0.95,us,us7000snz9,2026-06-01T00:35:25.941Z,"49 km ESE of Adak, Alaska",earthquake,4.86,4.765,0.032,320,reviewed,us,us
2026-05-28T00:16:48.439Z,60.27,-150.849,65.7,3.4,ml,196,68,0.4,0.9,ak,aka2026klnucr,2026-05-29T00:35:19.715Z,"24 km ESE of Kasilof, Alaska",earthquake,1.7,1.8664,0.1,132,reviewed,ak,ak
2026-05-27T23:07:47.080Z,35.316833333333,-117.807,6.99,2.79,ml,57,33,0.05864,0.18,ci,ci41475744,2026-05-28T14:19:46.620Z,"17 km WSW of Johannesburg, CA",earthquake,0.15,0.52,0.17706111462033,142,reviewed,ci,ci
2026-05-27T22:49:36.890Z,40.686500549316,-121.45850372315,-1.9900000095367,2.51,md,19,45,0.1101,0.15,nc,nc75370067,2026-05-28T01:57:23.832Z,"26 km NE of Viola, CA",earthquake,0.31,2.1500001,0.09,17,automatic,nc,nc
2026-05-27T22:48:57.120Z,47.374,-122.698,25.84,2.84,ml,86,25,0.04546,0.13,uw,uw62251617,2026-05-29T16:48:41.426Z,"4 km W of Wauna, Washington",earthquake,0.17,0.29,0.18179045117168,100,reviewed,uw,uw
2026-05-27T22:29:32.060Z,33.0681,96.3179,10,4.1,mb,35,90,5.562,0.96,us,us7000sp0q,2026-05-31T20:31:10.040Z,"229 km NNW of Qamdo, China",earthquake,10.27,1.95,0.111,22,reviewed,us,us
2026-05-27T21:50:23.134Z,51.7652,178.1781,66.334,2.5,ml,19,293,0.31,0.43,us,us7000snz3,2026-05-28T00:01:32.040Z,"Rat Islands, Aleutian Islands, Alaska",earthquake,10.04,9.376,0.097,14,reviewed,us,us
2026-05-27T21:37:38.918Z,-58.1685,-26.017,98.847,4.6,mb,45,87,7.014,0.72,us,us7000snyb,2026-05-27T22:18:30.040Z,"South Sandwich Islands region",earthquake,13.29,7.414,0.112,24,reviewed,us,us
2026-05-27T21:11:14.688Z,60.521,-140,10,2.5,ml,21,103,0.6,1.2,ak,aka2026klhpix,2026-05-27T23:34:23.844Z,"109 km N of Yakutat, Alaska",earthquake,4.3,0,0.1,20,reviewed,ak,ak
2026-05-27T20:46:55.320Z,-43.0511,176.6935,10,4.4,mb,37,87,1.841,0.67,us,us7000snxz,2026-05-29T14:24:48.040Z,"206 km SSE of Waipawa, New Zealand",earthquake,6.07,1.94,0.191,10,reviewed,us,us
2026-05-27T20:18:26.440Z,34.42283333,-97.4645,4.91,2.45,ml,98,41,0,0.44,ok,ok2026kihq,2026-05-27T20:47:03.696Z,"5 km SE of Ratliff City, Oklahoma",earthquake,,0.9,0.25,44,reviewed,ok,ok
2026-05-27T19:56:37.073Z,61.648,-149.432,29,2.5,ml,77,32,0.1,0.9,ak,aka2026klfcmz,2026-05-27T23:26:30.201Z,"2 km N of Tanaina, Alaska",earthquake,1.9,1.0369,0.2,52,reviewed,ak,ak
2026-05-27T19:48:46.527Z,51.1636,-178.5483,35,2.5,ml,24,212,0.424,0.51,us,us7000snyz,2026-05-28T21:20:27.040Z,"154 km WSW of Adak, Alaska",earthquake,3.97,2.005,0.091,16,reviewed,us,us
2026-05-27T19:09:53.651Z,-18.0405,-176.563,10,5.3,mww,133,123,4.185,0.5,us,us7000snxg,2026-05-28T20:52:28.040Z,"280 km WNW of Neiafu, Tonga",earthquake,11.49,1.8,0.11,8,reviewed,us,us
2026-05-27T18:53:05.960Z,60.447,-139.516,5,2.5,ml,25,91,0.8,1.8,ak,aka2026klczrc,2026-05-27T23:14:26.395Z,"100 km N of Yakutat, Alaska",earthquake,4.6,0,0.2,19,reviewed,ak,ak
2026-05-27T18:51:26.962Z,54.4334,-161.8746,17.926,2.7,ml,33,221,0.599,0.93,us,us7000snyx,2026-05-28T20:49:32.040Z,"75 km SSE of King Cove, Alaska",earthquake,4.03,10.975,0.097,14,reviewed,us,us
2026-05-27T18:24:25.040Z,35.316333333333,-117.814,7.77,2.86,ml,64,33,0.05531,0.18,ci,ci41475576,2026-05-27T20:23:44.110Z,"17 km WSW of Johannesburg, CA",earthquake,0.14,0.47,0.20291425996524,138,reviewed,ci,ci
2026-05-27T18:17:48.660Z,50.6317,-174.0197,10,3,ml,19,290,1.576,0.79,us,us7000snxb,2026-05-27T19:21:16.040Z,"174 km S of Atka, Alaska",earthquake,4.44,2.026,0.097,14,reviewed,us,us
2026-05-27T18:02:59.822Z,67.74,-135.916,14.9,3.2,ml,39,143,1.1,0.7,ak,aka2026klbiju,2026-05-27T18:52:10.747Z,"114 km SW of Inuvik, Canada",earthquake,5.6,7.6299,0.1,24,reviewed,ak,ak
2026-05-27T17:53:45.253Z,32.5669,-104.6424,6.195,3.4,ml,35,79,0.048,0.39,us,us7000snwv,2026-05-28T18:19:51.824Z,"28 km SSE of Hope, New Mexico",earthquake,2.56,4.232,0.074,54,reviewed,us,us
2026-05-27T17:36:32.643Z,31.618,-104.103,6.5485,2.6,ml,26,77,0,0.1,tx,tx2026kjjayn,2026-05-27T19:02:18.040Z,"44 km NW of Toyah, Texas",earthquake,0.38638815053915,0.37648851228609,0.2,18,reviewed,tx,tx
2026-05-27T17:10:24.351Z,10.5853,-86.1904,33.932,4.5,mb,91,169,1.252,0.54,us,us7000snwp,2026-05-27T17:54:10.040Z,"49 km NW of Tamarindo, Costa Rica",earthquake,5.38,7.988,0.058,86,reviewed,us,us
2026-05-27T16:47:10.740Z,35.954333333333,-117.38816666667,2.58,2.57,ml,39,50,0.106,0.16,ci,ci41475480,2026-05-27T17:31:00.304Z,"21 km N of Searles Valley, CA",earthquake,0.15,0.41,0.12301212966001,24,reviewed,ci,ci
2026-05-27T15:01:11.567Z,-50.5213,139.3037,10,6,mww,46,68,9.39,0.66,us,us7000snvt,2026-05-28T15:28:36.566Z,"western Indian-Antarctic Ridge",earthquake,10.79,1.878,0.06,27,reviewed,us,us
2026-05-27T14:51:04.419Z,-50.5174,139.3678,10,6,mww,37,96,9.361,0.76,us,us7000snvr,2026-05-28T15:14:24.147Z,"western Indian-Antarctic Ridge",earthquake,11.62,1.927,0.054,33,reviewed,us,us
2026-05-27T12:43:11.771Z,59.924,-152.549,85.8,2.7,ml,104,75,0.3,0.6,ak,aka2026kkqqsb,2026-05-27T18:34:45.156Z,"43 km WNW of Anchor Point, Alaska",earthquake,2.8,1.7539,0.3,74,reviewed,ak,ak
2026-05-27T12:43:07.860Z,39.4058,-99.5325,9.9,2.5,mb_lg,20,51,1.172,0.67,us,us7000snvf,2026-05-29T17:12:46.651Z,"10 km NNE of Damar, Kansas",earthquake,2.52,7.419,0.098,27,reviewed,us,us
2026-05-27T12:34:37.834Z,54.4801,-160.2397,35,3.1,ml,67,198,1.155,0.53,us,us7000snx3,2026-05-28T09:48:26.040Z,"96 km S of Sand Point, Alaska",earthquake,4.85,2.012,0.066,30,reviewed,us,us
2026-05-27T12:23:38.505Z,-21.2807,-68.6182,120.567,4.5,mb,23,83,0.775,0.57,us,us7000snvc,2026-05-28T10:59:38.040Z,"38 km W of Ollagüe, Chile",earthquake,6.06,6.858,0.14,15,reviewed,us,us
2026-05-27T11:49:28.286Z,31.3751,140.6955,65.253,4.6,mb,36,103,5.012,0.53,us,us7000snv8,2026-05-28T09:34:46.040Z,"Izu Islands, Japan region",earthquake,11.18,7.77,0.096,32,reviewed,us,us
2026-05-27T11:14:06.894Z,-17.7903,-71.1743,63.036,4.4,mb,47,141,0.98,0.6,us,us7000snv3,2026-05-27T14:26:31.040Z,"21 km SSE of El Algarrobal, Peru",earthquake,7.6,9.738,0.092,34,reviewed,us,us
2026-05-27T11:02:03.050Z,36.026166666667,-117.77783333333,1.58,2.87,ml,43,33,0.01024,0.16,ci,ci41475352,2026-05-28T09:08:43.040Z,"15 km NE of Little Lake, CA",earthquake,0.14,0.16,0.15515953674226,91,reviewed,ci,ci
2026-05-27T10:34:50.185Z,15.8927,-96.4719,35,4.2,mb,85,202,2.605,0.5,us,us7000snv2,2026-05-27T15:01:01.040Z,"4 km SSE of Candelaria Loxicha, Mexico",earthquake,11.62,2,0.05,112,reviewed,us,us
2026-05-27T10:29:24.985Z,50.4018,-176.202,10,2.9,ml,21,256,1.468,0.45,us,us7000snx1,2026-05-28T09:21:50.040Z,"166 km S of Adak, Alaska",earthquake,5.06,2.016,0.091,16,reviewed,us,us
2026-05-27T10:13:07.510Z,37.44966506958,-118.6686630249,4.9299998283386,2.9,ml,36,59,,0.08,nc,nc75369767,2026-05-28T09:16:24.040Z,"7 km WNW of Round Valley, CA",earthquake,0.23,2.98000002,0.284,26,automatic,nc,nc
2026-05-27T09:52:14.665Z,60.121,-140.876,3.7,2.9,ml,49,119,0.7,0.9,ak,aka2026kkkyoe,2026-05-28T08:44:06.040Z,"90 km NW of Yakutat, Alaska",earthquake,4.3,2.1918,0.3,37,reviewed,ak,ak
2026-05-27T09:33:34.993Z,-6.035,147.767,75.852,4.8,mb,54,50,3.401,0.59,us,us7000snup,2026-05-27T09:52:50.040Z,"58 km N of Finschhafen, Papua New Guinea",earthquake,7.08,5.245,0.086,42,reviewed,us,us
2026-05-27T09:27:34.640Z,18.001666666667,-66.948833333333,8.79,2.63,md,9,169,0.09628,0.18,pr,pr71517943,2026-05-27T10:12:08.690Z,"3 km WNW of Fuig, Puerto Rico",earthquake,0.55,1.65,0.10351110579313,7,reviewed,pr,pr
2026-05-27T09:23:57.150Z,40.267833709717,-124.48332977295,21.620000839233,2.75,md,7,294,0.1096,0.05,nc,nc75369752,2026-05-27T12:12:22.519Z,"18 km WSW of Petrolia, CA",earthquake,2.2,0.720000029,0.01,4,automatic,nc,nc
2026-05-27T08:04:47.646Z,67.253,-153.684,10,2.8,ml,47,59,1.1,1,ak,aka2026kkhjok,2026-05-27T18:12:28.368Z,"88 km NNW of Alatna, Alaska",earthquake,3.2,0,0.1,32,reviewed,ak,ak
2026-05-27T07:38:53.830Z,41.5783,143.6801,38.472,4.6,mb,49,135,0.586,1,us,us7000snud,2026-05-27T08:39:07.040Z,"84 km SSE of Hiroo, Japan",earthquake,7.92,7.818,0.067,66,reviewed,us,us
2026-05-27T07:17:37.594Z,38.1593,-117.8413,7.5398,2.64,ml,17,80,0.306,0.1159,nn,nn00919249,2026-05-27T18:20:36.003Z,"34 km SE of Mina, Nevada",earthquake,,2.0758,0.32,8,reviewed,nn,nn
2026-05-27T06:24:16.451Z,0.4707,125.8106,19.144,5.1,mb,59,64,6.428,1.14,us,us7000sntr,2026-05-27T06:42:21.040Z,"131 km SE of Bitung, Indonesia",earthquake,8.93,4.74,0.069,68,reviewed,us,us
2026-05-27T06:13:09.563Z,51.2318,159.3329,10,4.7,mb,26,122,2.132,0.89,us,us7000sntm,2026-05-27T07:21:56.040Z,"199 km E of Ozernovskiy, Russia",earthquake,10.42,1.904,0.108,26,reviewed,us,us
2026-05-27T05:57:11.165Z,50.8905,178.7464,14.318,4.6,mb,84,187,0.601,1.37,us,us7000sntj,2026-05-27T06:46:32.758Z,"Rat Islands, Aleutian Islands, Alaska",earthquake,5.59,4.914,0.043,160,reviewed,us,us
2026-05-27T05:52:00.405Z,32.5412,-104.5978,9.366,3.1,ml,42,78,0.094,0.74,us,us7000sntg,2026-05-27T06:06:54.040Z,"32 km SW of Atoka, New Mexico",earthquake,3.16,7.503,0.085,18,reviewed,us,us
2026-05-27T05:23:30.376Z,-22.282,-68.7512,102.493,5.1,mww,71,43,0.664,1.4,us,us7000snt8,2026-05-27T14:49:54.040Z,"26 km NE of Calama, Chile",earthquake,3.35,4.668,0.073,18,reviewed,us,us
2026-05-27T04:37:25.445Z,36.7659,70.9399,221.392,4.1,mb,38,177,1.973,0.88,us,us7000snt2,2026-05-27T22:01:12.040Z,"14 km SE of Jurm, Afghanistan",earthquake,10.05,8.483,0.109,23,reviewed,us,us
2026-05-27T04:27:28.430Z,17.826666666667,-68.1315,57.58,3.25,md,21,225,0.724,0.33,pr,pr71517928,2026-05-27T10:27:36.040Z,"79 km SE of Boca de Yuma, Dominican Republic",earthquake,1.99,3.42,0.083229975390335,16,reviewed,pr,pr
2026-05-27T04:17:23.496Z,-30.6441,-71.8887,26.205,4.6,mwr,61,147,0.221,1.25,us,us7000snst,2026-05-27T05:01:36.531Z,"66 km W of Ovalle, Chile",earthquake,4.27,4.746,0.038,65,reviewed,us,us
2026-05-27T02:50:35.091Z,53.576,-164.521,9.1,2.7,ml,12,282,0.9,0.5,ak,aka2026kjwwwt,2026-05-27T03:46:56.796Z,"103 km SE of Akutan, Alaska",earthquake,10.2,4.9824,0.1,9,reviewed,ak,ak
2026-05-27T02:42:03.063Z,-16.872,-69.5374,179.157,4.4,mb,27,118,1.455,0.85,us,us7000snsk,2026-05-27T03:20:03.040Z,"23 km SE of Mazo Cruz, Peru",earthquake,8.43,8.904,0.108,25,reviewed,us,us
2026-05-27T01:23:41.773Z,-21.3812,-179.4554,614.902,4.5,mb,21,126,4.313,0.5,us,us7000snrw,2026-05-27T01:40:36.040Z,"Fiji region",earthquake,11.62,8.737,0.127,18,reviewed,us,us
2026-05-27T00:55:00.430Z,18.006,-66.843833333333,12.91,2.53,md,25,117,0.0211,0.17,pr,pr71517893,2026-05-27T01:34:40.170Z,"2 km WNW of Indios, Puerto Rico",earthquake,0.34,0.26,0.25130619823051,14,reviewed,pr,pr
2026-05-27T00:41:51.514Z,-23.3064,-69.2215,94.596,4.7,mb,57,65,0.679,0.73,us,us7000snrd,2026-05-27T02:59:38.893Z,"98 km SSW of Calama, Chile",earthquake,4.66,5.782,0.055,104,reviewed,us,us
2026-05-27T00:37:12.290Z,19.007,-65.192,20.47,2.81,md,4,245,0.7011,0.03,pr,pr71517883,2026-05-27T01:18:56.710Z,"78 km NNW of Charlotte Amalie, U.S. Virgin Islands",earthquake,0.92,8.71,0.0027038070091709,3,reviewed,pr,pr
2026-05-27T00:32:35.320Z,18.942666666667,-65.177333333333,45,3.12,md,19,230,0.6233,0.36,pr,pr71517878,2026-05-27T02:39:07.040Z,"71 km NNW of Charlotte Amalie, U.S. Virgin Islands",earthquake,2.53,5.77,0.069169810538966,14,reviewed,pr,pr
2026-05-27T00:28:51.887Z,19.0257,-65.2149,35,3.5,ml,14,243,0.713,0.39,us,us7000snr7,2026-05-27T02:33:09.040Z,"80 km N of Culebra, Puerto Rico",earthquake,2.66,2.017,0.069,28,reviewed,us,us
2026-05-27T00:28:35.312Z,19.0344,-65.1791,35,3,ml,13,245,0.71,0.33,us,us7000snsa,2026-05-27T02:35:24.040Z,"81 km NNW of Charlotte Amalie, U.S. Virgin Islands",earthquake,7.61,2.019,0.148,6,reviewed,us,us
2026-05-27T00:23:50.030Z,19.0093,-65.2028,22,3.46,md,21,230,0.6987,0.4,pr,pr2026147000,2026-05-27T02:40:59.040Z,"78 km N of Culebra, Puerto Rico",earthquake,1.5,28.84,0.18,18,reviewed,pr,pr
2026-05-27T00:18:43.500Z,19.006333333333,-65.201833333333,21.2,3,md,11,237,0.6908,0.21,pr,pr71517838,2026-05-27T02:40:04.040Z,"78 km N of Culebra, Puerto Rico",earthquake,1.11,18.47,0.088207200415395,8,reviewed,pr,pr
2026-05-26T23:48:06.884Z,57.008,-155.804,59.6,2.9,ml,57,69,0.7,0.7,ak,aka2026kjqura,2026-05-27T02:07:59.040Z,"99 km W of Akhiok, Alaska",earthquake,4.1,4.765,0.2,43,reviewed,ak,ak
2026-05-26T22:54:49.626Z,51.321,-178.159,9.6,2.6,ml,12,240,0.5,0.3,ak,aka2026kjpaly,2026-05-27T00:19:47.663Z,"122 km WSW of Adak, Alaska",earthquake,8.4,3.6675,0.2,9,reviewed,ak,ak
2026-05-26T22:10:45.516Z,19.446,-69.4362,10,3.3,ml,15,141,1.337,1.22,us,us7000snt1,2026-06-01T14:10:08.040Z,"18 km NE of Las Terrenas, Dominican Republic",earthquake,4.57,1.982,0.069,28,reviewed,us,us
2026-05-26T21:56:36.730Z,51.5567,-178.9338,83.389,3,ml,20,169,0.075,0.25,us,us7000snqj,2026-05-27T02:01:51.040Z,"162 km WSW of Adak, Alaska",earthquake,10.35,7.398,0.105,12,reviewed,us,us
2026-05-26T20:35:10.456Z,-17.5166,-178.7628,535.844,4.9,mb,54,43,2.064,0.83,us,us7000snps,2026-05-26T21:33:33.040Z,"212 km ENE of Levuka, Fiji",earthquake,13.25,7.994,0.071,62,reviewed,us,us
2026-05-26T20:21:01.985Z,38.8774,141.9779,62.215,4.5,mb,69,139,2.035,0.79,us,us7000snpq,2026-05-26T21:25:26.040Z,"31 km SE of Ōfunato, Japan",earthquake,9.02,7.435,0.075,52,reviewed,us,us
2026-05-26T20:04:55.636Z,13.3048,57.3541,10,4.3,mb,33,220,11.63,0.74,us,us7000snpn,2026-05-26T21:16:18.040Z,"Owen Fracture Zone region",earthquake,7.58,2,0.106,25,reviewed,us,us
2026-05-26T19:49:07.929Z,4.1454,97.5369,28.219,4.5,mb,34,116,1.226,1.16,us,us7000snpl,2026-05-26T21:09:10.040Z,"59 km SW of Langsa, Indonesia",earthquake,6.52,5.05,0.115,22,reviewed,us,us
2026-05-26T19:37:16.072Z,61.783,-151.972,113.4,2.6,ml,79,40,0.5,0.7,ak,aka2026kjilgc,2026-05-26T22:21:11.362Z,"38 km SW of Skwentna, Alaska",earthquake,2.8,2.2799,0.3,55,reviewed,ak,ak
2026-05-26T19:25:11.739Z,-17.2705,-174.2097,118.289,5,mb,67,57,4.079,0.77,us,us7000snpf,2026-05-26T23:20:46.317Z,"152 km SSW of Hihifo, Tonga",earthquake,10.06,6.885,0.038,216,reviewed,us,us
2026-05-26T19:17:37.304Z,53.777,-164.132,16.2,3.1,ml,41,213,0.7,0.8,ak,aka2026kjhudo,2026-05-26T22:18:20.677Z,"114 km ESE of Akutan, Alaska",earthquake,4.4,4.3466,0.1,31,reviewed,ak,ak
2026-05-26T19:12:31.037Z,-17.6654,-172.621,10,5.4,mb,85,41,2.918,0.88,us,us7000snpe,2026-05-27T19:43:00.188Z,"180 km NE of Neiafu, Tonga",earthquake,9.14,1.845,0.033,320,reviewed,us,us
2026-05-26T18:56:36.969Z,13.0008,57.6465,10,5.1,mb,132,55,11.959,0.61,us,us7000snpd,2026-05-26T19:18:16.040Z,"Owen Fracture Zone region",earthquake,9.62,1.84,0.053,115,reviewed,us,us
2026-05-26T16:42:41.637Z,-19.9753,-69.2025,114.848,4.6,mb,29,74,0.171,0.82,us,us7000snnm,2026-05-27T00:53:45.824Z,"59 km E of Huara, Chile",earthquake,5.31,6.927,0.132,17,reviewed,us,us
2026-05-26T16:34:16.470Z,61.234,-147.582,7.7,3.1,ml,112,43,0.3,1,ak,aka2026kjcimz,2026-05-26T22:17:08.903Z,"63 km NW of Tatitlek, Alaska",earthquake,1.7,1.3553,0.2,81,reviewed,ak,ak
2026-05-26T16:30:57.714Z,23.1849,94.5425,102.712,4.3,mb,21,158,2,0.43,us,us7000sntk,2026-05-27T14:59:41.040Z,"52 km SSE of Mawlaik, Burma (Myanmar)",earthquake,10.7,9.316,0.178,11,reviewed,us,us
2026-05-26T16:22:50.365Z,-58.6442,-152.5127,10,5.1,mb,66,55,23.509,0.56,us,us7000sntl,2026-05-27T13:52:00.040Z,"Pacific-Antarctic Ridge",earthquake,13.04,1.793,0.081,50,reviewed,us,us
2026-05-26T16:03:52.578Z,-22.3541,-68.8972,119.568,4,mb,21,67,0.64,0.48,us,us7000snm2,2026-05-26T16:44:23.040Z,"11 km NNE of Calama, Chile",earthquake,4.35,6.494,0.232,5,reviewed,us,us
2026-05-26T15:46:03.460Z,54.6466,-161.0689,18.643,3.7,mb,25,186,1.007,1.01,us,us7000snlz,2026-05-26T22:15:40.823Z,"84 km SSW of Sand Point, Alaska",earthquake,4.14,9.984,0.159,10,reviewed,us,us
2026-05-26T14:07:51.354Z,23.7982,94.8304,112.776,4.5,mb,36,68,2.581,0.4,us,us6000t08d,2026-05-26T17:07:05.040Z,"46 km ENE of Mawlaik, Burma (Myanmar)",earthquake,8.91,7.46,0.102,32,reviewed,us,us
2026-05-26T14:05:54.556Z,32.6454,73.2947,33.024,4.6,mb,131,59,5.693,0.6,us,us7000snly,2026-05-26T17:12:01.040Z,"12 km NE of Malakwal City, Pakistan",earthquake,9.08,5.498,0.048,127,reviewed,us,us
2026-05-26T13:43:57.793Z,64.728,-150.812,0.7,3.5,ml,98,24,0.7,1.1,ak,aka2026kiwqwe,2026-05-26T18:23:17.149Z,"31 km SSW of Manley Hot Springs, Alaska",earthquake,1.9,1.9287,0.2,72,reviewed,ak,ak
2026-05-26T13:22:53.704Z,29.092,-97.772,6.327,3,ml,20,75,0.1,0.2,tx,tx2026khexni,2026-05-26T14:11:16.040Z,"19 km S of Nixon, Texas",earthquake,0.81814616959112,0.84684995495252,0.1,25,reviewed,tx,tx
2026-05-26T11:45:22.433Z,62.658,-149.593,64,2.8,ml,100,23,0.4,0.8,ak,aka2026kisrzy,2026-05-26T21:52:51.093Z,"35 km NE of Chase, Alaska",earthquake,1.9,2.702,0.2,69,reviewed,ak,ak
2026-05-26T11:11:02.272Z,2.1273,124.7178,261.309,4.4,mb,36,79,4.984,0.47,us,us6000t07v,2026-05-28T09:30:46.040Z,"72 km NNW of Manado, Indonesia",earthquake,7.62,8.844,0.107,25,reviewed,us,us
2026-05-26T11:10:25.462Z,13.6167,144.7187,134.429,4.4,mb,49,98,1.914,0.79,us,us6000t07y,2026-05-26T21:01:45.596Z,"15 km NNW of Tamuning-Tumon-Harmon Village, Guam",earthquake,11.51,7.536,0.073,54,reviewed,us,us
2026-05-26T08:39:11.658Z,-8.8676,113.772,35,4.9,mb,35,48,0.545,1.11,us,us6000t06t,2026-05-31T05:26:28.872Z,"66 km SW of Gambiran Satu, Indonesia",earthquake,5.88,1.902,0.11,26,reviewed,us,us
2026-05-26T07:12:03.610Z,40.674499511719,-121.44850158691,8.3000001907349,2.68,md,9,101,0.1418,0.29,nc,nc75369102,2026-05-26T11:54:35.089Z,"26 km NE of Viola, CA",earthquake,1.2,5.42999983,0.19,9,automatic,nc,nc
2026-05-26T06:27:45.435Z,51.6034,75.4212,10,4.5,mb,67,34,3.448,0.66,us,us6000t06f,2026-05-26T06:48:57.040Z,"15 km SSE of Ekibastuz, Kazakhstan",earthquake,7.59,1.898,0.064,71,reviewed,us,us
2026-05-26T05:11:52.440Z,40.675666666667,-121.4475,7.05,3.42,ml,47,23,0.09643,0.19,nc,nc75369057,2026-05-26T17:38:01.856Z,"26 km NE of Viola, CA",earthquake,0.21,1.22,0.115,41,reviewed,nc,nc
2026-05-26T04:26:58.447Z,32.2793,-104.6134,6.339,2.9,ml,44,54,0.226,0.36,us,us6000t061,2026-05-26T04:34:41.040Z,"25 km WNW of Whites City, New Mexico",earthquake,3,5.484,0.057,40,reviewed,us,us
2026-05-26T03:11:58.350Z,33.957666666667,-118.67816666667,13.38,2.93,ml,119,68,0.1048,0.22,ci,ci41474768,2026-05-30T04:57:53.734Z,"8 km S of Malibu Beach, CA",earthquake,0.24,0.38,0.1360400781036,314,reviewed,ci,ci
2026-05-26T03:11:00.383Z,-22.3134,-68.7517,112.943,4.1,mb,18,60,0.687,0.55,us,us6000t05w,2026-05-26T04:05:51.040Z,"23 km NE of Calama, Chile",earthquake,4.54,3.83,0.165,10,reviewed,us,us
2026-05-26T03:07:56.831Z,53.419,-166.988,0.3,3.8,ml,24,194,0.4,0.4,ak,aka2026kibljn,2026-05-26T04:56:03.716Z,"58 km SSW of Unalaska, Alaska",earthquake,8.5,4.6422,0.2,16,reviewed,ak,ak
2026-05-26T03:07:49.766Z,53.412,-166.996,2.8,3,ml,19,197,0.4,0.4,ak,aka2026kiblgw,2026-05-26T04:58:07.601Z,"59 km SSW of Unalaska, Alaska",earthquake,9.7,5.5114,0.1,13,reviewed,ak,ak
2026-05-26T03:03:34.180Z,53.397,-166.984,2,3.6,ml,20,198,0.4,0.7,ak,aka2026kibhpc,2026-05-26T04:44:16.364Z,"60 km SSW of Unalaska, Alaska",earthquake,8.9,3.3003,0.2,15,reviewed,ak,ak
2026-05-26T02:57:08.259Z,51.442,-178.082,62.4,3.2,ml,29,198,0.3,0.6,ak,aka2026kibbyj,2026-05-27T00:35:36.783Z,"111 km WSW of Adak, Alaska",earthquake,15.5,4.9988,0.2,22,reviewed,ak,ak
2026-05-26T02:49:21.976Z,58.837,-152.215,53,2.7,ml,74,124,0.2,0.7,ak,aka2026kiavec,2026-05-27T00:33:32.497Z,"60 km SSW of Nanwalek, Alaska",earthquake,3.2,3.4676,0.2,54,reviewed,ak,ak
2026-05-26T02:48:55.810Z,20.2175,-154.85083333333,35.86,2.76,ml,39,250,0.4278,0.16,hv,hv74968702,2026-05-29T01:09:49.480Z,"47 km NE of Honomu, Hawaii",earthquake,0.66,1.72,0.20822027933317,8,reviewed,hv,hv
2026-05-26T02:47:00.462Z,-22.2404,-68.9082,121.709,4.3,mb,23,50,0.54,0.75,us,us6000t05t,2026-05-26T03:49:19.040Z,"24 km N of Calama, Chile",earthquake,3.41,5.33,0.153,12,reviewed,us,us
2026-05-26T02:26:00.823Z,-22.2623,-68.8934,117.904,4.2,mb,18,61,0.565,0.27,us,us6000t05r,2026-05-26T03:32:44.331Z,"21 km N of Calama, Chile",earthquake,4.62,6.244,0.199,7,reviewed,us,us
2026-05-26T02:13:32.080Z,36.046001434326,-120.19316864014,9,2.5,md,31,138,0.08711,0.11,nc,nc75368997,2026-05-26T03:32:22.995Z,"7 km NW of Avenal, CA",earthquake,0.27,0.409999996,0.15,37,automatic,nc,nc
2026-05-26T02:08:03.420Z,-28.3135,-176.5972,10,5.3,mb,57,73,10.165,0.74,us,us6000t05n,2026-05-26T02:27:31.040Z,"Kermadec Islands region",earthquake,9.75,1.863,0.051,129,reviewed,us,us
2026-05-26T01:35:37.065Z,-4.24,126.0995,394.09,4.1,mb,15,115,5.773,0.69,us,us6000t05l,2026-05-26T01:55:04.040Z,"239 km WSW of Ambon, Indonesia",earthquake,12.45,11.632,0.213,6,reviewed,us,us
2026-05-26T01:31:10.557Z,56.028,-159.933,1.1,2.7,ml,16,147,0.3,0.6,ak,aka2026khyfns,2026-05-27T00:30:00.083Z,"31 km WNW of Ivanof Bay, Alaska",earthquake,9.4,6.6771,0.2,12,reviewed,ak,ak
2026-05-26T00:26:16.257Z,52.9771,-167.5819,35,3.3,ml,19,222,0.478,0.59,us,us7000snr6,2026-05-27T04:29:15.040Z,"86 km E of Nikolski, Alaska",earthquake,3.8,2.005,0.105,12,reviewed,us,us
2026-05-26T00:20:57.882Z,-22.3305,-68.7694,117.022,4.2,mb,20,69,0.689,0.53,us,us6000t05h,2026-05-26T04:04:42.466Z,"21 km NE of Calama, Chile",earthquake,4.82,6.084,0.159,11,reviewed,us,us
2026-05-25T23:40:26.826Z,-22.2646,-68.6908,115.167,4.3,mb,25,45,0.692,0.74,us,us6000t058,2026-05-26T03:43:38.040Z,"32 km NE of Calama, Chile",earthquake,5.08,6.425,0.178,9,reviewed,us,us
2026-05-25T23:31:55.698Z,53.37,159.633,79.612,4.6,mb,187,141,1.192,0.62,us,us6000t059,2026-05-26T03:26:03.040Z,"75 km ENE of Petropavlovsk-Kamchatsky, Russia",earthquake,11.52,7.3,0.04,186,reviewed,us,us
2026-05-25T22:08:45.098Z,-22.2772,-68.7439,115.218,4.3,mb,22,55,0.665,0.63,us,us6000t04v,2026-05-26T02:33:50.040Z,"27 km NE of Calama, Chile",earthquake,4.12,6.125,0.202,7,reviewed,us,us
2026-05-25T22:03:41.946Z,-4.0316,134.0499,10,4.9,mb,28,117,2.11,0.66,us,us6000t04u,2026-05-26T02:12:01.040Z,"177 km WSW of Nabire, Indonesia",earthquake,10.69,1.915,0.112,27,reviewed,us,us
2026-05-25T22:03:22.702Z,-22.4709,-68.8216,114.776,4.8,mb,23,67,0.732,0.8,us,us6000t04w,2026-05-26T01:53:45.040Z,"10 km E of Calama, Chile",earthquake,3.13,5.664,0.226,7,reviewed,us,us
2026-05-25T21:52:20.043Z,-22.3883,-68.6422,109,6.9,mww,304,24,0.706,0.53,us,us6000t04s,2026-06-01T02:23:21.285Z,"29 km ENE of Calama, Chile",earthquake,5.59,1.833,0.045,48,reviewed,us,us
2026-05-25T20:39:20.664Z,1.1115,126.0911,31.057,5.6,mww,86,41,7.343,0.88,us,us6000t04f,2026-05-26T21:04:18.254Z,"113 km ESE of Bitung, Indonesia",earthquake,9.3,5.068,0.08,15,reviewed,us,us
2026-05-25T20:36:07.890Z,35.313833333333,-117.805,7.15,2.5,ml,57,33,0.05709,0.17,ci,ci41474616,2026-05-27T18:22:08.040Z,"17 km WSW of Johannesburg, CA",earthquake,0.14,0.5,0.20306699369636,91,reviewed,ci,ci
2026-05-25T20:23:15.140Z,33.920333333333,-119.46133333333,9.9,2.57,ml,44,92,0.1627,0.21,ci,ci41474600,2026-05-27T18:16:25.040Z,"13 km SSE of Santa Cruz Is. (E end), CA",earthquake,0.29,0.73,0.18134116345358,105,reviewed,ci,ci
2026-05-25T19:38:34.683Z,44.8401,-113.3192,12.728,3.2,ml,47,39,0.335,0.52,us,us6000t049,2026-05-28T14:02:10.800Z,"18 km N of Leadore, Idaho",earthquake,2.16,8.289,0.032,128,reviewed,us,us
2026-05-25T18:53:07.146Z,-17.3742,167.783,35,4.7,mb,22,177,1.995,0.52,us,us6000t047,2026-05-27T18:00:18.040Z,"69 km NW of Port-Vila, Vanuatu",earthquake,9.53,1.94,0.13,18,reviewed,us,us
2026-05-25T18:50:00.590Z,37.9295,21.314,10,4.3,mb,45,105,0.893,0.76,us,us6000t046,2026-05-31T14:26:45.040Z,"3 km N of Traganón, Greece",earthquake,5.64,1.926,0.107,25,reviewed,us,us
2026-05-25T17:53:31.759Z,65.361,-168.996,10.7,3.7,ml,13,236,1.7,0.9,ak,aka2026khizno,2026-05-31T14:24:24.040Z,"44 km S of Diomede, Alaska",earthquake,16.1,10.4092,0.1,10,reviewed,ak,ak
2026-05-25T16:48:12.996Z,-0.139,134.617,10,4.5,mb,27,92,3.637,0.94,us,us6000t03v,2026-05-28T13:32:48.040Z,"100 km NE of Manokwari, Indonesia",earthquake,10.93,1.899,0.136,19,reviewed,us,us
2026-05-25T16:16:58.334Z,61.794,-150.782,58,2.5,ml,47,49,0.7,0.7,ak,aka2026khfsyc,2026-05-25T16:57:00.204Z,"31 km NNW of Susitna, Alaska",earthquake,3.2,5.2023,0.2,4,automatic,ak,ak
2026-05-25T16:12:57.904Z,-57.9499,-25.7657,131.676,4.9,mb,48,87,19.312,1.03,us,us6000t02k,2026-05-25T16:29:14.040Z,"South Sandwich Islands region",earthquake,12.86,7.467,0.075,57,reviewed,us,us
2026-05-25T15:00:31.611Z,-4.7343,153.126,66.807,5,mb,68,93,1.101,0.78,us,us6000t028,2026-05-25T15:21:05.040Z,"104 km ESE of Kokopo, Papua New Guinea",earthquake,6.29,5.844,0.069,67,reviewed,us,us
2026-05-25T13:42:57.720Z,40.302665710449,-124.6301651001,9.2600002288818,3.22,ml,42,245,0.2204,0.2,nc,nc75368687,2026-05-25T15:07:23.247Z,"29 km W of Petrolia, CA",earthquake,1.87,1.16999996,0.31,8,automatic,nc,nc
2026-05-25T13:15:09.590Z,17.944833333333,-66.869666666667,14.29,2.52,md,9,215,0.03141,0.2,pr,pr71517768,2026-05-25T13:33:01.160Z,"4 km SSE of Maria Antonia, Puerto Rico",earthquake,0.82,0.55,0.14692196040322,5,reviewed,pr,pr
2026-05-25T12:07:24.852Z,59.772,-153.18,118,2.6,ml,42,73,0.7,0.9,ak,aka2026kgxkoq,2026-05-25T12:11:47.234Z,"52 km E of Pedro Bay, Alaska",earthquake,4.4,3.2871,0.3,29,automatic,ak,ak
2026-05-25T11:15:56.134Z,-20.6532,-69.2334,116.276,4.2,mb,24,71,0.515,1.01,us,us6000t01i,2026-05-25T11:49:36.040Z,"56 km SE of La Tirana, Chile",earthquake,5.35,5.237,0.152,12,reviewed,us,us
2026-05-25T10:23:56.038Z,-7.3309,128.6487,139.214,4.9,mb,89,20,3.057,1.11,us,us6000t019,2026-05-25T10:51:09.040Z,"224 km NE of Lospalos, Timor Leste",earthquake,6.34,4.896,0.062,137,reviewed,us,us
2026-05-25T10:19:39.430Z,18.856333333333,-64.976,30.3,3.15,md,11,229,0.5016,0.39,pr,pr71517758,2026-05-25T13:28:43.040Z,"57 km N of Charlotte Amalie, U.S. Virgin Islands",earthquake,4.1,14.4,0.023995395134075,5,reviewed,pr,pr
2026-05-25T09:25:39.358Z,-53.4118,25.0096,10,5,mb,30,81,21.237,0.47,us,us6000t015,2026-05-25T09:48:56.040Z,"south of Africa",earthquake,13.28,1.658,0.123,28,reviewed,us,us
2026-05-25T08:52:42.839Z,38.1573,-117.8498,7,3.75,mwr,34,42,0.313,0.1844,nn,nn00919169,2026-05-27T22:04:41.905Z,"34 km SE of Mina, Nevada",earthquake,,0.9967,,,reviewed,nn,nn
2026-05-25T08:41:18.170Z,19.142333984375,-155.48283386231,37.709999084473,2.45,md,25,168,0.1066,0.270000011,hv,hv74968202,2026-05-25T10:00:40.552Z,"6 km S of Pāhala, Hawaii",earthquake,1.08,1.47000003,0.1719799217505,13,automatic,hv,hv
2026-05-25T08:14:48.144Z,40.2438,142.3871,49.176,4.8,mb,116,96,1.146,0.9,us,us6000t00y,2026-05-25T08:44:23.040Z,"50 km ENE of Noda, Japan",earthquake,7.61,6.542,0.042,173,reviewed,us,us
2026-05-25T08:12:08.940Z,17.995166666667,-66.846,13.39,2.45,md,7,160,0.03744,0.17,pr,pr71517743,2026-05-25T10:51:15.910Z,"2 km W of Indios, Puerto Rico",earthquake,1.69,1.19,0.025450971119978,5,reviewed,pr,pr
2026-05-25T07:57:06.214Z,-10.5608,124.4792,10,4.9,mb,77,78,0.827,1.35,us,us6000t00w,2026-05-25T08:34:33.040Z,"80 km SSE of Soe, Indonesia",earthquake,6.68,1.763,0.078,52,reviewed,us,us
2026-05-25T07:50:07.865Z,60.673,-150.095,47.3,2.5,ml,31,51,0.2,0.7,ak,aka2026kgovlz,2026-05-25T10:49:02.040Z,"25 km NW of Cooper Landing, Alaska",earthquake,3.7,4.207,0.3,4,automatic,ak,ak
2026-05-25T07:12:41.271Z,-21.498,-69.8849,35,4,mb,24,116,0.178,1.44,us,us6000t00s,2026-05-25T11:13:15.040Z,"73 km NNE of Tocopilla, Chile",earthquake,3.95,1.936,0.164,10,reviewed,us,us
2026-05-25T06:19:25.496Z,-10.4702,124.5489,10,4.7,mb,26,81,0.763,0.35,us,us6000t00p,2026-06-01T06:24:04.040Z,"73 km SSE of Soe, Indonesia",earthquake,8.53,1.897,0.129,18,reviewed,us,us
2026-05-25T05:50:09.783Z,51.4532,-177.3807,35,3.4,ml,22,208,0.322,0.61,us,us6000t00l,2026-05-25T13:24:10.040Z,"69 km SW of Adak, Alaska",earthquake,3.13,1.879,0.105,12,reviewed,us,us
2026-05-25T05:28:18.201Z,51.1661,179.3074,35,3.7,mb,38,224,0.213,0.69,us,us6000t00k,2026-05-25T13:13:21.040Z,"292 km WSW of Adak, Alaska",earthquake,4.42,1.994,0.116,19,reviewed,us,us
2026-05-25T05:18:12.564Z,51.9783,-170.9114,36.336,4.8,mb,61,173,1.604,1.2,us,us6000t009,2026-05-28T07:34:57.894Z,"175 km SW of Nikolski, Alaska",earthquake,8.7,8.19,0.03,356,reviewed,us,us
2026-05-25T03:58:20.973Z,62.849,-149.086,65.2,2.5,ml,77,25,0.1,0.8,ak,aka2026kghcmt,2026-05-28T07:20:24.284Z,"60 km S of Cantwell, Alaska",earthquake,2.1,2.6127,0.1,53,reviewed,ak,ak
2026-05-25T02:32:38.428Z,8.0315,126.9336,35,5,mb,46,97,1.648,1.12,us,us6000szzw,2026-05-25T03:44:05.419Z,"54 km E of Santa Maria, Philippines",earthquake,9.59,1.914,0.051,121,reviewed,us,us
2026-05-25T00:55:14.344Z,13.5868,-91.2829,10,4.4,mb,30,177,1.494,0.71,us,us6000szzp,2026-05-25T01:45:08.040Z,"60 km SSW of La Gomera, Guatemala",earthquake,8.28,1.976,0.059,81,reviewed,us,us
2026-05-25T00:38:12.224Z,57.273,-149.744,21.9,2.9,ml,74,192,1.6,1,ak,aka2026kgakxo,2026-05-31T22:41:33.040Z,"156 km ESE of Chiniak, Alaska",earthquake,6.5,8.5949,0.1,50,reviewed,ak,ak
2026-05-24T23:49:17.428Z,-18.7885,-175.6295,277.212,4.1,mb,19,156,6.092,0.34,us,us7000spcy,2026-05-31T22:19:17.040Z,"173 km NW of Fangale’ounga, Tonga",earthquake,14.97,10.502,0.157,11,reviewed,us,us
2026-05-24T23:43:09.520Z,35.788501739502,-119.84366607666,6.0900001525879,2.49,md,32,80,0.1631,0.13,nc,nc75368427,2026-05-25T01:17:23.925Z,"27 km SSE of Kettleman City, CA",earthquake,0.32,0.720000029,0.19,17,automatic,nc,nc
2026-05-24T23:25:17.405Z,-30.6333,-71.7577,27.841,4.1,mwr,28,145,0.113,0.84,us,us6000szzc,2026-05-31T22:34:06.040Z,"53 km W of Ovalle, Chile",earthquake,4.7,5.07,0.053,34,reviewed,us,us
2026-05-24T21:37:50.374Z,24.1919,94.7823,115.98,4.4,mb,26,82,2.975,0.53,us,us7000spcx,2026-05-31T21:29:04.040Z,"71 km NNE of Mawlaik, Burma (Myanmar)",earthquake,7.32,8.147,0.149,13,reviewed,us,us
2026-05-24T19:15:08.076Z,-42.1536,88.5303,10,4.6,mb,37,68,29.02,0.85,us,us7000sntn,2026-05-31T15:19:27.040Z,"southeast Indian Ridge",earthquake,13.59,1.896,0.096,32,reviewed,us,us
2026-05-24T18:55:14.280Z,63.034,-150.921,124.3,3.1,ml,156,27,0.5,0.8,ak,aka2026kfozpf,2026-05-31T14:21:57.040Z,"60 km N of Petersville, Alaska",earthquake,2,1.9047,0.2,107,reviewed,ak,ak
2026-05-24T18:00:57.417Z,35.7406,139.2815,148.091,4,mb,29,130,1.18,0.77,us,us7000spcs,2026-05-30T14:30:54.040Z,"3 km W of Fussa, Japan",earthquake,8.55,7.312,0.122,18,reviewed,us,us
2026-05-24T17:31:11.251Z,-38.0479,-93.956,10,4.2,mb,30,145,13.033,0.95,us,us7000spcp,2026-05-29T16:50:57.040Z,"West Chile Rise",earthquake,13.95,1.892,0.103,26,reviewed,us,us
2026-05-24T17:24:27.570Z,32.372,-115.25733333333,11.32,3.11,ml,34,52,0.0622,0.35,ci,ci41473864,2026-05-31T14:18:08.040Z,"6 km WNW of Delta, B.C., MX",earthquake,0.41,1.05,0.1756610191749,63,reviewed,ci,ci
2026-05-24T16:48:41.017Z,9.2997,126.2839,34,5.5,mww,100,57,2.323,1,us,us6000szxz,2026-05-30T20:04:27.736Z,"10 km ENE of Cortes, Philippines",earthquake,6.77,1.639,0.052,36,reviewed,us,us
2026-05-24T16:37:54.152Z,52.4012,-171.6936,10,3.9,mb,29,171,1.55,0.81,us,us6000szxy,2026-05-25T05:49:34.927Z,"172 km E of Atka, Alaska",earthquake,6.42,1.852,0.109,22,reviewed,us,us
2026-05-24T16:37:53.837Z,52.362,-171.585,3,3.9,ml,26,194,1.1,1,ak,aka2026kfklcp,2026-05-28T16:23:22.972Z,"179 km E of Atka, Alaska",earthquake,26.1,0,0.2,25,reviewed,ak,ak
2026-05-24T16:16:06.644Z,10.5943,-86.0829,35,4.4,mb,33,197,0.791,0.92,us,us6000szxw,2026-05-30T19:33:16.040Z,"42 km NW of Tamarindo, Costa Rica",earthquake,8.87,1.989,0.053,103,reviewed,us,us
2026-05-24T15:33:13.667Z,1.0225,126.0429,49.166,4.9,mb,58,66,6.025,0.78,us,us6000szxs,2026-05-30T19:29:35.040Z,"111 km ESE of Bitung, Indonesia",earthquake,9.16,6.821,0.054,111,reviewed,us,us
2026-05-24T15:17:19.687Z,13.0965,145.0207,63.847,4.6,mb,36,77,0.512,0.63,us,us7000spcn,2026-05-30T19:25:04.040Z,"35 km ESE of Inarajan Village, Guam",earthquake,4.87,6.753,0.054,102,reviewed,us,us
2026-05-24T14:45:26.597Z,15.6029,-94.6563,35,4.3,mb,44,138,2.516,0.79,us,us6000szxn,2026-05-30T19:00:34.040Z,"69 km S of San Francisco del Mar Viejo, Mexico",earthquake,9.06,1.939,0.06,78,reviewed,us,us
2026-05-24T14:05:12.382Z,54.3172,-159.7058,10,2.8,ml,25,210,1.504,0.91,us,us7000sp43,2026-05-28T19:27:51.040Z,"124 km SSE of Sand Point, Alaska",earthquake,4.34,1.998,0.074,24,reviewed,us,us
2026-05-24T13:19:59.872Z,-22.6678,-177.1182,203.009,4.7,mb,35,167,6.674,0.65,us,us6000szxi,2026-05-30T18:57:02.040Z,"250 km SW of Houma, Tonga",earthquake,14.7,8.627,0.104,29,reviewed,us,us
2026-05-24T13:19:05.760Z,9.1379,126.5217,53.181,5.1,mb,82,69,2.257,0.98,us,us6000szxh,2026-05-30T18:52:24.699Z,"33 km ENE of La Paz, Philippines",earthquake,9.16,4.67,0.043,173,reviewed,us,us
2026-05-24T12:52:09.129Z,37.3738,71.837,141.821,4.3,mb,81,85,1.069,0.77,us,us6000szxe,2026-05-24T13:38:58.040Z,"28 km ESE of Khorugh, Tajikistan",earthquake,6.32,5.762,0.064,70,reviewed,us,us
2026-05-24T12:23:40.937Z,59.155,-136.277,5,3,ml,41,103,0.3,0.9,ak,aka2026kfbxii,2026-05-28T15:42:22.534Z,"32 km SSW of Covenant Life, Alaska",earthquake,4.1,0,0.2,30,reviewed,ak,ak
2026-05-24T11:33:20.655Z,52.721,-168.106,29.4,2.6,ml,19,227,0.5,0.8,ak,aka2026kfaglr,2026-05-28T05:29:09.712Z,"56 km ESE of Nikolski, Alaska",earthquake,9.6,3.4125,0.2,15,reviewed,ak,ak
2026-05-24T10:11:09.942Z,-18.0407,-178.2796,588.874,4.2,mb,65,141,2.731,0.78,us,us6000szwv,2026-05-24T11:40:35.040Z,"254 km E of Levuka, Fiji",earthquake,15.45,7.735,0.046,131,reviewed,us,us
2026-05-24T10:03:15.423Z,52.054,-169.31,19.9,2.6,ml,13,232,0.8,0.4,ak,aka2026kexgjd,2026-05-28T05:17:02.298Z,"103 km SSW of Nikolski, Alaska",earthquake,7.5,5.4002,0.1,11,reviewed,ak,ak
2026-05-24T09:45:22.415Z,51.8635,-170.4872,10,4.5,mb,46,177,1.494,0.92,us,us6000szwl,2026-05-24T18:24:10.968Z,"162 km SW of Nikolski, Alaska",earthquake,6.25,1.943,0.046,140,reviewed,us,us
2026-05-24T08:54:25.817Z,36.8344,-104.7868,3.556,2.8,ml,11,113,0.07,0.34,us,us6000szwg,2026-05-24T09:00:01.040Z,"31 km WSW of Raton, New Mexico",earthquake,1.97,4.375,0.069,28,reviewed,us,us
2026-05-24T08:24:15.305Z,9.1382,126.5366,9.887,4.6,mb,31,115,2.263,1.14,us,us7000spci,2026-05-31T09:30:18.040Z,"34 km ENE of La Paz, Philippines",earthquake,13.75,4.438,0.114,23,reviewed,us,us
2026-05-24T08:13:02.833Z,-5.0896,151.4218,133.339,4,mb,28,140,1.159,0.95,us,us7000spch,2026-05-31T09:25:20.040Z,"125 km SW of Kokopo, Papua New Guinea",earthquake,8.87,5.172,0.122,18,reviewed,us,us
2026-05-24T06:51:34.656Z,43.1143,146.4462,66.012,4.5,mb,65,135,2.666,0.55,us,us6000szw2,2026-05-31T09:09:36.040Z,"74 km ESE of Nemuro, Japan",earthquake,11.27,7.607,0.05,116,reviewed,us,us
2026-05-24T06:36:36.288Z,31.725,-104.508,5.7922,3.1,ml,50,82,0,0.2,tx,tx2026kczzqe,2026-05-31T09:04:32.040Z,"51 km SSW of Whites City, New Mexico",earthquake,1.6696005037746,0.74667948039426,0.1,26,reviewed,tx,tx
2026-05-24T06:08:27.094Z,36.6435,140.4601,65.459,4.2,mb,43,142,1.814,0.63,us,us6000szvv,2026-05-31T09:00:05.040Z,"11 km NNE of Ōmiya, Japan",earthquake,9.8,7.666,0.098,29,reviewed,us,us
2026-05-24T06:01:25.110Z,-6.3105,130.1581,152.132,4.5,mb,13,142,1.794,1.19,us,us6000szvr,2026-05-31T08:55:45.040Z,"296 km WSW of Tual, Indonesia",earthquake,14.81,9.607,0.171,10,reviewed,us,us
2026-05-24T04:14:55.904Z,-39.5976,-74.0895,22.083,4.6,mb,34,145,0.584,0.83,us,us6000szvg,2026-05-24T04:55:58.569Z,"64 km WNW of Corral, Chile",earthquake,5.33,6.581,0.146,14,reviewed,us,us
2026-05-24T03:27:49.609Z,60.508,-140.003,0.2,2.5,ml,18,99,0.6,0.7,ak,aka2026kekblx,2026-05-27T23:53:58.565Z,"108 km N of Yakutat, Alaska",earthquake,3.6,2.8515,0.1,18,reviewed,ak,ak
2026-05-24T03:17:58.442Z,52.482,-166.78,7.2,2.6,ml,13,264,1.2,0.4,ak,aka2026kejsxz,2026-05-27T23:51:33.913Z,"149 km ESE of Nikolski, Alaska",earthquake,7.7,4.1488,0.1,11,reviewed,ak,ak
2026-05-24T02:57:08.570Z,37.436832427979,-118.73400115967,15.550000190735,2.95,md,26,102,0.1596,0.08,nc,nc75367907,2026-05-26T20:46:05.934Z,"12 km WNW of Round Valley, CA",earthquake,0.36,1.35000002,0.18,33,automatic,nc,nc
2026-05-24T02:51:09.380Z,19.2051,-67.9443,63,3.76,md,23,186,0.8178,0.66,pr,pr2026144000,2026-05-24T10:47:55.346Z,"84 km NE of Punta Cana, Dominican Republic",earthquake,2.93,7.76,0.15,20,reviewed,pr,pr
2026-05-24T02:26:36.320Z,36.332164764404,-120.92283630371,6.2699999809265,2.74,md,64,47,0.02793,0.2,nc,nc75367877,2026-05-24T16:39:59.050Z,"23 km NE of King City, CA",earthquake,0.3,0.889999986,0.14,79,automatic,nc,nc
2026-05-24T01:36:45.190Z,51.325,-176.788,20.1,2.6,ml,25,212,0.5,0.4,ak,aka2026kegjet,2026-05-27T21:06:28.964Z,"62 km S of Adak, Alaska",earthquake,7.8,4.2674,0.2,19,reviewed,ak,ak
2026-05-24T01:26:53.012Z,37.7964,36.1699,10,4.9,mww,52,43,0.257,0.94,us,us6000szud,2026-05-24T06:18:44.065Z,"22 km SSE of Saimbeyli, Turkey",earthquake,4.78,1.875,0.059,28,reviewed,us,us
2026-05-24T01:01:20.323Z,31.66,-104.393,6.0999,3.1,ml,57,67,0,0.2,tx,tx2026kcowkb,2026-05-26T14:55:24.922Z,"57 km S of Whites City, New Mexico",earthquake,0.6205999031293,0.53461997551528,0.1,61,reviewed,tx,tx
2026-05-24T00:25:53.954Z,27.3645,142.9854,18.014,4.4,mb,27,160,10.006,0.48,us,us6000szu7,2026-05-24T21:24:24.040Z,"Bonin Islands, Japan region",earthquake,13.02,5.7,0.124,20,reviewed,us,us
2026-05-24T00:18:48.824Z,31.0734,130.5979,134.702,4.3,mb,34,238,0.452,0.67,us,us6000szu6,2026-05-24T04:15:19.040Z,"18 km SSW of Ibusuki, Japan",earthquake,11.84,5.458,0.113,22,reviewed,us,us
2026-05-23T23:55:18.283Z,52.6829,-174.062,224.915,2.9,ml,19,181,0.41,0.31,us,us7000snxh,2026-05-29T03:10:40.040Z,"54 km N of Atka, Alaska",earthquake,28.24,25.44,0.097,14,reviewed,us,us
2026-05-23T23:54:28.139Z,-14.9082,-172.9897,10,4.9,mb,29,64,1.535,0.93,us,us6000szu1,2026-05-24T00:31:45.040Z,"141 km SSW of Gataivai, Samoa",earthquake,7.23,0.975,0.067,69,reviewed,us,us
2026-05-23T23:09:35.086Z,62.454,-149.029,23.3,2.5,ml,107,25,0.4,1,ak,aka2026keblok,2026-05-27T19:17:27.919Z,"53 km NE of Susitna North, Alaska",earthquake,1.8,1.7433,0.2,75,reviewed,ak,ak
2026-05-23T23:00:24.210Z,18.0415,-68.2093,78,3.69,md,21,211,0.5028,0.27,pr,pr2026143001,2026-05-24T01:41:24.040Z,"56 km SE of Boca de Yuma, Dominican Republic",earthquake,1.69,1.47,0.05,13,reviewed,pr,pr
2026-05-23T22:51:59.231Z,-17.501,-176.7721,337.318,4,mb,22,226,3.829,1.01,us,us6000sztv,2026-05-24T01:06:29.040Z,"Fiji region",earthquake,18.39,8.45,0.134,15,reviewed,us,us
2026-05-23T22:51:33.455Z,51.3344,-179.545,39.802,2.7,ml,20,200,0.507,0.32,us,us7000snxe,2026-05-28T23:59:02.040Z,"210 km WSW of Adak, Alaska",earthquake,4.36,12.314,0.085,18,reviewed,us,us
2026-05-23T22:15:51.786Z,-22.6755,-68.7548,107.606,4.3,mb,21,62,0.598,0.79,us,us6000sztk,2026-05-24T21:19:37.040Z,"29 km SE of Calama, Chile",earthquake,4.8,6.742,0.177,9,reviewed,us,us
2026-05-23T21:54:49.279Z,51.1472,-178.4679,33.839,2.8,ml,19,211,0.461,0.51,us,us7000snx8,2026-05-28T23:54:51.040Z,"150 km WSW of Adak, Alaska",earthquake,3.71,7.979,0.085,18,reviewed,us,us
2026-05-23T21:52:57.478Z,51.2871,-178.4153,30.563,3.5,ml,21,205,0.365,1.07,us,us6000szvy,2026-05-24T20:53:19.040Z,"139 km WSW of Adak, Alaska",earthquake,4.78,11.681,0.085,18,reviewed,us,us
2026-05-23T21:49:16.864Z,51.7344,-170.3491,7.153,5.3,mww,107,143,1.122,1.33,us,us6000szt5,2026-05-31T21:59:27.198Z,"168 km SW of Nikolski, Alaska",earthquake,3.16,4.9,0.052,35,reviewed,us,us
2026-05-23T21:26:04.865Z,6.7327,-72.9101,163.592,4.3,mb,27,121,2.343,0.77,us,us6000szsz,2026-05-23T22:50:49.040Z,"7 km ESE of Cepitá, Colombia",earthquake,12.01,13.852,0.058,86,reviewed,us,us
2026-05-23T21:20:46.350Z,17.919833333333,-66.7935,6.95,2.59,md,26,185,0.09839,0.14,pr,pr71517643,2026-05-23T21:41:26.610Z,"8 km SSE of Indios, Puerto Rico",earthquake,0.32,0.23,0.049312223990741,7,reviewed,pr,pr
2026-05-23T20:02:55.080Z,42.273333333333,-124.3125,6.07,2.95,ml,13,149,0.04688,0.13,uw,uw62250152,2026-05-23T20:22:24.040Z,"6 km E of Pistol River, Oregon",earthquake,0.34,0.82,0.11477528342814,8,reviewed,uw,uw
2026-05-23T19:21:15.090Z,52.3465,-171.584,10,2.9,ml,18,195,1.092,0.57,us,us7000snx4,2026-05-28T17:01:47.040Z,"179 km E of Atka, Alaska",earthquake,4.16,2.009,0.077,22,reviewed,us,us
2026-05-23T19:19:06.591Z,-35.7227,-104.9819,10,5.3,mww,50,76,9.339,0.89,us,us6000szx2,2026-05-31T14:14:23.040Z,"southeast of Easter Island",earthquake,13.84,1.879,0.071,19,reviewed,us,us
2026-05-23T19:17:16.675Z,52.3528,-171.6342,12.134,3.5,mb,41,193,1.116,0.93,us,us7000snwx,2026-05-31T15:22:33.040Z,"176 km E of Atka, Alaska",earthquake,4.76,7.507,0.156,10,reviewed,us,us
2026-05-23T18:08:19.398Z,-5.1227,102.626,39.44,4.2,mb,25,147,3.023,0.73,us,us6000szs3,2026-05-31T14:12:14.040Z,"139 km SSW of Pagar Alam, Indonesia",earthquake,9.91,5.281,0.137,15,reviewed,us,us
2026-05-23T18:08:17.990Z,36.5912,70.9651,230.107,4,mb,40,81,2.956,0.67,us,us6000szs1,2026-05-31T14:09:29.040Z,"32 km SSE of Jurm, Afghanistan",earthquake,10.31,8.014,0.098,28,reviewed,us,us
2026-05-23T17:45:54.779Z,51.2404,179.5176,40.227,3.1,ml,20,241,0.193,0.56,us,us7000snww,2026-05-28T16:44:58.040Z,"276 km WSW of Adak, Alaska",earthquake,3.51,7.52,0.091,16,reviewed,us,us
2026-05-23T17:39:51.852Z,-20.5497,-178.7131,602.167,4.4,mb,58,122,4.139,0.78,us,us6000szrw,2026-05-31T14:05:01.040Z,"Fiji region",earthquake,12.97,6.821,0.064,71,reviewed,us,us
2026-05-23T17:33:02.859Z,60.004,-153.315,137.2,2.8,ml,115,30,0.1,0.8,ak,aka2026kdqftl,2026-05-31T13:45:56.040Z,"50 km ENE of Pedro Bay, Alaska",earthquake,2.8,1.4041,0.2,85,reviewed,ak,ak
2026-05-23T17:29:58.680Z,19.055333333333,-155.44183333333,35.21,2.57,ml,37,197,0.186,0.15,hv,hv74966932,2026-05-29T15:06:35.040Z,"14 km E of Naalehu, Hawaii",earthquake,0.53,0.86,0.16571279216075,27,reviewed,hv,hv
2026-05-23T17:25:12.170Z,19.615166666667,-155.94533333333,37.44,3.17,ml,60,143,0.05437,0.15,hv,hv74966927,2026-05-30T16:51:41.040Z,"0 km SSE of Hōlualoa, Hawaii",earthquake,0.45,0.55,0.21722442115821,41,reviewed,hv,hv
2026-05-23T17:16:21.762Z,59.6505,-138.0529,15.527,2.9,ml,39,83,0.568,0.45,us,us6000szrl,2026-05-30T16:50:12.040Z,"95 km E of Yakutat, Alaska",earthquake,2.31,6.362,0.045,64,reviewed,us,us
2026-05-23T16:48:14.952Z,63.372,-145.046,0.4,2.6,ml,55,43,0.3,0.9,ak,aka2026kdostx,2026-05-27T16:09:21.618Z,"36 km SSW of Dry Creek, Alaska",earthquake,2.6,1.9219,0.2,56,reviewed,ak,ak
2026-05-23T16:28:14.381Z,51.9015,-170.3923,9.079,4,mb,69,201,0.938,1.12,us,us6000szw3,2026-05-25T15:35:40.040Z,"155 km SW of Nikolski, Alaska",earthquake,6.72,6.276,0.058,78,reviewed,us,us
2026-05-23T15:50:15.072Z,-19.4597,-177.7149,569.746,4.5,mb,68,95,4.061,0.6,us,us6000szrb,2026-05-23T16:39:48.040Z,"Fiji region",earthquake,13.29,8.303,0.065,70,reviewed,us,us
2026-05-23T15:25:37.208Z,-38.0567,179.3578,10,4.6,mb,28,153,0.968,0.54,us,us6000szr3,2026-05-23T19:15:27.040Z,"106 km ESE of Hicks Bay, New Zealand",earthquake,7.01,1.897,0.141,17,reviewed,us,us
2026-05-23T15:07:59.419Z,-20.045,169.5855,117.274,4.9,mb,76,122,3.241,0.96,us,us6000szr9,2026-05-23T18:50:30.040Z,"64 km SSE of Isangel, Vanuatu",earthquake,9.09,7.65,0.064,77,reviewed,us,us
2026-05-23T14:56:48.773Z,53.064,-169.247,162.7,2.9,ml,36,154,0.3,0.7,ak,aka2026kdlaho,2026-05-27T15:44:00.123Z,"29 km WNW of Nikolski, Alaska",earthquake,36.7,3.2991,0.5,23,reviewed,ak,ak
2026-05-23T14:40:58.031Z,35.3674,26.598,13.151,4.1,mb,49,125,0.493,0.71,us,us6000szqx,2026-05-23T15:23:02.040Z,"30 km W of Fry, Greece",earthquake,4.85,5.072,0.086,38,reviewed,us,us
2026-05-23T14:29:36.631Z,60.5506,-140.0016,5,3.8,ml,65,89,0.565,0.78,us,us6000szqt,2026-05-28T21:43:17.368Z,"112 km N of Yakutat, Alaska",earthquake,2.28,1.893,0.036,102,reviewed,us,us
2026-05-23T14:27:21.893Z,53.779,-164.125,17.3,2.7,ml,32,213,0.7,0.8,ak,aka2026kdkaso,2026-05-27T01:48:59.919Z,"115 km ESE of Akutan, Alaska",earthquake,4.4,4.0261,0.1,24,reviewed,ak,ak
2026-05-23T14:11:16.177Z,1.5788,127.3672,143.03,4.8,mb,89,68,5.738,0.58,us,us6000szqs,2026-05-23T14:29:36.040Z,"73 km WSW of Tobelo, Indonesia",earthquake,8.61,6.385,0.055,27,reviewed,us,us
2026-05-23T14:02:27.580Z,19.342666666667,-155.83416666667,19.72,2.66,ml,37,175,0.1607,0.13,hv,hv74966812,2026-05-27T02:25:21.360Z,"12 km SSE of Honaunau-Napoopoo, Hawaii",earthquake,0.42,0.95,0.14675174514153,18,reviewed,hv,hv
2026-05-23T13:36:12.585Z,51.101,-178.221,16.1,2.6,ml,27,216,0.6,0.7,ak,aka2026kdiilw,2026-05-27T01:39:34.514Z,"139 km SW of Adak, Alaska",earthquake,5.2,3.4414,0.1,19,reviewed,ak,ak
2026-05-23T13:34:13.720Z,35.4916,26.5678,10,4.6,mww,142,38,0.487,0.68,us,us6000szqj,2026-05-23T17:24:06.040Z,"33 km WNW of Fry, Greece",earthquake,4.92,1.829,0.093,11,reviewed,us,us
2026-05-23T13:01:29.690Z,19.275,-155.38833333333,30.55,2.47,ml,39,106,0.03829,0.12,hv,hv74966757,2026-05-30T02:04:32.510Z,"12 km NE of Pāhala, Hawaii",earthquake,0.39,0.44,0.22771336760055,30,reviewed,hv,hv
2026-05-23T12:41:02.440Z,19.3765,-155.87416666667,12.98,2.93,ml,45,203,0.2151,0.15,hv,hv74966747,2026-05-26T19:45:12.419Z,"8 km S of Honaunau-Napoopoo, Hawaii",earthquake,0.44,0.84,0.16618780058736,31,reviewed,hv,hv
2026-05-23T12:40:28.190Z,-4.5338,102.7044,68.472,5.3,mb,87,61,2.567,0.73,us,us6000szq3,2026-05-31T08:32:08.040Z,"82 km SW of Pagar Alam, Indonesia",earthquake,8.63,6.642,0.051,128,reviewed,us,us
2026-05-23T11:24:06.383Z,51.115,-178.463,22.5,2.5,ml,17,222,0.5,0.7,ak,aka2026kddxyb,2026-05-27T00:24:30.810Z,"152 km SW of Adak, Alaska",earthquake,9.3,4.6825,0.1,14,reviewed,ak,ak
2026-05-23T10:56:07.010Z,19.343666666667,-155.86633333333,23.77,3.99,ml,56,184,0.1909,0.14,hv,hv74966652,2026-05-31T15:51:35.729Z,"12 km S of Honaunau-Napoopoo, Hawaii",earthquake,0.44,0.83,0.203990263661,45,reviewed,hv,hv
2026-05-23T10:52:16.233Z,36.0729,22.167,46.055,4.2,mb,21,216,1.121,1.11,us,us7000spbk,2026-05-31T07:19:45.040Z,"74 km W of Kýthira, Greece",earthquake,10.11,11.336,0.153,12,reviewed,us,us
2026-05-23T09:49:34.460Z,67.757,-158.476,3.9,2.7,ml,40,85,0.6,1,ak,aka2026kdatyt,2026-05-31T07:04:44.040Z,"79 km NNW of Ambler, Alaska",earthquake,3.5,3.3471,0.2,29,reviewed,ak,ak
2026-05-23T09:38:05.720Z,18.307333333333,-67.611166666667,83.92,3.36,md,17,164,0.147,0.35,pr,pr71517608,2026-05-31T07:00:02.040Z,"38 km W of Rincón, Puerto Rico",earthquake,1.94,1.5,0.038989273481,10,reviewed,pr,pr
2026-05-23T09:15:36.108Z,52.175,-169.141,11.4,3.6,ml,28,238,0.7,0.8,ak,aka2026kczrgr,2026-05-26T23:41:16.862Z,"87 km SSW of Nikolski, Alaska",earthquake,7.7,3.5234,0.3,22,reviewed,ak,ak
2026-05-23T09:04:00.170Z,51.163,-176.226,31.8,3.4,ml,18,246,0.7,0.6,ak,aka2026kczgjz,2026-05-24T06:47:54.071Z,"84 km SSE of Adak, Alaska",earthquake,7.7,9.9433,0.1,12,reviewed,ak,ak
2026-05-23T09:03:06.406Z,52.1389,-169.2425,10,4.9,mb,90,130,0.712,1.1,us,us6000szp8,2026-05-31T06:45:57.040Z,"92 km SSW of Nikolski, Alaska",earthquake,4.78,1.843,0.032,299,reviewed,us,us
2026-05-23T08:44:52.286Z,-2.6369,-77.5345,114.619,4.5,mb,84,100,1.237,0.67,us,us6000szp0,2026-05-23T12:59:34.040Z,"73 km ESE of Sucúa, Ecuador",earthquake,8.79,8.041,0.042,162,reviewed,us,us
2026-05-23T07:52:28.450Z,19.358833333333,-155.8595,21.26,3.22,ml,35,180,0.207,0.12,hv,hv74966432,2026-05-26T14:04:08.827Z,"10 km S of Honaunau-Napoopoo, Hawaii",earthquake,0.42,0.96,0.045943602554236,5,reviewed,hv,hv
2026-05-23T07:46:43.410Z,32.371,-115.253,6.54,2.61,ml,41,44,0.06538,0.32,ci,ci41472912,2026-05-26T17:48:24.991Z,"6 km WNW of Delta, B.C., MX",earthquake,0.37,1.23,0.18425455312155,32,reviewed,ci,ci
2026-05-23T07:46:01.480Z,19.340333333333,-155.8425,22.64,5.96,ml,60,178,0.1687,0.13,hv,hv74966427,2026-06-01T07:56:05.395Z,"13 km S of Honaunau-Napoopoo, Hawaii",earthquake,0.4,0.77,0.15475175074128,46,reviewed,hv,hv
2026-05-23T07:30:21.190Z,18.023,-65.594833333333,16.42,2.62,md,11,203,0.1888,0.42,pr,pr71517588,2026-05-23T10:51:30.720Z,"15 km WSW of Esperanza, Puerto Rico",earthquake,1.31,1.16,0.03575053533202,5,reviewed,pr,pr
2026-05-23T06:37:57.490Z,18.911666666667,-67.7945,53.63,3.2,md,12,204,0.682,0.65,pr,pr71517583,2026-05-23T10:57:52.210Z,"73 km ENE of Punta Cana, Dominican Republic",earthquake,3.44,8.66,0.035830218737297,6,reviewed,pr,pr
2026-05-23T06:21:03.667Z,52.416,-169.726,14,2.6,ml,16,218,0.4,0.8,ak,aka2026kctvcd,2026-05-26T21:12:32.542Z,"82 km SW of Nikolski, Alaska",earthquake,11.1,4.4457,0.2,11,reviewed,ak,ak
2026-05-23T06:15:58.753Z,51.283,-178.625,65.7,2.7,ml,29,205,0.3,0.3,ak,aka2026kctqsd,2026-05-26T21:04:33.846Z,"152 km WSW of Adak, Alaska",earthquake,14.1,5.6232,0.2,21,reviewed,ak,ak
2026-05-23T05:41:34.889Z,-47.488,99.9967,10,5.7,mww,52,71,19.554,0.44,us,us6000szmu,2026-05-26T14:13:19.824Z,"southeast Indian Ridge",earthquake,12.24,1.884,0.098,10,reviewed,us,us
2026-05-23T05:41:08.050Z,18.798,-67.9695,73.04,3.39,md,17,227,0.4814,0.58,pr,pr71517573,2026-05-23T10:38:48.130Z,"51 km ENE of Punta Cana, Dominican Republic",earthquake,4.25,4.17,0.10679097816134,15,reviewed,pr,pr
2026-05-23T04:00:55.596Z,53.6628,-166.3572,77.041,3.6,mb,23,162,0.203,0.44,us,us6000szmg,2026-05-23T07:01:14.817Z,"26 km SSE of Unalaska, Alaska",earthquake,8.72,8.065,0.144,15,reviewed,us,us
2026-05-23T03:47:57.146Z,52.642,-171.695,0,2.9,ml,8,176,1,0.6,ak,aka2026kcospy,2026-05-26T18:24:09.029Z,"177 km ENE of Atka, Alaska",earthquake,81.6,0,0.1,6,reviewed,ak,ak
2026-05-23T03:12:37.881Z,52.932,-167.974,53.9,2.7,ml,19,216,0.4,0.8,ak,aka2026kcnnsc,2026-05-26T18:24:40.484Z,"59 km E of Nikolski, Alaska",earthquake,40.8,17.8938,0.2,14,reviewed,ak,ak
2026-05-23T02:28:58.725Z,51.2628,-176.58,18.492,3,ml,26,211,0.61,1.41,us,us6000sznf,2026-05-27T22:30:26.040Z,"68 km S of Adak, Alaska",earthquake,4.11,7.151,0.085,18,reviewed,us,us
2026-05-23T02:08:56.025Z,52.2194,-171.6259,18.701,2.8,ml,16,201,1.213,0.85,us,us6000szne,2026-05-27T22:33:44.040Z,"176 km E of Atka, Alaska",earthquake,10.12,8.408,0.115,10,reviewed,us,us
2026-05-23T01:42:19.527Z,-23.0154,-66.4641,242.241,4.2,mb,24,104,1.581,0.81,us,us6000szm4,2026-05-23T01:55:45.040Z,"83 km WNW of El Aguilar, Argentina",earthquake,10.63,14.272,0.187,8,reviewed,us,us
2026-05-23T01:10:33.120Z,18.2993,-68.5091,142,3.74,md,13,198,0.2497,0.47,pr,pr2026143000,2026-05-23T02:12:40.040Z,"13 km SE of Boca de Yuma, Dominican Republic",earthquake,5.57,2.84,0.1,8,reviewed,pr,pr
2026-05-23T01:09:37.190Z,35.833833333333,-117.71316666667,6.42,2.76,ml,45,26,0.04901,0.16,ci,ci41472752,2026-05-26T17:41:13.207Z,"21 km ESE of Little Lake, CA",earthquake,0.14,0.4,0.16322876957341,126,reviewed,ci,ci
2026-05-23T00:13:33.769Z,42.9918,13.1886,10,4.2,mb,28,65,0.129,1.12,us,us6000szmj,2026-05-23T04:56:12.872Z,"3 km W of Bolognola, Italy",earthquake,4.72,1.758,0.214,6,reviewed,us,us
2026-05-22T23:39:09.408Z,17.1707,-46.5003,10,4.5,mb,37,165,14.525,0.37,us,us6000sznd,2026-05-23T07:27:13.040Z,"northern Mid-Atlantic Ridge",earthquake,14.39,1.942,0.099,30,reviewed,us,us
2026-05-22T23:22:27.315Z,52.327,-169.284,27.4,2.7,ml,16,275,0.5,0.4,ak,aka2026kcfwer,2026-05-27T07:28:16.777Z,"73 km SSW of Nikolski, Alaska",earthquake,10.5,5.6913,0.1,12,reviewed,ak,ak
2026-05-22T21:47:42.765Z,61.476,-146.636,17.4,2.5,ml,78,27,0.3,1,ak,aka2026kccrzo,2026-05-27T07:26:01.768Z,"41 km NNW of Valdez, Alaska",earthquake,1.8,1.5226,0.1,56,reviewed,ak,ak
2026-05-22T21:25:32.375Z,50.975,-173.701,10,2.8,ml,11,300,1.3,0.6,ak,aka2026kcbzmq,2026-05-27T07:24:17.478Z,"140 km SSE of Atka, Alaska",earthquake,9.6,0,0.1,10,reviewed,ak,ak
2026-05-22T20:51:44.940Z,61.457,-150.026,44.5,2.5,ml,91,33,0.3,0.9,ak,aka2026kcavgb,2026-05-27T07:13:26.031Z,"8 km SSW of Big Lake, Alaska",earthquake,2.2,2.1625,0.1,67,reviewed,ak,ak
2026-05-22T20:50:22.465Z,28.814,-99.009,8.4398,2.5,ml,29,80,0.1,0.5,tx,tx2026kakvpn,2026-05-22T21:14:55.161Z,"12 km SE of Pearsall, Texas",earthquake,1.8417965012384,1.0925066342137,0.1,18,reviewed,tx,tx
2026-05-22T20:31:08.708Z,52.064,-169.766,1.7,3.4,ml,12,314,0.7,0.5,ak,aka2026kcadxy,2026-05-27T07:09:53.945Z,"115 km SSW of Nikolski, Alaska",earthquake,14,7.6303,0.1,19,reviewed,ak,ak
2026-05-22T20:15:14.131Z,52.4213,-171.7343,9.601,3.9,mb,59,189,1.14,0.66,us,us6000szl8,2026-05-23T16:54:36.040Z,"170 km E of Atka, Alaska",earthquake,7.6,6.449,0.112,21,reviewed,us,us
2026-05-22T20:10:52.101Z,52.3894,-171.7239,10.292,4.2,mwr,78,104,1.148,0.83,us,us6000szkp,2026-05-22T21:56:52.040Z,"170 km E of Atka, Alaska",earthquake,3.41,4.424,0.089,12,reviewed,us,us
2026-05-22T19:57:17.293Z,52.506,-171.591,17.6,3.5,ml,19,354,1.5,0.7,ak,aka2026kbzasg,2026-05-27T07:04:08.863Z,"181 km E of Atka, Alaska",earthquake,40.7,5.6336,0.1,13,reviewed,ak,ak
2026-05-22T19:45:59.670Z,39.4045,-120.1345,11.28,3.34,ml,24,46,0.09836,0.07,nc,nc75367102,2026-05-24T02:07:22.071Z,"9 km NNE of Truckee, CA",earthquake,0.28,0.48,0.205,56,reviewed,nc,nc
2026-05-22T19:44:55.820Z,39.40633392334,-120.1378326416,5.5100002288818,2.62,ml,26,38,0.138,0.1,nc,nc75367097,2026-05-23T16:09:15.040Z,"10 km NNE of Truckee, CA",earthquake,0.23,1.39999998,0.289,10,automatic,nc,nc
2026-05-22T19:32:14.976Z,-6.6762,147.4047,70.06,4.8,mb,29,87,2.722,0.74,us,us6000szk6,2026-05-22T21:38:53.040Z,"45 km E of Lae, Papua New Guinea",earthquake,8.07,5.821,0.134,22,reviewed,us,us
2026-05-22T19:30:38.517Z,-10.7482,164.3652,10,5.3,mww,227,25,4.54,0.62,us,us6000szk5,2026-05-26T14:00:59.621Z,"156 km W of Lata, Solomon Islands",earthquake,9.08,1.732,0.063,24,reviewed,us,us
2026-05-22T17:16:27.418Z,33.5016,90.2756,10,5,mb,95,56,11.311,0.63,us,us6000szjs,2026-05-30T16:47:21.040Z,"280 km NW of Nagqu, China",earthquake,8.62,1.802,0.047,149,reviewed,us,us
2026-05-22T17:07:03.280Z,-20.0397,169.3752,125.564,4,mb,15,187,3.129,0.78,us,us7000spaf,2026-05-29T15:02:25.040Z,"55 km S of Isangel, Vanuatu",earthquake,11.46,9.204,0.173,9,reviewed,us,us
2026-05-22T16:53:58.397Z,40.2879,142.2534,62.004,4.6,mb,61,134,1.035,0.52,us,us6000szjp,2026-05-30T16:59:25.040Z,"42 km ENE of Noda, Japan",earthquake,5.32,6.885,0.064,73,reviewed,us,us
2026-05-22T16:25:17.748Z,49.1175,155.3935,74.097,4.3,mb,34,136,4.252,0.56,us,us6000szjk,2026-05-30T16:46:52.040Z,"181 km SSW of Severo-Kuril’sk, Russia",earthquake,12.42,2.364,0.108,24,reviewed,us,us
2026-05-22T16:18:09.750Z,36.21116667,-97.06683333,8.32,2.9,ml,91,31,0,0.18,ok,ok2026jywf,2026-05-30T16:42:27.040Z,"10 km N of Stillwater, Oklahoma",earthquake,,1.4,0.23,48,reviewed,ok,ok
2026-05-22T15:08:34.397Z,28.3624,-102.7975,10,3,ml,10,232,1.232,0.56,us,us6000szhe,2026-05-22T15:16:44.040Z,"103 km ENE of Hércules, Mexico",earthquake,5.15,1.998,0.097,14,reviewed,us,us
2026-05-22T14:15:58.240Z,18.201333333333,-68.048833333333,113.11,3.44,md,9,192,0.5711,0.34,pr,pr71517558,2026-05-30T16:40:30.040Z,"56 km SE of Punta Cana, Dominican Republic",earthquake,4.43,2.2,0.10568064401292,7,reviewed,pr,pr
2026-05-22T14:07:13.457Z,58.513,-150.716,11.3,2.8,ml,61,171,0.9,1.2,ak,aka2026kbnhsm,2026-05-27T05:47:19.343Z,"113 km SE of Port Graham, Alaska",earthquake,6.3,4.5074,0.1,45,reviewed,ak,ak
2026-05-22T12:46:12.868Z,52.3981,-171.8188,10,4.5,mb,107,167,1.474,0.79,us,us6000szgr,2026-05-22T17:17:32.117Z,"164 km E of Atka, Alaska",earthquake,6.96,1.913,0.039,194,reviewed,us,us
2026-05-22T12:36:48.321Z,52.313,-171.634,10,3.8,ml,32,196,1.1,1.1,ak,aka2026kbkiyd,2026-05-27T05:28:27.887Z,"175 km E of Atka, Alaska",earthquake,24.8,0,0.2,25,reviewed,ak,ak
2026-05-22T12:33:32.807Z,51.205,-178.5,34,2.6,ml,13,215,0.4,0.7,ak,aka2026kbkflr,2026-05-27T05:22:25.229Z,"149 km WSW of Adak, Alaska",earthquake,12.8,8.6082,0.2,10,reviewed,ak,ak
2026-05-22T12:33:14.590Z,18.774333333333,-68.105833333333,19.2,3.24,md,7,197,0.3673,0.37,pr,pr71517538,2026-05-22T13:43:58.460Z,"38 km NE of Punta Cana, Dominican Republic",earthquake,2.52,2.77,0.016729700735332,4,reviewed,pr,pr
2026-05-22T12:16:14.095Z,52.5074,-171.7064,14.926,5.6,mww,87,79,1.091,1.1,us,us6000szgm,2026-06-01T12:26:15.604Z,"173 km E of Atka, Alaska",earthquake,5.34,1.804,0.041,58,reviewed,us,us
2026-05-22T10:51:11.197Z,31.548,-104.137,7.8943,2.5,ml,17,79,0,0.1,tx,tx2026jzqzgi,2026-05-22T11:32:06.906Z,"41 km NW of Toyah, Texas",earthquake,0.78212948187293,0.44056672522403,0.2,8,reviewed,tx,tx
2026-05-22T10:08:19.139Z,-2.857,147.713,10,5.7,mww,41,54,0.879,0.69,us,us6000szgb,2026-05-27T17:47:34.040Z,"103 km SSE of Lorengau, Papua New Guinea",earthquake,5.7,1.881,0.098,10,reviewed,us,us
2026-05-22T09:20:03.617Z,8.8755,-83.3957,38.248,4.5,mb,46,159,0.412,0.75,us,us6000szg7,2026-05-22T20:02:35.201Z,"17 km SE of Puerto Cortés, Costa Rica",earthquake,5.94,3.471,0.086,40,reviewed,us,us
2026-05-22T08:47:53.000Z,53.6602,-162.9099,10,2.9,ml,12,262,1.167,0.71,us,us7000snt3,2026-05-31T06:23:36.040Z,"136 km SSE of False Pass, Alaska",earthquake,2.9,2.014,0.128,8,reviewed,us,us
2026-05-22T08:44:54.276Z,44.8712,146.8187,147.547,4.1,mb,40,134,3.116,0.66,us,us7000spa2,2026-05-30T11:57:56.040Z,"92 km WSW of Kuril’sk, Russia",earthquake,13.1,8.928,0.091,33,reviewed,us,us
2026-05-22T08:21:08.035Z,60.4881,-139.504,5,2.6,ml,29,82,0.812,1.15,us,us6000szfq,2026-05-30T11:08:14.040Z,"105 km N of Yakutat, Alaska",earthquake,3.03,1.981,0.047,60,reviewed,us,us
2026-05-22T08:04:22.876Z,-61.5564,153.8726,10,4.8,mb,18,128,16.248,1.04,us,us6000szfp,2026-05-30T11:05:26.040Z,"Balleny Islands region",earthquake,15.42,1.958,0.135,17,reviewed,us,us
2026-05-22T07:09:36.570Z,18.0573,-67.1421,6,3.19,md,15,212,0.0604,0.09,pr,pr2026142000,2026-05-30T10:49:31.040Z,"3 km S of Cabo Rojo, Puerto Rico",earthquake,0.57,0.27,0.16,12,reviewed,pr,pr
2026-05-22T07:07:46.496Z,6.3077,124.0647,526.843,4,mb,46,89,1.684,0.93,us,us6000szge,2026-05-30T10:39:42.040Z,"15 km S of Sangay, Philippines",earthquake,13.28,9.613,0.089,34,reviewed,us,us
2026-05-22T07:06:44.830Z,52.7146,-163.0712,10,3.2,ml,18,243,1.975,0.35,us,us7000snt0,2026-05-30T10:18:51.040Z,"239 km S of False Pass, Alaska",earthquake,7.73,2.019,0.097,14,reviewed,us,us
2026-05-22T06:33:37.455Z,51.9382,-169.1042,10,4.7,mb,92,175,1.047,1.32,us,us6000szfd,2026-05-22T12:55:15.502Z,"112 km S of Nikolski, Alaska",earthquake,6.9,1.613,0.045,150,reviewed,us,us
2026-05-22T05:44:23.183Z,40.312,63.0294,10,4,mb,35,125,3.592,1.35,us,us7000sp9w,2026-06-01T07:20:08.040Z,"41 km WNW of Gazli, Uzbekistan",earthquake,7.43,1.93,0.156,11,reviewed,us,us
2026-05-22T05:29:15.020Z,40.764831542969,-124.10883331299,23.229999542236,2.47,md,27,177,0.1654,0.12,nc,nc75366797,2026-05-22T06:47:25.194Z,"3 km E of Cutten, CA",earthquake,0.63,1.03999996,0.23,18,automatic,nc,nc
2026-05-22T04:37:03.810Z,18.606166666667,-66.133833333333,68.74,2.67,md,15,200,0.2993,0.21,pr,pr71517518,2026-05-22T10:10:19.490Z,"15 km N of San Juan, Puerto Rico",earthquake,1.05,1.02,0.11291514453475,12,reviewed,pr,pr
2026-05-22T04:31:58.860Z,35.028,-119.13016666667,8.19,2.74,ml,91,26,0.04878,0.27,ci,ci41472056,2026-05-22T17:34:08.600Z,"20 km N of Pine Mountain Club, CA",earthquake,0.19,0.68,0.21097361926373,25,reviewed,ci,ci
2026-05-22T03:41:46.885Z,31.73,-104.354,5.3308,2.5,ml,40,75,0.1,0.2,tx,tx2026jzctfl,2026-05-22T07:30:23.527Z,"49 km S of Whites City, New Mexico",earthquake,0.89052519443313,0.87385853553742,0.1,26,reviewed,tx,tx
2026-05-22T03:15:12.742Z,-22.6221,-67.5857,176.237,4.3,mb,17,142,0.638,0.79,us,us6000szek,2026-05-22T03:25:04.040Z,"70 km ENE of San Pedro de Atacama, Chile",earthquake,9.67,9.738,0.201,7,reviewed,us,us
2026-05-22T02:51:22.650Z,35.9535,-117.387,2.19,2.47,ml,39,50,0.1048,0.15,ci,ci41472032,2026-05-22T18:15:29.497Z,"21 km N of Searles Valley, CA",earthquake,0.15,0.35,0.11667024182122,26,automatic,ci,ci
2026-05-22T02:16:19.940Z,32.366333333333,-115.256,7.47,2.51,ml,27,57,0.0673,0.32,ci,ci41472016,2026-05-22T22:12:27.837Z,"6 km WNW of Delta, B.C., MX",earthquake,0.4,1.29,0.21914042721006,21,reviewed,ci,ci
2026-05-22T01:10:42.810Z,32.375,-115.2575,6.57,3.26,ml,,,,,ci,ci41471960,2026-05-22T22:10:44.293Z,"6 km WNW of Delta, B.C., MX",earthquake,0.3,0.92,0.23490430388268,62,reviewed,ci,ci
2026-05-22T01:06:52.610Z,16.5273,-46.6299,10,5.1,mww,77,62,12.787,0.58,us,us6000sze1,2026-05-22T05:11:41.040Z,"northern Mid-Atlantic Ridge",earthquake,9.87,1.858,0.063,24,reviewed,us,us
2026-05-22T01:05:08.540Z,1.0433,126.067,35,5.9,mww,162,24,6.006,0.79,us,us6000szdy,2026-05-23T13:08:15.955Z,"113 km ESE of Bitung, Indonesia",earthquake,8.32,1.817,0.075,17,reviewed,us,us
2026-05-22T00:10:38.270Z,19.245666666667,-155.53766666667,32.04,3.03,ml,53,64,0.03665,0.11,hv,hv74965612,2026-05-23T08:25:28.981Z,"7 km NW of Pāhala, Hawaii",earthquake,0.39,0.53,0.25341663824077,39,reviewed,hv,hv
2026-05-21T22:57:51.024Z,60.558,-151.51,75.4,2.5,ml,66,51,0.1,0.8,ak,aka2026kaizzy,2026-05-23T02:47:47.367Z,"12 km WSW of Salamatof, Alaska",earthquake,2.6,2.145,0.2,46,reviewed,ak,ak
2026-05-21T22:01:22.065Z,51.6654,-177.7416,79.213,3,ml,19,186,0.133,0.27,us,us6000szma,2026-05-23T21:03:40.040Z,"79 km WSW of Adak, Alaska",earthquake,6.2,4.232,0.085,18,reviewed,us,us
2026-05-21T20:53:16.190Z,19.219,-155.47816666667,31.88,2.73,ml,51,90,0.03523,0.11,hv,hv74965437,2026-05-21T22:43:22.280Z,"1 km N of Pāhala, Hawaii",earthquake,0.42,0.48,0.19181688165948,41,reviewed,hv,hv
2026-05-21T19:28:39.670Z,17.7105,-64.1085,40.8,3.1,md,6,299,0.8243,0.15,pr,pr71517508,2026-05-21T19:57:52.380Z,"63 km E of Christiansted, U.S. Virgin Islands",earthquake,3.9,11.86,0.050257557640703,3,reviewed,pr,pr
2026-05-21T19:00:10.190Z,40.377333333333,-125.01066666667,10,3.89,mw,166,233,0.5184,0.29,nc,nc75366637,2026-05-23T10:41:06.634Z,"62 km W of Petrolia, CA",earthquake,0.57,31.61,,11,reviewed,nc,nc
2026-05-21T17:51:51.840Z,19.199,-64.391833333333,40.75,3.15,md,4,307,0.7051,0.23,pr,pr71517498,2026-05-21T18:05:17.410Z,"104 km NNE of Cruz Bay, U.S. Virgin Islands",earthquake,7.84,19.61,0.021004891868125,3,reviewed,pr,pr
2026-05-21T16:46:54.711Z,28.799,-98.98,8.457,2.7,ml,33,77,0.1,0.4,tx,tx2026jyhaxp,2026-05-28T19:09:07.040Z,"15 km SE of Pearsall, Texas",earthquake,2.1161248561551,0.82709995323483,0.1,19,reviewed,tx,tx
2026-05-21T16:45:56.957Z,5.6419,126.7834,135.715,4.7,mb,46,119,1.856,0.8,us,us6000szad,2026-05-28T19:06:50.040Z,"104 km SE of Pondaguitan, Philippines",earthquake,7.64,5.068,0.101,31,reviewed,us,us
2026-05-21T16:39:49.197Z,-22.8759,131.8652,10,4.1,mb,12,105,2.033,0.32,us,us7000sp39,2026-05-28T19:04:01.040Z,"220 km WNW of Larapinta, Australia",earthquake,5.92,1.94,0.165,10,reviewed,us,us
2026-05-21T15:39:15.130Z,32.959333333333,-115.857,14.58,3.02,ml,77,22,0.05008,0.28,ci,ci41471624,2026-05-23T20:36:52.040Z,"24 km WSW of Westmorland, CA",earthquake,0.21,0.47,0.22392873753591,94,reviewed,ci,ci
2026-05-21T15:33:13.514Z,51.085,-178.567,10,3.5,ml,18,217,0.494,0.96,us,us6000szc4,2026-05-21T19:29:51.040Z,"160 km SW of Adak, Alaska",earthquake,2.82,1.996,0.091,16,reviewed,us,us
2026-05-21T09:56:26.003Z,27.2034,55.6594,10,4.9,mb,69,75,2.301,0.82,us,us6000sz6i,2026-05-21T10:45:29.040Z,"61 km W of Bandar Abbas, Iran",earthquake,8.24,1.856,0.055,106,reviewed,us,us
2026-05-21T09:26:05.226Z,51.3218,178.7274,38.556,2.9,ml,13,267,0.365,0.57,us,us6000sze5,2026-05-22T11:34:34.040Z,"Rat Islands, Aleutian Islands, Alaska",earthquake,3.02,7.393,0.115,10,reviewed,us,us
2026-05-21T09:14:14.914Z,56.1472,-149.9537,10,2.7,ml,26,248,2.182,0.83,us,us6000szds,2026-05-22T11:41:37.040Z,"216 km SE of Chiniak, Alaska",earthquake,5.06,2.017,0.071,26,reviewed,us,us
2026-05-21T09:08:52.221Z,51.2882,-178.0588,28.708,2.9,ml,18,206,0.478,0.68,us,us6000szdn,2026-05-22T11:47:43.040Z,"118 km SW of Adak, Alaska",earthquake,4.85,12.505,0.091,16,reviewed,us,us
2026-05-21T08:54:43.945Z,61.22,-147.061,0.4,2.5,ml,66,35,0.3,0.7,ak,aka2026jzgxfn,2026-05-21T22:49:45.462Z,"39 km WNW of Valdez, Alaska",earthquake,2.3,1.7995,0.2,44,reviewed,ak,ak
2026-05-21T08:37:03.029Z,-56.0321,-27.6265,108.46,4.7,mb,42,94,5.374,0.95,us,us6000sz6d,2026-05-30T10:12:28.040Z,"South Sandwich Islands region",earthquake,12.38,8.273,0.086,41,reviewed,us,us
2026-05-21T08:30:26.670Z,19.144833333333,-64.5825,25.4,3.21,md,6,280,0.6731,0.37,pr,pr71517483,2026-05-21T11:44:34.570Z,"92 km NNE of Cruz Bay, U.S. Virgin Islands",earthquake,3.31,30.63,0.077516870479115,4,reviewed,pr,pr
2026-05-21T07:56:15.911Z,-5.3584,152.7393,10,4.3,mb,22,198,1.294,0.46,us,us7000sp31,2026-05-30T10:08:52.040Z,"123 km SSE of Kokopo, Papua New Guinea",earthquake,12.53,1.969,0.137,15,reviewed,us,us
2026-05-21T06:07:49.037Z,51.287,173.8139,10,4.4,mb,55,171,1.455,0.53,us,us6000sz5x,2026-05-30T09:40:49.040Z,"178 km SSE of Attu Station, Alaska",earthquake,7.47,1.954,0.05,116,reviewed,us,us
2026-05-21T06:06:58.169Z,-10.0788,161.0563,10,4.7,mb,38,86,1.265,1.06,us,us6000szn6,2026-05-30T09:37:36.040Z,"103 km WNW of Kirakira, Solomon Islands",earthquake,7.52,1.66,0.104,28,reviewed,us,us
2026-05-21T05:57:04.569Z,-15.8593,-175.9451,377.407,4,mb,19,157,4.467,0.58,us,us7000sp2w,2026-05-30T09:29:32.040Z,"230 km W of Hihifo, Tonga",earthquake,17.88,14.848,0.139,14,reviewed,us,us
2026-05-21T05:33:02.600Z,19.047333333333,-155.3735,33.63,2.45,ml,44,211,0.1905,0.12,hv,hv74965032,2026-05-30T09:16:47.040Z,"20 km SSE of Pāhala, Hawaii",earthquake,0.48,0.79,0.19502926491327,18,reviewed,hv,hv
2026-05-21T05:26:34.919Z,-15.4777,-174.8934,267.663,4.4,mb,47,75,3.39,0.48,us,us6000sz5u,2026-05-30T09:14:58.040Z,"128 km WNW of Hihifo, Tonga",earthquake,12.35,7.923,0.082,43,reviewed,us,us
2026-05-21T05:01:55.040Z,19.049,-155.37366666667,32.71,2.81,ml,46,208,0.1889,0.12,hv,hv74965022,2026-05-30T09:01:21.040Z,"20 km SSE of Pāhala, Hawaii",earthquake,0.47,0.89,0.17178405817798,36,reviewed,hv,hv
2026-05-21T04:36:55.859Z,59.702,-146.772,38.6,2.6,ml,70,99,0.4,0.7,ak,aka2026jyyhrh,2026-05-21T22:25:03.943Z,"80 km ESE of Chenega, Alaska",earthquake,3.4,4.3357,0.2,35,reviewed,ak,ak
2026-05-21T04:11:58.486Z,-33.3927,-109.1318,10,4.6,mb,42,157,6.217,0.55,us,us6000szn4,2026-05-23T06:47:33.040Z,"southern East Pacific Rise",earthquake,15.05,1.921,0.09,37,reviewed,us,us
2026-05-21T03:50:51.304Z,40.785,14.0677,7.387,4.1,mb,26,191,1.232,0.77,us,us6000sz5g,2026-05-21T17:38:59.980Z,"1 km SSW of Bacoli, Italy",earthquake,5.82,6.527,0.185,8,reviewed,us,us
2026-05-21T03:16:31.978Z,56.058,-159.967,6.1,2.5,ml,19,152,0.3,0.4,ak,aka2026jyvpyl,2026-05-21T21:49:18.322Z,"34 km WNW of Ivanof Bay, Alaska",earthquake,8.7,4.0804,0.2,14,reviewed,ak,ak
2026-05-21T03:03:17.836Z,31.152,-103.038,4.2029,2.6,ml,23,70,0,0.4,tx,tx2026jxftcy,2026-05-26T14:49:21.170Z,"10 km SSE of Coyanosa, Texas",earthquake,0.89625144100944,1.3064152285219,0.1,16,reviewed,tx,tx
2026-05-21T02:03:25.860Z,19.136666666667,-64.597333333333,31.63,3.4,md,10,273,0.669,0.25,pr,pr71517488,2026-05-21T12:25:46.730Z,"91 km NNE of Cruz Bay, U.S. Virgin Islands",earthquake,3.45,15.96,0.033238906606627,7,reviewed,pr,pr
2026-05-21T01:40:24.054Z,59.072,-153.458,84.9,2.6,ml,83,60,0.2,0.6,ak,aka2026jyskqc,2026-05-21T21:16:40.131Z,"79 km SE of Pope-Vannoy Landing, Alaska",earthquake,3.3,1.9314,0.3,49,reviewed,ak,ak
2026-05-21T01:21:57.210Z,19.4638,-64.8171,28,3.66,md,16,277,1.0579,0.49,pr,pr2026141000,2026-05-21T02:11:03.040Z,"124 km N of Charlotte Amalie, U.S. Virgin Islands",earthquake,2.36,30.13,0.12,8,reviewed,pr,pr
2026-05-21T01:06:33.602Z,34.0617,137.3718,328.915,4.1,mb,62,129,1.316,0.97,us,us6000sz4x,2026-05-21T02:01:25.040Z,"58 km ESE of Shima, Japan",earthquake,10.58,7.386,0.083,40,reviewed,us,us
2026-05-21T00:17:14.126Z,28.7388,52.3533,10,4.3,mb,43,81,5.109,0.62,us,us7000sp2k,2026-05-28T23:39:55.040Z,"24 km WSW of Fīrūzābād, Iran",earthquake,7.96,1.868,0.097,30,reviewed,us,us
2026-05-21T00:16:59.011Z,-27.7705,-176.3211,10,4.6,mb,8,258,2.04,0.65,us,us7000sp2l,2026-05-29T00:19:15.040Z,"Kermadec Islands region",earthquake,8.91,1.964,0.207,7,reviewed,us,us
2026-05-21T00:00:32.978Z,31.531,-104.004,7.6892,2.6,ml,48,56,0,0.2,tx,tx2026jwzrrw,2026-05-21T07:34:51.665Z,"31 km NW of Toyah, Texas",earthquake,0.65420971253184,0.6123183046207,0.1,25,reviewed,tx,tx
2026-05-20T23:45:40.550Z,19.045,-155.40083333333,34.47,2.64,ml,26,221,0.1242,0.1,hv,hv74964787,2026-05-21T03:05:06.400Z,"19 km E of Naalehu, Hawaii",earthquake,1.14,1.03,0.19625502474764,18,reviewed,hv,hv
2026-05-20T23:41:46.826Z,35.1057,24.5327,10,4,mb,32,210,0.345,1.6,us,us7000snni,2026-05-27T23:26:15.040Z,"14 km W of Agía Galíni, Greece",earthquake,4.66,1.918,0.122,18,reviewed,us,us
2026-05-20T23:21:35.840Z,37.067,-112.8585,8.65,2.64,ml,21,111,0.05817,0.22,uu,uu80140701,2026-05-21T13:11:05.190Z,"11 km NE of Hildale, Utah",earthquake,0.43,0.86,0.18963573442943,16,reviewed,uu,uu
2026-05-20T23:12:56.417Z,-6.1047,130.4649,121.871,4.9,mb,30,97,1.668,0.62,us,us6000sz43,2026-05-20T23:28:11.040Z,"258 km WSW of Tual, Indonesia",earthquake,8.57,6.685,0.108,27,reviewed,us,us
2026-05-20T23:01:01.063Z,-56.1584,-28.1034,137.015,5.7,mww,112,18,5.154,0.99,us,us6000sz3x,2026-05-21T23:27:52.760Z,"South Sandwich Islands region",earthquake,9.54,4.763,0.071,19,reviewed,us,us
2026-05-20T22:25:00.280Z,36.853666666667,-119.315,20.1,2.48,md,11,129,0.1107,0.2,nc,nc75366297,2026-05-30T03:37:21.978Z,"14 km NNW of Squaw Valley, CA",earthquake,0.59,0.81,0.134,11,reviewed,nc,nc
2026-05-20T21:57:47.180Z,18.024333333333,-66.750166666667,12.33,2.87,md,33,127,0.03959,0.17,pr,pr71517433,2026-05-22T00:04:35.040Z,"2 km ENE of Magas Arriba, Puerto Rico",earthquake,0.28,0.27,0.10108684955647,14,reviewed,pr,pr
2026-05-20T21:33:46.319Z,-57.0566,-25.0426,10,4.6,mb,33,110,7.044,0.63,us,us7000snne,2026-05-27T01:12:34.040Z,"South Sandwich Islands region",earthquake,13.54,1.932,0.097,32,reviewed,us,us
2026-05-20T21:27:25.947Z,36.3752,141.3757,35,4.2,mb,22,220,2.558,0.66,us,us7000snnd,2026-05-27T01:07:10.040Z,"69 km ESE of Hitachi, Japan",earthquake,9.89,1.997,0.175,9,reviewed,us,us
2026-05-20T21:24:43.397Z,39.3081,-119.0686,11.2101,2.77,ml,31,60,0.061,0.1406,nn,nn00918956,2026-05-22T00:02:49.040Z,"17 km SE of Silver Springs, Nevada",earthquake,,0.9722,0.24,14,reviewed,nn,nn
2026-05-20T21:20:22.615Z,62.705,-149.257,55.3,2.7,ml,99,20,0.2,1,ak,aka2026jyjtdv,2026-05-21T23:59:34.040Z,"51 km ENE of Chase, Alaska",earthquake,2,2.7144,0.2,63,reviewed,ak,ak
2026-05-20T21:09:22.806Z,51.85,-173.1559,60.119,3.3,ml,16,315,0.721,0.47,us,us6000szca,2026-05-21T23:44:35.040Z,"81 km ESE of Atka, Alaska",earthquake,18.32,37.73,0.105,12,reviewed,us,us
2026-05-20T21:06:40.179Z,53.1683,-165.9375,35,2.5,ml,14,236,0.758,0.49,us,us6000szc7,2026-05-21T23:24:29.040Z,"87 km SSE of Unalaska, Alaska",earthquake,4.78,2.014,0.105,12,reviewed,us,us
2026-05-20T21:04:58.655Z,-7.8862,108.2822,76.325,4.4,mb,32,106,0.755,0.42,us,us7000snnc,2026-05-27T00:37:04.040Z,"56 km S of Kawalu, Indonesia",earthquake,8.78,7.058,0.107,25,reviewed,us,us
2026-05-20T20:40:14.891Z,59.865,-151.443,75.9,3.3,ml,115,84,0.2,0.8,ak,aka2026jyikjn,2026-05-21T19:21:49.053Z,"11 km ENE of Nikolaevsk, Alaska",earthquake,2.2,1.8497,0.2,74,reviewed,ak,ak
2026-05-20T19:30:40.065Z,60.174,-140.735,1.3,2.7,ml,33,136,0.7,0.6,ak,aka2026jygccz,2026-05-21T18:45:23.632Z,"89 km NW of Yakutat, Alaska",earthquake,4.2,2.778,0.2,24,reviewed,ak,ak
2026-05-20T19:00:00.160Z,17.9265,-65.499833333333,32.24,2.53,md,18,212,0.2209,0.21,pr,pr71517423,2026-05-20T19:52:47.660Z,"19 km S of Esperanza, Puerto Rico",earthquake,1.06,1.37,0.094680490846928,7,reviewed,pr,pr
2026-05-20T18:46:32.030Z,35.79766667,-96.65483333,7.94,2.7,ml,96,30,0,0.21,ok,ok2026jvkc,2026-05-20T20:47:19.040Z,"5 km N of Stroud, Oklahoma",earthquake,,0.5,0.2,43,reviewed,ok,ok
2026-05-20T18:36:39.632Z,-54.7454,-118.6623,10,5,mb,54,93,27.471,0.74,us,us6000sz1t,2026-05-21T15:21:36.040Z,"southern East Pacific Rise",earthquake,15.28,1.909,0.071,63,reviewed,us,us
2026-05-20T18:17:04.105Z,38.185,-117.8076,1.7259,2.65,ml,8,132,0.552,0.1168,nn,nn00918950,2026-05-20T18:19:41.036Z,"34 km SE of Mina, Nevada",earthquake,,2.7522,0,1,automatic,nn,nn
2026-05-20T17:43:01.910Z,-55.984,-122.2988,10,6.6,mww,226,42,27.49,0.84,us,us6000sz1d,2026-05-21T18:12:25.066Z,"southern East Pacific Rise",earthquake,10.6,1.716,0.049,40,reviewed,us,us
2026-05-20T17:40:13.730Z,19.213333333333,-64.531,32.01,3.34,md,9,281,0.7295,0.32,pr,pr71517393,2026-05-20T20:32:32.040Z,"101 km NNE of Cruz Bay, U.S. Virgin Islands",earthquake,4.23,20.87,0.10294777305458,6,reviewed,pr,pr
2026-05-20T17:20:41.110Z,18.9035,-155.46416666667,32.31,2.68,ml,40,248,0.2071,0.14,hv,hv74964477,2026-05-21T00:21:42.560Z,"21 km SE of Naalehu, Hawaii",earthquake,0.56,1.25,0.20322017093526,17,reviewed,hv,hv
2026-05-20T16:53:34.093Z,-19.4154,169.4819,260.004,4.5,mb,88,59,3.706,0.81,us,us6000sz0k,2026-05-20T19:14:43.040Z,"25 km ENE of Isangel, Vanuatu",earthquake,8.9,5.671,0.071,59,reviewed,us,us
2026-05-20T16:53:24.769Z,57.923,-155.876,8,2.9,ml,59,46,0.2,0.7,ak,aka2026jyavrr,2026-05-21T18:33:04.952Z,"93 km WNW of Karluk, Alaska",earthquake,2.7,1.3647,0.1,43,reviewed,ak,ak
2026-05-20T16:04:21.981Z,61.518,-149.905,36.8,2.5,ml,69,29,0.2,0.8,ak,aka2026jxzfdw,2026-05-21T17:46:49.472Z,"2 km E of Big Lake, Alaska",earthquake,2.3,1.9849,0.2,42,reviewed,ak,ak
2026-05-20T15:49:06.080Z,18.607333333333,-66.815166666667,71.79,2.81,md,17,217,0.2657,0.19,pr,pr71517363,2026-05-20T16:39:58.040Z,"13 km N of Hatillo, Puerto Rico",earthquake,0.94,0.71,0.069023476409245,14,reviewed,pr,pr
2026-05-20T15:23:00.482Z,63.264,-150.401,118,3,ml,145,29,0.7,0.8,ak,aka2026jxxvhl,2026-05-21T05:23:54.787Z,"72 km ESE of Denali National Park, Alaska",earthquake,2,2.0137,0.3,93,reviewed,ak,ak
2026-05-20T14:14:33.020Z,55.4511,12.0211,10,3.5,mb,17,81,1.175,0.49,us,us6000syyn,2026-05-26T09:50:38.152Z,"1 km SW of Bjæverskov, Denmark",earthquake,6.78,1.997,0.351,2,reviewed,us,us
2026-05-20T14:03:35.458Z,60.226,-152.266,88.5,3.8,ml,187,31,0.3,0.8,ak,aka2026jxvdyp,2026-05-20T17:53:00.152Z,"38 km WNW of Ninilchik, Alaska",earthquake,2,1.4577,0.2,130,reviewed,ak,ak
2026-05-20T13:51:40.023Z,-20.8027,-178.5997,590.274,4.5,mb,51,138,4.387,0.67,us,us6000syyi,2026-05-20T16:02:34.040Z,"Fiji region",earthquake,14.53,8.486,0.068,62,reviewed,us,us
2026-05-20T13:04:42.003Z,65.161,-168.656,25.9,3.6,ml,30,232,1.5,0.9,ak,aka2026jxtgrz,2026-05-20T19:33:31.795Z,"56 km SSW of Wales, Alaska",earthquake,14.1,18.9524,0.1,16,reviewed,ak,ak
2026-05-20T12:48:57.091Z,1.2853,126.3051,53.852,4.6,mb,42,98,6.798,0.74,us,us6000syyd,2026-05-20T13:11:46.040Z,"131 km WNW of Ternate, Indonesia",earthquake,11.49,7.49,0.092,35,reviewed,us,us
2026-05-20T12:25:35.650Z,23.2439,121.4465,24.62,4.9,mb,62,65,0.202,0.73,us,us6000syy7,2026-05-20T13:35:37.040Z,"82 km S of Hualien City, Taiwan",earthquake,3.54,4.959,0.074,57,reviewed,us,us
2026-05-20T12:02:00.070Z,19.181,-64.660833333333,29.88,2.91,md,5,305,0.7294,0.46,pr,pr71517383,2026-05-20T17:20:55.310Z,"95 km N of Cruz Bay, U.S. Virgin Islands",earthquake,5.77,28.74,0.04951847824822,4,reviewed,pr,pr
2026-05-20T11:05:03.232Z,61.98,-150.43,64.6,2.9,ml,90,31,0.4,0.8,ak,aka2026jxpfqp,2026-05-27T09:03:56.040Z,"33 km NW of Willow, Alaska",earthquake,2,3.0105,0.2,67,reviewed,ak,ak
2026-05-20T10:28:49.290Z,-8.2248,119.2187,10,5.2,mb,57,46,3.233,0.54,us,us6000syy1,2026-05-20T10:44:23.040Z,"45 km NE of Sape, Indonesia",earthquake,6.4,1.54,0.089,41,reviewed,us,us
2026-05-20T09:40:32.226Z,-17.312,175.9863,10,5.1,mb,29,105,2.018,0.66,us,us6000syxz,2026-05-20T10:10:38.040Z,"159 km WNW of Lautoka, Fiji",earthquake,6.82,1.904,0.058,96,reviewed,us,us
2026-05-20T09:19:20.707Z,2.7046,-84.4428,10,4.4,mb,65,137,6.471,0.59,us,us6000syxr,2026-05-27T08:47:57.040Z,"off the coast of Central America",earthquake,9.83,1.918,0.086,39,reviewed,us,us
2026-05-20T09:07:21.517Z,34.9488,26.015,10,4.2,mb,54,171,0.982,0.77,us,us6000syxs,2026-05-27T07:36:52.040Z,"25 km ESE of Kentrí, Greece",earthquake,3.78,1.954,0.091,34,reviewed,us,us
2026-05-20T08:17:13.480Z,19.6956,-63.6011,28,3.74,md,16,308,1.4473,0.41,pr,pr2026140000,2026-05-20T13:25:55.369Z,"173 km NNW of The Valley, Anguilla",earthquake,1.92,30.99,0.16,11,reviewed,pr,pr
2026-05-20T08:06:34.756Z,41.3154,83.5113,10,4.5,mb,36,103,3.24,1.05,us,us6000syxi,2026-05-21T07:20:47.040Z,"65 km SE of Kuqa, China",earthquake,7.96,1.936,0.14,15,reviewed,us,us
2026-05-20T06:45:23.564Z,52.3636,-169.7704,10,3,ml,19,213,0.425,0.28,us,us6000sz52,2026-05-21T05:53:07.040Z,"88 km SW of Nikolski, Alaska",earthquake,2.4,1.863,0.091,16,reviewed,us,us
2026-05-20T06:44:24.068Z,44.5561,-114.2865,5,2.6,ml,32,53,0.603,0.92,us,us6000syx9,2026-05-23T15:27:40.798Z,"7 km NW of Challis, Idaho",earthquake,2.35,1.91,0.045,66,reviewed,us,us
2026-05-20T06:02:41.296Z,52.5936,-167.0105,10,3.2,ml,19,218,0.983,0.6,us,us6000sz4w,2026-05-21T05:33:02.040Z,"130 km ESE of Nikolski, Alaska",earthquake,3.34,1.837,0.097,14,reviewed,us,us
2026-05-20T06:00:16.653Z,38.2157,38.6061,10,5.4,mww,107,21,0.574,0.94,us,us6000syx6,2026-05-21T06:32:56.833Z,"19 km N of Sincik, Turkey",earthquake,4.69,1.312,0.06,27,reviewed,us,us
2026-05-20T04:48:36.161Z,-5.4916,147.0339,175.287,4.2,mb,16,126,3.89,1.17,us,us7000snmf,2026-05-27T23:35:12.040Z,"136 km N of Lae, Papua New Guinea",earthquake,10.04,9.529,0.186,8,reviewed,us,us
2026-05-20T04:04:58.700Z,19.183833333333,-64.606833333333,29.98,2.67,md,5,307,0.7166,0.11,pr,pr71517428,2026-05-20T19:27:00.620Z,"96 km NNE of Cruz Bay, U.S. Virgin Islands",earthquake,0.96,6.05,0.096776291473299,3,reviewed,pr,pr
2026-05-20T04:00:51.840Z,19.067,-64.787166666667,24.19,2.66,md,3,295,0.6797,0.08,pr,pr71517398,2026-05-20T17:54:11.980Z,"81 km N of Cruz Bay, U.S. Virgin Islands",earthquake,1.17,10.73,0.0076026563270708,3,reviewed,pr,pr
2026-05-20T03:59:13.790Z,18.866166666667,-64.469166666667,61.84,3.01,md,4,295,0.3793,0.12,pr,pr71517373,2026-05-20T16:54:53.600Z,"68 km NNE of Cruz Bay, U.S. Virgin Islands",earthquake,9.14,7.11,0.088633681696077,3,reviewed,pr,pr
2026-05-20T03:57:56.330Z,19.145,-64.586833333333,18.77,3.21,md,7,279,0.6743,0.28,pr,pr71517358,2026-05-20T15:35:18.140Z,"92 km NNE of Cruz Bay, U.S. Virgin Islands",earthquake,4.32,8.61,0.17449524290201,7,reviewed,pr,pr
2026-05-20T03:57:48.560Z,19.408833333333,-155.62033333333,-1.65,2.55,ml,44,88,0.06836,0.28,hv,hv74964282,2026-05-22T00:03:17.040Z,"26 km ESE of Honaunau-Napoopoo, Hawaii",earthquake,0.31,0.5,0.18063625160882,35,reviewed,hv,hv
2026-05-20T03:57:04.200Z,19.067166666667,-64.803333333333,36.04,2.94,md,8,262,0.6665,0.25,pr,pr71517343,2026-05-20T15:08:27.910Z,"81 km N of Charlotte Amalie, U.S. Virgin Islands",earthquake,5.02,15.74,0.096705389649385,5,reviewed,pr,pr
2026-05-20T02:50:48.270Z,19.127,-64.373833333333,21.48,3.09,md,5,316,0.634,0.22,pr,pr71517353,2026-05-20T16:19:11.540Z,"98 km NNE of Cruz Bay, U.S. Virgin Islands",earthquake,1.61,17.26,0.023091280556715,3,reviewed,pr,pr
2026-05-20T02:47:16.203Z,54.5223,-160.4136,5,3.1,ml,22,227,1.049,0.75,us,us6000sz3s,2026-05-21T23:56:11.040Z,"90 km S of Sand Point, Alaska",earthquake,2.69,1.893,0.105,12,reviewed,us,us
2026-05-20T02:46:24.884Z,27.392,128.7336,42,5.9,mww,109,19,0.69,1.28,us,us6000syw4,2026-05-21T03:12:30.258Z,"8 km E of Wadomari, Japan",earthquake,5.48,1.878,0.048,41,reviewed,us,us
2026-05-20T02:46:19.106Z,-41.3229,-89.5644,10,5,mww,19,156,14.368,1.23,us,us6000syx0,2026-05-22T00:22:08.040Z,"southeast of Easter Island",earthquake,11.4,1.929,0.066,22,reviewed,us,us
2026-05-20T02:44:26.138Z,54.3221,-161.3871,5,2.8,ml,20,231,0.848,0.54,us,us6000sz3q,2026-05-22T00:43:52.040Z,"101 km SE of King Cove, Alaska",earthquake,2.38,1.97,0.115,10,reviewed,us,us
2026-05-20T02:37:42.179Z,7.5271,126.9379,10,4.3,mb,12,138,1.422,1.21,us,us7000snmc,2026-05-28T02:14:58.040Z,"39 km ENE of Baculin, Philippines",earthquake,8.99,1.939,0.201,7,reviewed,us,us
2026-05-20T02:34:06.578Z,-28.2623,-66.1482,10,4.5,mb,33,105,3.833,1.3,us,us6000syvz,2026-05-20T03:59:17.040Z,"6 km N of Mutquín, Argentina",earthquake,10.11,1.919,0.171,10,reviewed,us,us
2026-05-20T02:32:49.773Z,-16.0035,-176.2457,366.816,4.5,mb,30,115,4.237,0.51,us,us6000syw1,2026-05-20T03:39:19.040Z,"262 km W of Hihifo, Tonga",earthquake,13.62,7.319,0.045,145,reviewed,us,us
2026-05-20T02:26:50.846Z,10.0039,125.8249,79.634,4.7,mb,33,133,2.925,0.79,us,us6000syw0,2026-05-20T06:21:51.942Z,"19 km ENE of Cagdianao, Philippines",earthquake,13.95,8.132,0.067,68,reviewed,us,us
2026-05-20T02:19:27.560Z,19.254,-64.621,27.65,3.42,md,18,276,0.7874,0.24,pr,pr71517308,2026-05-20T10:27:42.890Z,"103 km N of Cruz Bay, U.S. Virgin Islands",earthquake,1.97,17.35,0.1610265653694,10,reviewed,pr,pr
2026-05-20T02:09:26.638Z,-4.8387,151.4809,71.131,4.3,mb,15,159,0.936,1.09,us,us7000snmb,2026-05-28T02:32:38.040Z,"103 km WSW of Kokopo, Papua New Guinea",earthquake,16.26,14.795,0.153,12,reviewed,us,us
2026-05-20T02:07:08.560Z,19.010833333333,-64.270166666667,22.27,3.14,md,5,302,0.5328,0.3,pr,pr71517338,2026-05-20T14:47:54.050Z,"93 km NE of Cruz Bay, U.S. Virgin Islands",earthquake,2.21,25.81,0.12513020838829,5,reviewed,pr,pr
2026-05-20T02:03:24.812Z,2.3041,96.2647,10,4.6,mb,20,199,1.644,1,us,us6000syw5,2026-05-20T03:29:31.040Z,"23 km SSW of Sinabang, Indonesia",earthquake,7.7,1.958,0.152,13,reviewed,us,us
2026-05-20T01:50:53.166Z,54.4101,-160.3546,2.102,2.5,ml,17,247,1.146,0.48,us,us6000sz3k,2026-05-22T00:39:59.040Z,"103 km S of Sand Point, Alaska",earthquake,4.93,9.888,0.128,8,reviewed,us,us
2026-05-20T01:50:29.820Z,19.014833333333,-65.196666666667,23.98,3.08,md,13,237,0.6971,0.31,pr,pr71517378,2026-05-22T00:38:17.040Z,"79 km N of Culebra, Puerto Rico",earthquake,1.49,19.79,0.087439183231455,8,reviewed,pr,pr
2026-05-20T01:49:45.580Z,19.1442,-65.1539,21.981,2.9,ml,14,254,0.809,0.51,us,us6000syvv,2026-05-20T01:58:11.040Z,"91 km NNW of Charlotte Amalie, U.S. Virgin Islands",earthquake,4.41,16.795,0.069,28,reviewed,us,us
2026-05-20T01:11:57.759Z,23.311,121.4279,24.634,4.3,mwr,17,81,0.145,1.34,us,us6000syvs,2026-05-20T04:01:38.676Z,"75 km SSW of Hualien City, Taiwan",earthquake,2.3,6.803,0.086,13,reviewed,us,us
2026-05-20T00:41:46.000Z,19.015666666667,-64.623166666667,60.6,3.03,md,8,265,0.563,0.39,pr,pr71517328,2026-05-20T14:24:29.750Z,"77 km NNE of Cruz Bay, U.S. Virgin Islands",earthquake,3.35,5.54,0.020681397116073,3,reviewed,pr,pr
2026-05-20T00:40:13.303Z,-17.419,-175.9026,249.234,4.2,mb,20,170,4.62,0.43,us,us7000snma,2026-05-27T00:24:31.040Z,"244 km NW of Neiafu, Tonga",earthquake,9.29,8.588,0.137,15,reviewed,us,us
2026-05-20T00:13:34.951Z,24.6296,109.273,10,4.4,mb,27,125,5.598,0.67,us,us7000snm9,2026-05-27T00:08:31.040Z,"36 km NNW of Liuzhou, China",earthquake,10.34,1.912,0.134,16,reviewed,us,us
2026-05-19T23:41:45.833Z,27.2424,55.7928,10,4.3,mb,38,123,2.317,0.76,us,us6000t07m,2026-05-26T23:58:56.040Z,"48 km W of Bandar Abbas, Iran",earthquake,3.19,1.948,0.113,22,reviewed,us,us
2026-05-19T23:40:10.001Z,27.2446,55.8114,10,4.7,mb,99,63,2.317,0.5,us,us6000syve,2026-05-26T23:52:28.040Z,"46 km W of Bandar Abbas, Iran",earthquake,10.02,1.87,0.058,89,reviewed,us,us
2026-05-19T23:27:30.354Z,52.103,-170.943,11.1,3,ml,11,219,1,0.7,ak,aka2026jwryvl,2026-05-20T20:52:25.043Z,"169 km SW of Nikolski, Alaska",earthquake,26.3,10.8367,0.2,9,reviewed,ak,ak
2026-05-19T23:11:56.183Z,36.3152,137.077,262.065,4.5,mb,65,86,0.744,0.48,us,us6000syva,2026-05-26T23:47:14.040Z,"25 km NW of Takayama, Japan",earthquake,9.02,6.445,0.041,177,reviewed,us,us
2026-05-19T22:38:47.873Z,51.7102,-179.8449,89.503,2.9,ml,18,135,0.353,0.33,us,us6000sz2y,2026-05-21T23:06:00.040Z,"222 km W of Adak, Alaska",earthquake,4.58,5.903,0.091,16,reviewed,us,us
2026-05-19T22:23:42.190Z,32.811833333333,-115.46866666667,15.8,2.55,ml,47,34,0.01953,0.28,ci,ci41470568,2026-05-20T15:53:02.210Z,"8 km W of Holtville, CA",earthquake,0.28,0.41,0.19970956201605,70,reviewed,ci,ci
2026-05-19T22:13:09.710Z,-17.959,-175.3962,225.732,4.2,mb,17,141,5.306,0.75,us,us6000t07l,2026-05-26T23:40:16.040Z,"167 km WNW of Neiafu, Tonga",earthquake,8.05,12.835,0.141,14,reviewed,us,us
2026-05-19T21:55:49.438Z,50.1555,-179.9599,10,3.6,ml,29,269,1.311,0.58,us,us6000sz2x,2026-05-21T22:58:06.040Z,"Andreanof Islands, Aleutian Islands, Alaska",earthquake,3.92,2.019,0.091,16,reviewed,us,us
2026-05-19T21:29:59.252Z,-28.5291,-69.9525,108.436,4.1,mb,26,70,0.813,0.77,us,us6000syuh,2026-05-26T21:37:26.040Z,"79 km E of Vallenar, Chile",earthquake,6.16,7.472,0.198,7,reviewed,us,us
2026-05-19T20:40:43.474Z,40.2711,63.0858,10,5,mww,114,67,3.548,0.6,us,us6000syu7,2026-05-19T21:49:52.680Z,"35 km WNW of Gazli, Uzbekistan",earthquake,8,1.831,0.066,22,reviewed,us,us
2026-05-19T19:42:29.270Z,33.881666666667,-118.45083333333,10.64,2.66,ml,84,117,0.06379,0.27,ci,ci41470432,2026-05-21T19:29:33.777Z,"4 km W of Manhattan Beach, CA",earthquake,0.24,0.4,0.17328943556085,175,reviewed,ci,ci
2026-05-19T19:32:53.646Z,1.9254,128.2184,104.217,4.5,mb,75,93,6.276,0.79,us,us6000sytr,2026-05-19T21:15:13.040Z,"31 km NE of Tobelo, Indonesia",earthquake,12.78,7.017,0.069,62,reviewed,us,us
2026-05-19T18:23:07.290Z,18.976166666667,-64.416666666667,61.56,2.9,md,4,306,0.4835,0.12,pr,pr71517288,2026-05-19T20:14:20.500Z,"81 km NNE of Cruz Bay, U.S. Virgin Islands",earthquake,8.91,8.61,0.091463606165555,3,reviewed,pr,pr
2026-05-19T18:20:53.720Z,18.974333333333,-64.326666666667,53.58,3.24,md,8,293,0.4868,0.29,pr,pr71517278,2026-05-19T20:14:32.040Z,"86 km NE of Cruz Bay, U.S. Virgin Islands",earthquake,7.16,8.64,0.072839815028032,6,reviewed,pr,pr
2026-05-19T17:57:54.220Z,-14.2075,-75.5167,56.53,5.8,mww,148,48,2.557,0.6,us,us6000syt5,2026-05-21T05:55:35.006Z,"20 km ESE of Pampa de Tate, Peru",earthquake,8.11,4.313,0.055,32,reviewed,us,us
2026-05-19T17:57:26.930Z,19.0005,-64.294333333333,51.43,3.39,md,12,297,0.5178,0.4,pr,pr71517263,2026-05-19T20:11:14.040Z,"90 km NE of Cruz Bay, U.S. Virgin Islands",earthquake,8.29,10.71,0.11209956599043,6,reviewed,pr,pr
2026-05-19T17:47:37.800Z,18.9983,-64.2425,57,4.13,md,19,297,0.5325,0.38,pr,pr2026139001,2026-05-19T18:30:06.193Z,"93 km NE of Cruz Bay, U.S. Virgin Islands",earthquake,5.16,6.06,0.09,10,reviewed,pr,pr
2026-05-19T17:42:56.204Z,38.1246,68.9833,10,4.5,mb,61,103,2.2,0.92,us,us6000syt3,2026-05-20T04:25:07.693Z,"21 km SSW of Yovon, Tajikistan",earthquake,8.34,1.883,0.081,44,reviewed,us,us
2026-05-19T17:42:45.958Z,61.0211,-139.928,16.637,2.7,ml,21,103,0.562,0.91,us,us6000syt0,2026-05-20T20:26:47.161Z,"164 km N of Yakutat, Alaska",earthquake,4.19,2.894,0.048,56,reviewed,us,us
2026-05-19T16:41:58.540Z,19.043333333333,-64.565,58.36,3.35,md,16,270,0.5713,0.26,pr,pr71517233,2026-05-20T13:41:04.040Z,"82 km NNE of Cruz Bay, U.S. Virgin Islands",earthquake,3.45,5.01,0.077843423399725,8,reviewed,pr,pr
2026-05-19T16:37:20.610Z,19.1385,-65.176,29.57,3.4,md,9,248,0.8091,0.27,pr,pr71517228,2026-05-19T17:26:18.920Z,"91 km NNW of Charlotte Amalie, U.S. Virgin Islands",earthquake,2.64,18.91,0.078291487144407,6,reviewed,pr,pr
2026-05-19T16:02:57.068Z,57.539,-154.118,46.3,3,ml,69,57,0.2,0.6,ak,aka2026jwddjd,2026-05-20T19:56:39.265Z,"8 km W of Larsen Bay, Alaska",earthquake,3,3.887,0.3,49,reviewed,ak,ak
2026-05-19T15:48:58.408Z,52.4422,-175.4563,229.806,3.8,mb,63,119,0.508,0.58,us,us6000sz2f,2026-05-20T20:17:18.040Z,"89 km WNW of Atka, Alaska",earthquake,14.75,9.589,0.096,32,reviewed,us,us
2026-05-19T15:36:58.450Z,40.296166666667,-124.6075,18.75,2.48,md,53,244,0.2028,0.22,nc,nc75365637,2026-05-29T23:27:22.392Z,"28 km W of Petrolia, CA",earthquake,0.76,0.45,0.304,46,reviewed,nc,nc
2026-05-19T15:27:37.057Z,53.499,-160.1611,10,3.5,ml,32,234,1.932,0.49,us,us6000sz2b,2026-05-20T20:07:32.040Z,"205 km S of Sand Point, Alaska",earthquake,6.5,2.004,0.074,24,reviewed,us,us
2026-05-19T14:55:57.493Z,64.491,-146.901,7.8,2.5,ml,44,36,0.1,0.6,ak,aka2026jwaxhe,2026-05-20T19:37:23.213Z,"3 km S of Salcha, Alaska",earthquake,2.2,1.3806,0.2,31,reviewed,ak,ak
2026-05-19T14:18:39.445Z,-17.8472,168.2588,62.148,4.8,mww,79,125,2.592,0.81,us,us6000syr2,2026-05-19T21:33:33.878Z,"13 km SSW of Port-Vila, Vanuatu",earthquake,4.64,6.783,0.093,11,reviewed,us,us
2026-05-19T14:17:32.447Z,12.6047,-88.1992,64.898,4.7,mb,217,139,0.868,0.62,us,us6000syr1,2026-05-19T18:10:58.040Z,"67 km SSW of Intipucá, El Salvador",earthquake,6.42,5.747,0.033,273,reviewed,us,us
2026-05-19T13:34:33.460Z,19.0983,-65.1711,27,4.05,md,17,244,0.7737,0.28,pr,pr2026139000,2026-05-19T17:04:39.040Z,"87 km NNW of Charlotte Amalie, U.S. Virgin Islands",earthquake,1.8,16.89,0.06,6,reviewed,pr,pr
2026-05-19T13:30:13.495Z,51.5008,-177.7098,40.478,3.1,ml,24,196,0.281,0.63,us,us6000syww,2026-05-20T13:45:44.040Z,"85 km WSW of Adak, Alaska",earthquake,4.87,13.097,0.091,16,reviewed,us,us
2026-05-19T13:20:24.077Z,-6.1852,150.471,60.428,4.7,mb,23,118,2.601,0.57,us,us6000syqy,2026-05-19T16:29:29.040Z,"79 km SSE of Kimbe, Papua New Guinea",earthquake,9.37,9.298,0.142,15,reviewed,us,us
2026-05-19T11:56:46.917Z,64.618,-149.361,18.3,2.6,ml,15,115,0.1,0.5,ak,aka2026jvuxxj,2026-05-19T12:56:08.014Z,"11 km W of Four Mile Road, Alaska",earthquake,4,2.3364,0.2,12,reviewed,ak,ak
2026-05-19T11:50:29.210Z,33.9648,47.7538,10,4.8,mb,76,87,2.034,0.65,us,us6000syqi,2026-05-19T12:45:03.040Z,"23 km WSW of Nūrābād, Iran",earthquake,6.57,1.864,0.061,84,reviewed,us,us
2026-05-19T11:41:24.324Z,64.743,-156.039,13.5,4.8,ml,166,33,0.4,1,ak,aka2026jvukrx,2026-05-19T20:38:54.965Z,"26 km W of Ruby, Alaska",earthquake,2.3,2.4422,0.2,111,reviewed,ak,ak
2026-05-19T10:55:00.947Z,31.845,-101.813,9.4482,3.2,ml,53,42,0.1,0.2,tx,tx2026judurf,2026-05-21T03:49:18.050Z,"30 km SE of Midland, Texas",earthquake,0.53559314837716,0.74786857080815,0.2,22,reviewed,tx,tx
2026-05-19T10:32:43.030Z,19.4745,-155.45516666667,0.56,2.51,ml,46,43,0.05505,0.18,hv,hv74963767,2026-05-20T09:39:18.040Z,"23 km W of Volcano, Hawaii",earthquake,0.21,0.57,0.33428604124598,36,reviewed,hv,hv
2026-05-19T10:23:35.881Z,40.883,142.4521,70.49,4.5,mb,75,130,1.057,0.71,us,us6000syq4,2026-05-19T13:27:36.040Z,"91 km ENE of Hachinohe, Japan",earthquake,7.23,6.614,0.07,60,reviewed,us,us
2026-05-19T10:08:36.603Z,63.008,-150.733,116.5,3.2,ml,134,26,0.5,1,ak,aka2026jvrico,2026-05-20T09:12:38.040Z,"57 km N of Petersville, Alaska",earthquake,2.1,2.1871,0.2,97,reviewed,ak,ak
2026-05-19T09:58:03.191Z,-22.0278,-179.4962,589.802,4.6,mb,67,54,4.845,0.83,us,us6000sypz,2026-05-19T13:52:20.040Z,"south of the Fiji Islands",earthquake,12.63,8.75,0.064,72,reviewed,us,us
2026-05-19T09:45:53.296Z,54.203,-161.405,0.8,2.5,ml,11,259,0.9,0.5,ak,aka2026jvqopl,2026-05-19T22:29:26.506Z,"112 km SSE of King Cove, Alaska",earthquake,9.6,5.0304,0.2,8,reviewed,ak,ak
2026-05-19T09:19:35.007Z,51.7117,-175.0656,35,2.7,ml,18,225,0.6,0.43,us,us6000syur,2026-05-20T09:01:40.040Z,"80 km SW of Atka, Alaska",earthquake,5.4,2.02,0.115,10,reviewed,us,us
2026-05-19T09:10:19.250Z,18.874666666667,-155.20566666667,10.37,3.31,ml,53,258,0.404,0.15,hv,hv74963752,2026-05-23T08:35:28.742Z,"44 km ESE of Naalehu, Hawaii",earthquake,0.44,0.56,0.2427962552705,45,reviewed,hv,hv
2026-05-19T09:09:42.220Z,51.1971,-177.4562,35,3.1,ml,28,214,0.582,0.82,us,us6000syuq,2026-05-20T08:57:39.040Z,"94 km SW of Adak, Alaska",earthquake,2.76,2.013,0.091,16,reviewed,us,us
2026-05-19T08:23:32.483Z,62.852,-150.977,100.6,2.6,ml,102,39,0.3,0.8,ak,aka2026jvnvap,2026-05-20T05:46:09.040Z,"41 km NNW of Petersville, Alaska",earthquake,2.2,2.3028,0.2,69,reviewed,ak,ak
2026-05-19T06:47:52.859Z,35.39716667,-96.81583333,17.47,3.5,ml,97,31,0,0.19,ok,ok2026jsqw,2026-05-20T00:00:24.267Z,"2 km ESE of Johnson, Oklahoma",earthquake,,0.5,0.24,42,reviewed,ok,ok
2026-05-19T06:39:49.800Z,18.679666666667,-64.938166666667,63.82,2.75,md,3,248,0.326,0.08,pr,pr71517213,2026-05-19T16:01:57.130Z,"37 km N of Charlotte Amalie, U.S. Virgin Islands",earthquake,9.05,5.06,0.086283246029665,3,reviewed,pr,pr
2026-05-19T06:38:23.570Z,19.082333333333,-65.157833333333,20.82,3.14,md,15,243,0.7507,0.29,pr,pr71517133,2026-05-19T07:34:37.330Z,"85 km NNW of Charlotte Amalie, U.S. Virgin Islands",earthquake,1.2,23.36,0.10872080018534,9,reviewed,pr,pr
2026-05-19T06:08:56.350Z,42.976,-124.55233333333,20.06,2.57,ml,16,209,0.1397,0.16,uw,uw62248397,2026-05-20T17:53:52.900Z,"10 km NW of Langlois, Oregon",earthquake,0.49,0.6,0.21522874321481,18,reviewed,uw,uw
2026-05-19T05:13:05.232Z,51.134,-176.404,17.3,2.6,ml,16,254,0.7,0.4,ak,aka2026jvhlwn,2026-05-19T21:32:57.111Z,"83 km S of Adak, Alaska",earthquake,6.6,7.1046,0.1,13,reviewed,ak,ak
2026-05-19T05:04:03.098Z,25.0353,124.483,101.284,4.4,mb,50,86,0.691,0.81,us,us6000sypf,2026-05-19T05:22:47.040Z,"46 km NNW of Tarama, Japan",earthquake,7.69,6.779,0.089,37,reviewed,us,us
2026-05-19T05:01:00.497Z,53.467,-165.26,26.4,2.5,ml,14,246,0.7,0.7,ak,aka2026jvhbka,2026-05-19T21:30:11.104Z,"81 km SSE of Akutan, Alaska",earthquake,10,5.4065,0.1,7,reviewed,ak,ak
2026-05-19T03:42:51.350Z,19.197666666667,-155.4985,32.23,2.46,ml,45,77,0.05045,0.12,hv,hv74963642,2026-05-19T18:16:48.070Z,"2 km WSW of Pāhala, Hawaii",earthquake,0.45,0.53,0.12200950883202,33,reviewed,hv,hv
2026-05-19T03:17:03.782Z,-17.7595,-178.7166,564.728,4.6,mb,50,79,2.23,0.73,us,us6000syp2,2026-05-19T03:34:33.040Z,"211 km E of Levuka, Fiji",earthquake,12.76,7.896,0.031,315,reviewed,us,us
2026-05-19T03:01:33.226Z,55.875,-159.814,94.5,3,ml,37,177,0.3,0.6,ak,aka2026jvdccp,2026-05-19T21:04:17.855Z,"20 km W of Ivanof Bay, Alaska",earthquake,14,2.6007,0.3,25,reviewed,ak,ak
2026-05-19T02:53:53.724Z,-10.2484,161.1887,81.553,4.8,mb,28,79,1.464,0.52,us,us6000synu,2026-05-19T03:09:00.040Z,"83 km WNW of Kirakira, Solomon Islands",earthquake,10.43,6.091,0.087,41,reviewed,us,us
2026-05-19T02:29:24.366Z,-18.1511,168.0931,27,5.7,mww,127,27,2.821,0.75,us,us6000synm,2026-05-20T02:50:18.694Z,"51 km SSW of Port-Vila, Vanuatu",earthquake,7.16,1.805,0.054,33,reviewed,us,us
2026-05-19T02:19:14.390Z,19.713666666667,-156.094,9.12,2.92,ml,46,232,0.09406,0.23,hv,hv74963592,2026-05-20T09:37:26.488Z,"11 km W of Kalaoa, Hawaii",earthquake,0.73,0.38,0.21760536506391,20,reviewed,hv,hv
2026-05-19T02:05:46.128Z,62.043,-152.611,158.5,3.8,ml,181,22,0.5,1,ak,aka2026jvbfls,2026-05-19T02:18:24.570Z,"63 km W of Skwentna, Alaska",earthquake,2,1.7483,0.3,120,reviewed,ak,ak
2026-05-19T02:01:25.256Z,51.3819,-176.7552,32.349,3.7,mb,41,197,0.484,0.47,us,us6000synd,2026-05-19T03:12:44.040Z,"55 km S of Adak, Alaska",earthquake,3.91,10.009,0.098,26,reviewed,us,us
2026-05-19T00:51:45.562Z,51.5137,-176.4116,35,2.5,ml,19,220,0.349,0.58,us,us6000syu2,2026-05-26T00:24:42.040Z,"42 km SSE of Adak, Alaska",earthquake,2.92,1.988,0.128,8,reviewed,us,us
2026-05-19T00:30:15.335Z,55.348,-159.356,6.2,2.8,ml,14,233,0.7,0.6,ak,aka2026juyaud,2026-05-19T20:26:01.040Z,"62 km S of Ivanof Bay, Alaska",earthquake,10.1,4.4242,0.1,12,reviewed,ak,ak
2026-05-19T00:14:01.549Z,15.3153,120.3902,10,4.3,mb,15,127,20.756,0.38,us,us6000t073,2026-05-26T21:05:22.040Z,"4 km WSW of Santa Juliana, Philippines",earthquake,14.81,1.953,0.161,11,reviewed,us,us
2026-05-18T23:27:41.730Z,52.55,-171.7042,10,3.2,ml,24,180,1.075,0.33,us,us6000symw,2026-05-19T00:37:50.040Z,"174 km ENE of Atka, Alaska",earthquake,6.95,1.774,0.081,20,reviewed,us,us
2026-05-18T22:36:11.971Z,51.9514,174.0999,10,4.3,mb,48,119,0.779,1.09,us,us6000symk,2026-05-25T23:45:58.040Z,"117 km SSE of Attu Station, Alaska",earthquake,6.79,1.881,0.062,75,reviewed,us,us
2026-05-18T21:37:20.028Z,52.488,-171.7577,10,4.9,mww,92,88,1.127,0.62,us,us6000sym0,2026-05-26T22:22:48.532Z,"169 km E of Atka, Alaska",earthquake,5.56,1.772,0.073,18,reviewed,us,us
2026-05-18T21:26:20.623Z,53.8105,-164.2364,35,2.5,ml,24,220,0.741,0.88,us,us6000syml,2026-05-18T23:05:31.040Z,"107 km ESE of Akutan, Alaska",earthquake,4.05,2.012,0.105,12,reviewed,us,us
2026-05-18T21:14:57.480Z,-15.0468,167.5801,125.246,4.4,mb,18,241,0.539,0.53,us,us6000t03g,2026-05-25T21:33:10.040Z,"54 km E of Port-Olry, Vanuatu",earthquake,14.61,6.741,0.163,12,reviewed,us,us
2026-05-18T21:05:08.131Z,52.0376,176.3304,33.246,3.7,mb,20,189,1.388,0.7,us,us6000t03h,2026-05-25T21:03:27.040Z,"231 km ESE of Attu Station, Alaska",earthquake,9.72,10.672,0.168,9,reviewed,us,us
2026-05-18T20:22:43.952Z,51.8217,-173.6579,3.445,3,ml,16,203,0.506,0.97,us,us6000symj,2026-05-24T15:44:27.040Z,"55 km SE of Atka, Alaska",earthquake,4.34,5.684,0.115,10,reviewed,us,us
2026-05-18T19:51:41.512Z,1.8741,96.9642,27.136,4.1,mb,22,184,0.833,0.71,us,us6000t03e,2026-05-28T15:17:54.040Z,"93 km SE of Sinabang, Indonesia",earthquake,8.05,7.753,0.139,14,reviewed,us,us
2026-05-18T19:46:24.496Z,51.179,-177.066,22,2.8,ml,17,249,0.6,0.5,ak,aka2026juooof,2026-05-18T22:35:55.481Z,"82 km SSW of Adak, Alaska",earthquake,9.8,6.4406,0.2,15,reviewed,ak,ak
2026-05-18T19:30:35.797Z,52.1412,174.0546,35,3.6,mb,22,217,0.59,0.54,us,us6000t03d,2026-05-28T15:09:08.040Z,"98 km SE of Attu Station, Alaska",earthquake,3.71,2.003,0.151,11,reviewed,us,us
2026-05-18T19:04:30.290Z,19.442833333333,-155.84066666667,5.93,2.82,ml,42,180,0.1438,0.2,hv,hv74963207,2026-05-24T15:39:32.040Z,"2 km ESE of Honaunau-Napoopoo, Hawaii",earthquake,0.47,0.41,0.21172773573543,33,reviewed,hv,hv
2026-05-18T18:50:00.193Z,-54.2575,-1.2453,10,5.3,mb,64,67,18.81,0.54,us,us6000sykw,2026-05-28T15:37:44.040Z,"Bouvet Island region",earthquake,10.57,1.828,0.072,64,reviewed,us,us
2026-05-18T18:06:05.372Z,6.0809,126.9702,66.511,4.4,mb,50,111,1.696,0.9,us,us6000sykj,2026-05-28T15:31:31.040Z,"93 km ESE of Pondaguitan, Philippines",earthquake,5.43,6.058,0.078,48,reviewed,us,us
2026-05-18T17:04:28.767Z,39.7924,143.4021,17.078,4.6,mb,64,134,2.046,0.79,us,us6000syk9,2026-05-28T15:25:08.040Z,"126 km E of Miyako, Japan",earthquake,8.5,5.16,0.074,55,reviewed,us,us
2026-05-18T16:00:09.411Z,56.6769,-148.5711,10,2.7,ml,15,241,2.447,0.36,us,us6000syme,2026-05-21T18:36:05.040Z,"247 km ESE of Chiniak, Alaska",earthquake,8.92,2.02,0.079,21,reviewed,us,us
2026-05-18T15:54:35.900Z,35.782833333333,-119.85516666667,4.59,3.05,ml,59,60,0.07279,0.15,nc,nc75362216,2026-05-28T23:27:21.081Z,"27 km SSE of Kettleman City, CA",earthquake,0.28,0.73,0.226,42,reviewed,nc,nc
2026-05-18T15:25:18.501Z,-23.5202,179.8063,545.063,4.4,mb,22,120,5.976,0.5,us,us6000syiu,2026-05-28T13:38:54.040Z,"south of the Fiji Islands",earthquake,15.75,12.044,0.143,18,reviewed,us,us
2026-05-18T13:44:26.116Z,24.4943,109.2738,10,5.1,mww,138,20,5.464,0.61,us,us6000syik,2026-06-01T14:30:54.728Z,"23 km NW of Liuzhou, China",earthquake,6.91,1.722,0.046,46,reviewed,us,us
2026-05-18T13:20:39.560Z,19.073333333333,-65.361833333333,6.49,3.11,md,10,240,0.7655,0.32,pr,pr71517068,2026-05-18T13:57:59.670Z,"85 km N of Culebra, Puerto Rico",earthquake,2.58,2.17,0.059849557092403,10,reviewed,pr,pr
2026-05-18T12:31:18.733Z,51.532,-174.464,4.1,2.7,ml,11,269,0.7,0.7,ak,aka2026juabjc,2026-05-18T22:11:08.570Z,"76 km SSW of Atka, Alaska",earthquake,11.1,7.291,0.1,9,reviewed,ak,ak
2026-05-18T12:29:54.236Z,37.584,-104.7966,5.864,3,ml,24,68,0.091,0.44,us,us6000syif,2026-05-18T15:07:44.343Z,"4 km SSW of Walsenburg, Colorado",earthquake,2.14,4.785,0.085,18,reviewed,us,us
2026-05-18T11:40:50.490Z,19.1051,-65.3303,26,4.19,md,20,234,0.799,0.32,pr,pr2026138002,2026-05-18T12:20:27.661Z,"88 km N of Culebra, Puerto Rico",earthquake,1.78,19.96,0.03,9,reviewed,pr,pr
2026-05-18T11:02:14.821Z,65.2161,-162.8451,10,2.7,ml,19,66,0.9,0.8,us,us6000syi4,2026-05-18T11:19:16.040Z,"65 km NNE of White Mountain, Alaska",earthquake,3.99,2.479,0.069,28,reviewed,us,us
2026-05-18T10:50:19.970Z,18.9941,-65.323,61,3.57,md,18,225,0.6878,0.21,pr,pr2026138001,2026-05-18T13:57:11.040Z,"76 km N of Culebra, Puerto Rico",earthquake,2.28,3.87,0.11,16,reviewed,pr,pr
2026-05-18T10:36:59.950Z,19.149333333333,-65.3105,32.98,2.87,md,7,247,0.8378,0.24,pr,pr71517028,2026-05-18T11:15:26.050Z,"93 km N of Culebra, Puerto Rico",earthquake,2.76,15.57,0.032268633530736,4,reviewed,pr,pr
2026-05-18T10:16:42.050Z,19.093,-65.307666666667,6.95,3.2,md,11,241,0.7817,0.4,pr,pr71517018,2026-05-18T10:51:16.370Z,"87 km N of Culebra, Puerto Rico",earthquake,2.78,2.23,0.077018535021893,10,reviewed,pr,pr
2026-05-18T09:54:00.030Z,18.991833333333,-65.295,67.73,3.31,md,17,226,0.6808,0.34,pr,pr71517003,2026-05-18T13:50:11.040Z,"76 km N of Culebra, Puerto Rico",earthquake,2.78,4.41,0.063646678439782,14,reviewed,pr,pr
2026-05-18T09:47:48.030Z,33.057333333333,-115.92183333333,2.04,2.66,ml,72,24,0.102,0.26,ci,ci41469528,2026-05-19T05:34:04.040Z,"22 km ESE of Ocotillo Wells, CA",earthquake,0.17,0.43,0.16261047818022,116,reviewed,ci,ci
2026-05-18T09:10:21.860Z,19.039833333333,-65.249166666667,85.1,3.38,md,16,238,0.7292,0.49,pr,pr71516988,2026-05-18T13:06:28.040Z,"81 km N of Culebra, Puerto Rico",earthquake,4.75,5.63,0.075910498372478,13,reviewed,pr,pr
2026-05-18T08:49:11.158Z,36.1018,70.5982,102.914,4.4,mb,74,65,2.672,0.69,us,us6000syhk,2026-05-18T13:30:54.040Z,"81 km NNW of Pārūn, Afghanistan",earthquake,8.82,7.051,0.078,50,reviewed,us,us
2026-05-18T08:48:06.071Z,-20.4733,-70.1945,85.183,4.7,mb,67,139,0.21,0.5,us,us6000syhg,2026-05-19T18:17:53.396Z,"22 km SSW of La Tirana, Chile",earthquake,6.48,4.184,0.058,90,reviewed,us,us
2026-05-18T08:43:54.070Z,33.052666666667,-115.9165,2.77,2.63,ml,69,23,0.1013,0.26,ci,ci41469456,2026-05-19T08:46:31.040Z,"22 km ESE of Ocotillo Wells, CA",earthquake,0.17,0.47,0.16569934802485,113,reviewed,ci,ci
2026-05-18T08:32:24.776Z,43.7756,87.328,10,4.4,mb,47,94,4.663,0.56,us,us6000syhr,2026-05-19T08:28:20.040Z,"22 km W of Ürümqi, China",earthquake,9.79,1.913,0.102,28,reviewed,us,us
2026-05-18T08:27:29.060Z,33.0525,-115.9195,2.19,2.77,ml,69,24,0.1033,0.25,ci,ci41469432,2026-05-18T14:57:05.140Z,"22 km ESE of Ocotillo Wells, CA",earthquake,0.17,0.4,0.14227636758863,123,reviewed,ci,ci
2026-05-18T08:25:21.920Z,33.0535,-115.92133333333,1.7,2.47,ml,61,24,0.1039,0.27,ci,ci41469424,2026-05-19T08:23:29.040Z,"22 km ESE of Ocotillo Wells, CA",earthquake,0.19,0.47,0.14270204968609,100,reviewed,ci,ci
2026-05-18T08:10:53.580Z,33.055166666667,-115.92233333333,2.01,2.46,ml,70,24,0.1036,0.26,ci,ci41469384,2026-05-19T07:38:08.040Z,"22 km ESE of Ocotillo Wells, CA",earthquake,0.17,0.43,0.15730066832958,91,reviewed,ci,ci
2026-05-18T07:55:18.700Z,33.056333333333,-115.91966666667,2.12,3.14,ml,77,23,0.1011,0.26,ci,ci41469328,2026-05-24T06:37:55.937Z,"22 km ESE of Ocotillo Wells, CA",earthquake,0.16,0.41,0.14310826546993,167,reviewed,ci,ci
2026-05-18T07:37:46.937Z,39.2644,-119.097,7.5274,2.57,ml,27,57,0.046,0.1703,nn,nn00918818,2026-05-19T07:15:09.040Z,"20 km SSE of Silver Springs, Nevada",earthquake,,0.9682,0.3,16,reviewed,nn,nn
2026-05-18T07:34:30.448Z,-28.5299,74.2599,10,5.2,mb,49,70,13.225,0.4,us,us6000syh2,2026-05-18T07:55:29.040Z,"Mid-Indian Ridge",earthquake,11.53,1.848,0.084,47,reviewed,us,us
2026-05-18T07:34:13.855Z,30.1658,138.6362,443.668,4.1,mb,101,137,5.344,0.76,us,us6000syh8,2026-05-18T14:01:19.040Z,"Izu Islands, Japan region",earthquake,11.99,8.593,0.057,85,reviewed,us,us
2026-05-18T07:30:23.010Z,33.0555,-115.91833333333,2.5,2.64,ml,67,23,0.1007,0.24,ci,ci41469280,2026-05-19T07:41:59.040Z,"22 km ESE of Ocotillo Wells, CA",earthquake,0.17,0.44,0.16387185197603,109,reviewed,ci,ci
2026-05-18T05:11:19.301Z,35.3683,27.6827,49.831,4.2,mb,25,175,0.462,0.48,us,us6000syge,2026-05-18T14:31:25.040Z,"45 km ESE of Karpathos, Greece",earthquake,5.72,5.297,0.158,11,reviewed,us,us
2026-05-18T05:07:21.590Z,40.9349,84.4461,10,4.4,mb,42,106,3.962,0.71,us,us6000sygd,2026-05-18T09:57:55.040Z,"153 km SE of Kuqa, China",earthquake,8.51,1.939,0.095,32,reviewed,us,us
2026-05-18T03:03:56.950Z,19.013666666667,-64.439333333333,15.7,3.19,md,18,277,0.5218,0.43,pr,pr71516978,2026-05-18T03:20:56.180Z,"84 km NNE of Cruz Bay, U.S. Virgin Islands",earthquake,2.65,4.62,0.024217630196906,4,reviewed,pr,pr
2026-05-18T02:10:41.745Z,-43.4009,-82.4593,10,5.4,mww,67,103,6.657,1.41,us,us6000syg1,2026-05-19T02:34:18.540Z,"West Chile Rise",earthquake,10.13,1.875,0.056,31,reviewed,us,us
2026-05-18T02:05:24.327Z,16.4431,96.3164,10,5.2,mww,79,59,3.209,0.81,us,us6000syg0,2026-05-29T11:58:49.014Z,"36 km SSE of Syriam, Burma (Myanmar)",earthquake,7.16,1.846,0.075,17,reviewed,us,us
2026-05-18T00:56:49.421Z,-24.1863,179.3944,571.414,4,mb,23,217,11.084,0.48,us,us6000t02l,2026-05-25T20:49:42.040Z,"south of the Fiji Islands",earthquake,15.08,15.64,0.115,20,reviewed,us,us
2026-05-18T00:36:10.637Z,31.653,-104.419,5.0745,2.6,ml,39,73,0,0.1,tx,tx2026jrnrqj,2026-05-20T15:08:25.682Z,"58 km S of Whites City, New Mexico",earthquake,0.99094843006793,0.45983955670719,0.1,34,reviewed,tx,tx
2026-05-18T00:10:39.530Z,19.2288,-64.1475,35,3.78,md,19,303,0.7811,0.38,pr,pr2026138000,2026-05-18T01:12:17.040Z,"120 km NE of Cruz Bay, U.S. Virgin Islands",earthquake,4.01,17.43,0.14,17,reviewed,pr,pr
2026-05-17T23:42:48.475Z,30.2323,104.1803,10,4.1,mb,14,99,4.598,0.52,us,us6000szjh,2026-05-24T23:43:36.040Z,"39 km ENE of Meishan, China",earthquake,11.44,1.86,0.185,8,reviewed,us,us
2026-05-17T23:38:30.777Z,-22.4843,-66.2438,255.647,4.5,mb,38,66,1.846,0.83,us,us6000syfr,2026-05-24T23:17:11.040Z,"62 km WNW of Abra Pampa, Argentina",earthquake,8.83,7.377,0.099,30,reviewed,us,us
2026-05-17T23:23:57.246Z,24.6105,123.8879,10,4.5,mb,47,66,0.391,0.85,us,us6000szjf,2026-05-24T23:12:57.040Z,"40 km NW of Ishigaki, Japan",earthquake,3.74,1.891,0.111,24,reviewed,us,us
2026-05-17T23:21:20.982Z,24.4759,123.8664,10,4.6,mb,51,60,0.349,0.6,us,us6000syfn,2026-05-24T23:05:13.040Z,"32 km WNW of Ishigaki, Japan",earthquake,3.77,1.826,0.103,28,reviewed,us,us
2026-05-17T23:09:54.600Z,19.543,-67.950666666667,22.1,3.12,md,15,273,1.101,0.2,pr,pr71516943,2026-05-18T01:22:01.470Z,"116 km NNE of Punta Cana, Dominican Republic",earthquake,0.89,31.61,0.22762656693737,12,reviewed,pr,pr
2026-05-17T23:08:12.024Z,43.7845,-126.8031,10,3,ml,25,282,1.995,0.8,us,us6000syfl,2026-05-17T23:36:29.040Z,"206 km WNW of Barview, Oregon",earthquake,4.65,2.024,0.044,68,reviewed,us,us
2026-05-17T23:03:21.210Z,19.123,-64.1998,35,3.65,md,11,304,0.6642,0.46,pr,pr2026137003,2026-05-18T00:50:23.040Z,"107 km NE of Cruz Bay, U.S. Virgin Islands",earthquake,9.19,27.87,0.13,6,reviewed,pr,pr
2026-05-17T23:00:30.079Z,52.916,-167.66,20.8,2.9,ml,8,226,0.7,0.6,ak,aka2026jszaok,2026-05-19T05:18:05.284Z,"80 km E of Nikolski, Alaska",earthquake,21.5,6.6323,0.3,7,reviewed,ak,ak
2026-05-17T22:58:34.065Z,-6.4262,147.5801,77.166,5,mb,84,27,2.988,0.58,us,us6000syfk,2026-05-24T22:46:03.040Z,"32 km WNW of Finschhafen, Papua New Guinea",earthquake,6.15,4.959,0.063,82,reviewed,us,us
2026-05-17T22:54:20.199Z,51.4116,-178.1598,35,3.6,ml,25,199,0.433,0.63,us,us6000syfv,2026-05-18T00:44:33.040Z,"117 km WSW of Adak, Alaska",earthquake,4.24,2.004,0.1,17,reviewed,us,ak
2026-05-17T22:47:40.939Z,44.0802,-127.9699,10,3.2,ml,42,239,2.852,0.73,us,us6000szje,2026-05-24T22:38:19.040Z,"off the coast of Oregon",earthquake,11.65,2.019,0.044,68,reviewed,us,us
2026-05-17T22:45:58.710Z,19.1913,-64.2466,26,3.79,md,20,291,0.718,0.33,pr,pr2026137001,2026-05-18T00:38:58.040Z,"111 km NNE of Cruz Bay, U.S. Virgin Islands",earthquake,2.43,22.95,0.17,17,reviewed,pr,pr
2026-05-17T22:31:11.420Z,19.3051,-64.2696,29,3.89,md,22,239,0.8254,0.35,pr,pr2026137000,2026-05-18T00:35:21.040Z,"121 km NNE of Cruz Bay, U.S. Virgin Islands",earthquake,2.29,26.25,0.13,17,reviewed,pr,pr
2026-05-17T22:26:55.460Z,19.448,-64.2481,35,3.79,md,23,233,0.9699,0.49,pr,pr2026137002,2026-05-18T00:32:36.040Z,"136 km NNE of Cruz Bay, U.S. Virgin Islands",earthquake,3,33.02,0.21,22,reviewed,pr,pr
2026-05-17T22:03:15.246Z,14.4378,-93.814,10,4,mb,19,224,2.445,0.63,us,us6000szjd,2026-05-24T22:22:38.040Z,"131 km SSW of La Esperanza (El Zapotal), Mexico",earthquake,13.3,1.995,0.13,16,reviewed,us,us
2026-05-17T21:55:58.515Z,-15.9781,-177.3564,439.827,4.2,mb,24,178,4.733,0.34,us,us6000szjc,2026-05-24T22:09:36.040Z,"201 km SSE of Alo, Wallis and Futuna",earthquake,13.5,6.866,0.118,20,reviewed,us,us
2026-05-17T21:11:16.112Z,-25.87,179.4548,526.573,4.2,mb,22,189,8.19,0.5,us,us6000szja,2026-05-24T21:37:56.040Z,"south of the Fiji Islands",earthquake,11.82,12.557,0.136,15,reviewed,us,us
2026-05-17T20:52:01.831Z,-6.3057,151.6745,10,4.8,mb,51,150,2.156,0.98,us,us6000syex,2026-05-24T18:38:02.040Z,"189 km ESE of Kimbe, Papua New Guinea",earthquake,9.37,1.901,0.086,42,reviewed,us,us
2026-05-17T20:09:59.058Z,53.273,-161.4993,10,3.5,ml,22,231,1.77,0.37,us,us6000synv,2026-05-24T15:51:14.040Z,"206 km SSE of King Cove, Alaska",earthquake,6.81,2.013,0.148,6,reviewed,us,us
2026-05-17T18:49:57.910Z,40.351166666667,-124.06,29.73,2.91,ml,58,30,0.04257,0.17,nc,nc75361901,2026-05-28T15:40:52.040Z,"17 km SSE of Rio Dell, CA",earthquake,0.25,0.48,0.201,23,reviewed,nc,nc
2026-05-17T18:35:59.902Z,44.535,148.2314,66.297,4.3,mb,75,135,4.067,0.42,us,us6000syep,2026-05-24T18:33:13.040Z,"81 km SSE of Kuril’sk, Russia",earthquake,11.6,7.813,0.068,61,reviewed,us,us
2026-05-17T18:28:18.790Z,19.1915,-155.4885,33.42,2.6,ml,49,75,0.04371,0.12,hv,hv74962572,2026-05-24T18:30:49.040Z,"1 km SW of Pāhala, Hawaii",earthquake,0.43,0.48,0.1342557423232,39,reviewed,hv,hv
2026-05-17T18:13:43.178Z,-4.6812,149.5069,574.536,4.3,mb,48,37,2.693,0.63,us,us6000syej,2026-05-24T17:10:36.040Z,"118 km NW of Kimbe, Papua New Guinea",earthquake,11.77,8.59,0.084,40,reviewed,us,us
2026-05-17T17:58:40.626Z,-3.8305,128.6317,59.962,4.4,mb,40,48,1.444,0.87,us,us6000syeh,2026-05-24T17:07:50.040Z,"51 km ESE of Ambon, Indonesia",earthquake,8.84,8.432,0.106,26,reviewed,us,us
2026-05-17T17:02:28.780Z,19.448666666667,-67.8675,23.12,3.43,md,21,220,1.049,0.37,pr,pr71516878,2026-05-17T18:08:05.040Z,"111 km NNE of Punta Cana, Dominican Republic",earthquake,1.43,27.59,0.14954788065037,15,reviewed,pr,pr
2026-05-17T16:21:06.227Z,24.4472,109.2486,10,5,mww,71,54,5.42,1,us,us6000sye4,2026-05-30T13:08:40.040Z,"21 km NW of Liuzhou, China",earthquake,7.56,1.768,0.061,26,reviewed,us,us
2026-05-17T16:10:36.589Z,-19.4708,-69.4473,100.646,4.1,mb,21,103,0.309,0.45,us,us6000sye2,2026-05-21T18:29:29.040Z,"17 km S of Camiña, Chile",earthquake,5.41,6.14,0.234,5,reviewed,us,us
2026-05-17T16:02:08.848Z,56.078,-159.967,8.5,2.6,ml,9,172,0.8,0.3,ak,aka2026jslbnm,2026-05-19T02:38:17.548Z,"35 km WNW of Ivanof Bay, Alaska",earthquake,22,6,0.3,7,reviewed,ak,ak
2026-05-17T15:50:50.740Z,17.988,-66.809333333333,12.28,2.62,md,29,150,0.03605,0.18,pr,pr71516868,2026-05-17T16:29:14.810Z,"1 km ESE of Indios, Puerto Rico",earthquake,0.27,0.34,0.16991837207655,15,reviewed,pr,pr
2026-05-17T15:42:13.340Z,17.997166666667,-66.8085,13.56,3.18,md,31,140,0.02787,0.29,pr,pr71516858,2026-05-23T14:35:37.040Z,"1 km ENE of Indios, Puerto Rico",earthquake,0.47,0.3,0.062114798137382,10,reviewed,pr,pr
2026-05-17T15:19:47.495Z,-5.5158,147.268,175.582,4.4,mb,16,106,3.865,0.49,us,us6000szj5,2026-05-23T14:34:31.040Z,"131 km NNW of Finschhafen, Papua New Guinea",earthquake,10.45,9.615,0.162,11,reviewed,us,us
2026-05-17T15:15:00.795Z,-7.2307,106.6987,60.27,4.4,mb,33,58,0.971,0.94,us,us6000sydv,2026-05-23T14:23:29.337Z,"31 km SSE of Pelabuhanratu, Indonesia",earthquake,8.33,7.257,0.11,26,reviewed,us,us
2026-05-17T15:05:48.920Z,56.937,-154.515,17,2.6,ml,16,114,0.4,0.7,ak,aka2026jsjewq,2026-05-19T02:33:58.778Z,"20 km W of Akhiok, Alaska",earthquake,6.5,5.1554,0.4,7,reviewed,ak,ak
2026-05-17T13:33:46.433Z,62.502,-150.007,65.1,3,ml,100,15,0.2,0.7,ak,aka2026jsgcwo,2026-05-19T02:31:06.578Z,"7 km NE of Chase, Alaska",earthquake,2.1,2.5894,0.2,63,reviewed,ak,ak
2026-05-17T13:28:25.625Z,-23.357,-66.6786,200.885,4.5,mb,57,62,1.438,0.89,us,us6000sydk,2026-05-23T13:40:19.040Z,"102 km NNW of San Antonio de los Cobres, Argentina",earthquake,8.36,7.347,0.052,109,reviewed,us,us
2026-05-17T13:16:27.182Z,-18.5858,-175.6317,275.124,4.5,mb,40,123,6.062,0.69,us,us6000sydj,2026-05-23T13:32:37.040Z,"174 km W of Neiafu, Tonga",earthquake,14.66,8.121,0.054,101,reviewed,us,us
2026-05-17T10:22:53.739Z,57.547,-153.248,57.6,2.6,ml,18,128,0.3,0.4,ak,aka2026jrztod,2026-05-19T01:37:55.484Z,"37 km WSW of Womens Bay, Alaska",earthquake,4.8,4.6171,0.3,13,reviewed,ak,ak
2026-05-17T10:18:14.190Z,28.791,-98.984,7.0814,2.6,ml,30,77,0.1,0.3,tx,tx2026jqlgmh,2026-05-18T23:45:00.482Z,"15 km SE of Pearsall, Texas",earthquake,2.5460325668675,0.87101512452511,0.1,19,reviewed,tx,tx
2026-05-17T10:13:14.898Z,61.583,-146.64,22.5,2.8,ml,72,27,0.4,0.9,ak,aka2026jrzlaj,2026-05-19T01:36:02.059Z,"46 km S of Nelchina, Alaska",earthquake,2,1.8298,0.2,49,reviewed,ak,ak
2026-05-17T10:00:05.670Z,17.996,-65.469333333333,7.41,2.5,md,10,205,0.1469,0.51,pr,pr71516848,2026-05-17T10:17:45.330Z,"11 km S of Esperanza, Puerto Rico",earthquake,1.66,1.17,0.097661790952123,7,reviewed,pr,pr
2026-05-17T09:38:20.685Z,11.0493,95.1108,10,4.6,mb,42,142,4.798,0.45,us,us6000syd2,2026-05-17T11:25:14.027Z,"266 km ESE of Port Blair, India",earthquake,10.43,1.89,0.096,32,reviewed,us,us
2026-05-17T09:36:58.058Z,-21.1961,-68.5782,140.578,4.2,mb,23,90,0.86,0.69,us,us6000syd0,2026-05-17T10:19:04.040Z,"33 km W of Ollagüe, Chile",earthquake,6.29,4.443,0.152,12,reviewed,us,us
2026-05-17T08:48:38.430Z,51.87,-174.213,186.3,3,ml,17,199,0.3,0.5,ak,aka2026jrwptl,2026-05-19T01:30:53.881Z,"36 km S of Atka, Alaska",earthquake,101.8,10.2586,0.2,13,reviewed,ak,ak
2026-05-17T08:38:01.298Z,60.485,-139.86,1.9,2.5,ml,16,112,0.7,0.8,ak,aka2026jrwgkx,2026-05-19T01:25:21.496Z,"104 km N of Yakutat, Alaska",earthquake,3.8,3.1702,0.1,23,reviewed,ak,ak
2026-05-17T08:04:17.327Z,50.7292,157.3884,44,5.4,mww,107,113,2.39,0.98,us,us6000syc2,2026-05-26T14:23:35.995Z,"89 km E of Severo-Kuril’sk, Russia",earthquake,10.03,1.944,0.065,23,reviewed,us,us
2026-05-17T07:51:56.759Z,-2.9481,147.7111,10,5,mb,63,62,0.963,0.79,us,us6000syby,2026-05-26T06:54:15.040Z,"112 km SSE of Lorengau, Papua New Guinea",earthquake,8.65,1.873,0.065,76,reviewed,us,us
2026-05-17T07:08:42.900Z,42.405666666667,-111.438,-3.16,2.93,ml,20,120,0.3859,0.21,uu,uu80140441,2026-05-24T12:49:45.040Z,"9 km W of Bennington, Idaho",earthquake,0.74,2.8,0.13869238029951,18,reviewed,uu,uu
2026-05-17T06:59:14.160Z,59.803,-153.619,144.7,2.6,ml,62,77,0.3,0.9,ak,aka2026jrsywg,2026-05-24T12:48:00.040Z,"27 km E of Pedro Bay, Alaska",earthquake,4.1,2.0954,0.3,30,reviewed,ak,ak
2026-05-17T06:52:20.916Z,-34.6179,-179.1435,10,4.3,mb,18,248,3.591,1.04,us,us6000szir,2026-05-24T06:14:12.040Z,"south of the Kermadec Islands",earthquake,14.08,2.004,0.153,12,reviewed,us,us
2026-05-17T06:28:15.270Z,36.82,-121.35166666667,7.19,3.58,mw,108,34,0.0518,0.11,nc,nc75361631,2026-05-26T06:51:31.500Z,"2 km ENE of Ridgemark, CA",earthquake,0.09,0.23,,12,reviewed,nc,nc
2026-05-17T06:20:42.810Z,17.851666666667,-63.901,20.65,3.21,md,10,300,0.7941,0.17,pr,pr71516843,2026-05-24T12:46:31.040Z,"73 km WNW of The Bottom, Bonaire, Saint Eustatius and Saba ",earthquake,1.15,16.29,0.036298060183898,4,reviewed,pr,pr
2026-05-17T05:33:45.203Z,51.966,-172.49,19.7,3.7,ml,20,204,1,0.5,ak,aka2026jrqcyh,2026-05-18T21:24:21.794Z,"120 km ESE of Atka, Alaska",earthquake,12.9,12.5814,0.1,18,reviewed,ak,ak
2026-05-17T05:01:48.056Z,50.3838,156.707,62.783,4.1,mb,33,135,2.797,0.79,us,us6000szim,2026-05-24T06:36:08.040Z,"52 km SE of Severo-Kuril’sk, Russia",earthquake,7.13,8.39,0.123,18,reviewed,us,us
2026-05-17T03:20:37.916Z,-39.6956,178.891,10,4.5,mb,31,192,1.597,1.1,us,us6000sybb,2026-05-17T03:53:12.040Z,"132 km SSE of Wainui, New Zealand",earthquake,4.85,1.962,0.145,14,reviewed,us,us
2026-05-17T02:42:13.555Z,38.762,142.4021,38.687,4.4,mb,34,152,2.272,1.01,us,us6000szik,2026-05-22T22:49:46.040Z,"68 km ESE of Ōfunato, Japan",earthquake,9.49,8.505,0.115,22,reviewed,us,us
2026-05-17T02:41:41.290Z,-31.6854,-71.4663,51.397,4.2,mwr,33,143,0.55,0.52,us,us6000syb7,2026-05-17T02:57:06.040Z,"28 km WSW of Illapel, Chile",earthquake,4.59,3.752,0.06,27,reviewed,us,us
2026-05-17T02:09:19.721Z,-2.9487,147.6828,10,4.4,mb,18,81,0.953,1.19,us,us6000szij,2026-05-22T22:39:23.040Z,"110 km SSE of Lorengau, Papua New Guinea",earthquake,9.67,1.92,0.149,13,reviewed,us,us
2026-05-17T01:46:07.010Z,10.6158,-66.5378,10,3.8,mb,19,221,4.389,0.71,us,us6000sybm,2026-05-20T12:34:54.949Z,"15 km N of Guatire, Venezuela",earthquake,8.4,1.994,0.254,5,reviewed,us,us
2026-05-17T01:35:32.854Z,-23.6354,-67.7526,144.148,4.5,mb,31,80,0.785,0.82,us,us6000syb1,2026-05-17T01:49:52.040Z,"92 km SSE of San Pedro de Atacama, Chile",earthquake,6.41,6.674,0.102,28,reviewed,us,us
2026-05-17T01:24:12.891Z,0.5602,126.2707,35,4.3,mb,24,139,6.903,0.52,us,us6000szii,2026-05-22T22:32:20.040Z,"126 km WSW of Ternate, Indonesia",earthquake,16.71,1.942,0.129,17,reviewed,us,us
2026-05-17T01:04:22.027Z,37.0509,-104.9722,3.489,3.1,ml,16,83,0.167,0.7,us,us6000syax,2026-05-17T01:13:25.040Z,"12 km SSE of Stonewall Gap, Colorado",earthquake,1.82,4.75,0.06,36,reviewed,us,us
2026-05-17T00:46:13.678Z,24.0222,120.9539,10,4.4,mwr,36,76,0.234,1.04,us,us6000syaw,2026-05-17T10:10:48.169Z,"6 km NNW of Puli, Taiwan",earthquake,2.21,1.868,0.075,17,reviewed,us,us
2026-05-17T00:36:31.019Z,61.666,-150.8,78.7,3.4,ml,90,25,0.6,0.9,ak,aka2026jrgeyv,2026-05-18T02:41:20.131Z,"20 km NW of Susitna, Alaska",earthquake,2.3,3.0427,0.1,7,automatic,ak,ak
2026-05-17T00:13:49.828Z,-18.4664,-175.5818,186.461,4.4,mb,42,86,5.391,0.75,us,us6000syap,2026-05-17T02:39:51.040Z,"169 km W of Neiafu, Tonga",earthquake,13.29,6.499,0.077,49,reviewed,us,us
2026-05-17T00:07:28.641Z,39.9154,142.9166,35,4.8,mww,87,121,1.663,0.66,us,us6000syak,2026-06-01T04:23:41.040Z,"88 km ENE of Miyako, Japan",earthquake,5.93,1.871,0.11,8,reviewed,us,us
2026-05-16T23:13:24.174Z,-15.4386,169.6932,10,4.7,mb,15,151,2.401,0.56,us,us6000szi2,2026-06-01T03:20:06.040Z,"254 km ENE of Lakatoro, Vanuatu",earthquake,6.28,1.965,0.174,10,reviewed,us,us
2026-05-16T22:48:50.700Z,18.083,-66.947833333333,17.5,2.91,md,26,96,0.06551,0.12,pr,pr71516823,2026-06-01T02:53:58.040Z,"1 km ENE of Sabana Grande, Puerto Rico",earthquake,0.21,0.33,0.09296527967848,11,reviewed,pr,pr
2026-05-16T22:48:02.883Z,11.0097,122.2785,10,4.4,mb,22,131,23.732,0.58,us,us6000szi1,2026-06-01T02:48:51.040Z,"12 km WSW of Jayubó, Philippines",earthquake,16.04,1.919,0.134,16,reviewed,us,us
2026-05-16T22:43:13.615Z,-11.7583,138.3827,8.669,4.3,mb,19,63,5.159,0.58,us,us6000szi0,2026-06-01T02:06:29.040Z,"180 km ENE of Nhulunbuy, Australia",earthquake,7.47,4.916,0.201,7,reviewed,us,us
2026-05-16T22:30:02.066Z,-2.8843,147.9521,10,4.3,mb,12,142,1.02,0.43,us,us6000sycy,2026-06-01T01:47:43.040Z,"120 km SE of Lorengau, Papua New Guinea",earthquake,7.33,1.963,0.201,7,reviewed,us,us
2026-05-16T22:07:43.874Z,1.3663,126.1644,31.75,4.4,mb,23,101,7.424,0.71,us,us6000szhz,2026-06-01T00:45:48.040Z,"115 km E of Bitung, Indonesia",earthquake,7.54,6.423,0.126,18,reviewed,us,us
2026-05-16T21:18:02.350Z,-17.8762,169.2322,10,4.6,mb,15,213,3.101,0.5,us,us6000szhy,2026-05-30T03:33:47.040Z,"98 km E of Port-Vila, Vanuatu",earthquake,11.47,1.984,0.173,10,reviewed,us,us
2026-05-16T21:16:16.654Z,13.0167,93.7021,96.882,4.7,mb,72,51,5.967,0.75,us,us6000sy9z,2026-05-31T23:52:37.040Z,"180 km NE of Bamboo Flat, India",earthquake,8.97,5.923,0.062,80,reviewed,us,us
2026-05-16T20:36:48.951Z,49.407,-116.892,14.811,3.2,ml,30,126,0.761,0.92,us,us6000sy9s,2026-05-24T17:05:41.040Z,"30 km ESE of Nelson, Canada",earthquake,4.56,7.241,0.043,72,reviewed,us,us
2026-05-16T20:08:54.880Z,-15.2103,-173.5973,10,4.2,mb,18,103,2.182,0.46,us,us6000szhv,2026-05-24T16:38:09.040Z,"85 km NNE of Hihifo, Tonga",earthquake,13.58,1.896,0.159,12,reviewed,us,us
2026-05-16T18:30:32.304Z,39.2733,-119.1054,8.0709,2.73,ml,19,81,0.055,0.1663,nn,nn00918759,2026-05-24T17:04:10.040Z,"18 km SSE of Silver Springs, Nevada",earthquake,,1.3954,0.28,10,reviewed,nn,nn
2026-05-16T17:59:00.096Z,-22.5246,-70.284,39.208,4.4,mwr,33,140,0.682,0.86,us,us6000sy9c,2026-05-24T17:03:09.897Z,"48 km S of Tocopilla, Chile",earthquake,3.11,6.776,0.06,27,reviewed,us,us
2026-05-16T16:49:18.847Z,36.8493,53.8076,10,4.4,mb,89,95,4.389,0.76,us,us6000sy95,2026-05-16T19:27:41.040Z,"28 km NE of Behshahr, Iran",earthquake,8.9,1.896,0.062,74,reviewed,us,us
2026-05-16T15:59:41.340Z,2.202,-101.0566,10,4.6,mb,180,84,16.518,0.54,us,us6000syh3,2026-05-19T15:37:30.040Z,"Galapagos Triple Junction region",earthquake,5.26,1.853,0.04,183,reviewed,us,us
2026-05-16T15:58:04.517Z,-17.9035,169.0942,10,5.5,mww,117,38,3.041,0.57,us,us6000sy90,2026-05-19T22:28:29.757Z,"84 km ESE of Port-Vila, Vanuatu",earthquake,5.66,1.758,0.05,38,reviewed,us,us
2026-05-16T15:50:26.300Z,18.587833333333,-65.098333333333,63.4,3.41,md,19,191,0.2701,0.39,pr,pr71516788,2026-05-16T19:10:50.040Z,"32 km NNW of Charlotte Amalie, U.S. Virgin Islands",earthquake,2.82,1.84,0.060263474240588,10,reviewed,pr,pr
2026-05-16T15:48:22.607Z,-37.027,177.0065,293.053,4.4,mb,30,71,1.166,0.74,us,us6000sy8w,2026-05-16T17:44:42.040Z,"95 km NNE of Maketu, New Zealand",earthquake,9.02,7.847,0.13,17,reviewed,us,us
2026-05-16T15:47:21.251Z,-18.31,-175.3186,210.799,4.7,mb,97,58,5.167,0.77,us,us6000sy8y,2026-05-16T16:37:28.040Z,"145 km WNW of Neiafu, Tonga",earthquake,9.14,7.22,0.042,169,reviewed,us,us
2026-05-16T15:35:20.974Z,-17.8828,168.8619,10,4.9,mb,30,156,2.897,0.56,us,us6000sy8u,2026-05-16T16:27:10.040Z,"60 km ESE of Port-Vila, Vanuatu",earthquake,8.67,1.928,0.112,25,reviewed,us,us
2026-05-16T15:17:58.214Z,-8.5885,160.8774,37.762,5.7,mww,188,27,1.248,0.73,us,us6000sy8k,2026-05-19T22:19:20.142Z,"27 km NE of Auki, Solomon Islands",earthquake,7.48,4.355,0.058,29,reviewed,us,us
2026-05-16T14:50:05.948Z,17.4295,-61.2938,51.245,6,mww,383,17,0.526,0.76,us,us6000sy84,2026-05-19T22:19:00.703Z,"60 km ESE of Codrington, Antigua and Barbuda",earthquake,5.53,3.954,0.034,82,reviewed,us,us
2026-05-16T14:12:25.202Z,39.9428,77.9256,10,4.4,mb,42,102,1.595,1.16,us,us6000sy7x,2026-05-16T18:44:05.040Z,"97 km W of Tumxuk, China",earthquake,6.25,1.887,0.103,27,reviewed,us,us
2026-05-16T14:07:54.607Z,-17.7886,169.1976,10,5.2,mww,101,42,3.013,0.54,us,us6000sy7u,2026-05-19T21:44:18.040Z,"93 km E of Port-Vila, Vanuatu",earthquake,8.03,1.776,0.054,33,reviewed,us,us
2026-05-16T13:50:58.960Z,39.7335,-114.056,9.65,2.92,ml,15,97,0.5127,0.15,uu,uu80140356,2026-05-22T17:46:08.684Z,"72 km ENE of McGill, Nevada",earthquake,0.46,0.55,0.097751573578137,27,reviewed,uu,uu
2026-05-16T13:06:33.999Z,54.2765,-164.6852,86.17,3.8,ml,32,170,0.218,0.64,us,us6000sy7m,2026-05-17T00:22:28.350Z,"72 km ENE of Akutan, Alaska",earthquake,8.15,5.258,0.077,22,reviewed,us,us
2026-05-16T12:59:30.857Z,-17.8693,169.1748,10,5.3,mww,72,115,3.061,0.57,us,us6000sy7l,2026-05-26T06:41:46.040Z,"92 km E of Port-Vila, Vanuatu",earthquake,8.58,1.277,0.069,20,reviewed,us,us
2026-05-16T12:49:53.817Z,-17.8721,169.1056,10,4.5,mb,17,127,3.023,0.77,us,us6000szhj,2026-05-24T07:32:22.040Z,"85 km E of Port-Vila, Vanuatu",earthquake,8.14,1.933,0.163,11,reviewed,us,us
2026-05-16T12:13:32.204Z,51.4763,-177.64,37.567,2.5,ml,16,198,0.323,0.34,us,us6000syl9,2026-05-24T07:36:06.040Z,"82 km WSW of Adak, Alaska",earthquake,4.15,9.625,0.121,9,reviewed,us,us
2026-05-16T11:57:10.966Z,-41.7889,-83.7856,10,4.5,mb,32,147,8.192,0.81,us,us6000szhi,2026-05-24T07:46:57.040Z,"West Chile Rise",earthquake,13.49,1.923,0.111,24,reviewed,us,us
2026-05-16T11:41:32.626Z,37.8751,-108.0933,8.969,2.6,ml,25,69,0.557,0.79,us,us6000sy7e,2026-05-26T10:10:25.040Z,"15 km SSW of Sawpit, Colorado",earthquake,2.32,8.573,0.051,50,reviewed,us,us
2026-05-16T11:25:44.044Z,6.8189,124.695,10,5,mww,65,41,0.912,0.66,us,us6000sy76,2026-05-24T09:32:16.040Z,"4 km SW of Badak, Philippines",earthquake,7.69,1.873,0.089,12,reviewed,us,us
2026-05-16T10:59:47.163Z,-22.8968,-66.2495,242.778,4.7,mb,63,52,1.779,0.77,us,us6000sy6x,2026-05-26T10:05:18.040Z,"59 km WSW of Abra Pampa, Argentina",earthquake,5.93,7.122,0.032,291,reviewed,us,us
2026-05-16T10:49:54.201Z,-24.3099,-67.413,185.195,4.3,mb,18,89,1.523,1.07,us,us6000sy6v,2026-05-26T10:01:20.040Z,"111 km W of San Antonio de los Cobres, Argentina",earthquake,10.26,9.071,0.153,12,reviewed,us,us
2026-05-16T10:47:56.280Z,9.5822,-84.6055,10,3.2,ml,7,213,0.613,0.53,us,us6000sy6z,2026-05-17T13:44:35.518Z,"4 km SE of Jacó, Costa Rica",earthquake,2.61,2,0.097,14,reviewed,us,us
2026-05-16T10:41:59.759Z,52.0812,176.2414,10,4.2,mb,49,184,1.409,0.82,us,us6000syan,2026-05-23T10:27:08.040Z,"224 km ESE of Attu Station, Alaska",earthquake,7.71,1.927,0.079,45,reviewed,us,us
2026-05-16T08:54:02.463Z,-53.432,25.1395,10,4.7,mb,18,117,21.27,0.62,us,us6000sycw,2026-05-17T09:26:32.040Z,"south of Africa",earthquake,10.05,1.92,0.133,17,reviewed,us,us
2026-05-16T08:28:04.040Z,33.0285,-116.30266666667,6.74,2.65,ml,92,25,0.0737,0.21,ci,ci41468456,2026-05-17T16:05:14.845Z,"20 km SW of Ocotillo Wells, CA",earthquake,0.13,0.49,0.15073560038563,151,reviewed,ci,ci
2026-05-16T07:22:15.713Z,32.07,-103.724,7.8302,2.5,ml,46,33,0,0.2,tx,tx2026jojrya,2026-05-18T22:28:26.608Z,"37 km ESE of Malaga, New Mexico",earthquake,0.3124646286268,0.33439696813311,0.1,22,reviewed,tx,tx
2026-05-16T07:21:10.103Z,52.054,-171.6,27.3,3.5,ml,20,216,1.3,0.6,ak,aka2026jpxrss,2026-05-18T19:21:00.900Z,"178 km E of Atka, Alaska",earthquake,54.7,24.5664,0.1,16,reviewed,ak,ak
2026-05-16T07:19:59.319Z,-17.7445,-66.7592,310.947,4.3,mb,62,71,1.954,0.99,us,us6000sy5y,2026-05-16T08:18:12.040Z,"47 km S of Colchani, Bolivia",earthquake,9.1,8.367,0.052,105,reviewed,us,us
2026-05-16T06:49:35.528Z,-24.142,-66.8656,191.035,4.3,mb,65,85,1.69,0.78,us,us6000sy5u,2026-05-16T07:25:58.040Z,"56 km W of San Antonio de los Cobres, Argentina",earthquake,8.23,9.442,0.095,31,reviewed,us,us
2026-05-16T06:48:55.360Z,-31.9282,-178.203,10,5,mb,25,132,2.685,0.97,us,us6000sy5x,2026-05-16T07:17:02.040Z,"Kermadec Islands region",earthquake,12.86,1.927,0.108,27,reviewed,us,us
2026-05-16T06:34:13.991Z,-41.764,174.2287,20.623,4.4,mb,34,108,0.269,0.83,us,us6000sy5t,2026-05-16T07:02:54.878Z,"34 km SE of Witherlea, New Zealand",earthquake,4.2,4.783,0.155,12,reviewed,us,us
2026-05-16T06:29:07.587Z,-15.5201,-175.0816,287.657,4.6,mb,34,98,3.571,0.44,us,us6000sy5s,2026-05-16T06:49:18.040Z,"145 km WNW of Hihifo, Tonga",earthquake,13.61,8.274,0.037,222,reviewed,us,us
2026-05-16T05:56:32.484Z,53.092,-166.807,29.5,2.8,ml,19,214,0.7,0.6,ak,aka2026jpuvwe,2026-05-18T19:11:33.478Z,"88 km SSW of Unalaska, Alaska",earthquake,9.2,3.8879,0.1,13,reviewed,ak,ak
2026-05-16T04:21:31.590Z,18.8978,-68.4733,58,4.09,md,26,161,0.3947,0.35,pr,pr2026136000,2026-05-16T05:38:51.752Z,"33 km NE of Otra Banda, Dominican Republic",earthquake,2.29,2.81,0.16,22,reviewed,pr,pr
2026-05-16T03:03:46.895Z,-24.2151,-67.0342,229.108,4.1,mb,24,127,1.638,1.05,us,us6000sy54,2026-05-16T04:44:02.040Z,"72 km W of San Antonio de los Cobres, Argentina",earthquake,11.39,13.954,0.234,5,reviewed,us,us
2026-05-16T01:59:43.392Z,-21.8473,-68.4323,133.173,4.8,mb,46,70,0.754,1.36,us,us6000sy50,2026-05-16T02:12:24.040Z,"71 km SSW of Ollagüe, Chile",earthquake,5.32,3.755,0.097,33,reviewed,us,us
2026-05-16T01:34:40.031Z,79.7331,4.088,10,4.3,mb,19,120,1.677,1.38,us,us6000sy4y,2026-05-16T02:15:53.040Z,"298 km WNW of Longyearbyen, Svalbard and Jan Mayen",earthquake,8.72,1.637,0.147,13,reviewed,us,us
2026-05-16T01:22:16.192Z,-32.555,-178.5946,35,4.6,mb,14,236,5.604,1.11,us,us6000sy4v,2026-05-16T01:45:02.040Z,"south of the Kermadec Islands",earthquake,9.87,2,0.193,8,reviewed,us,us
2026-05-16T00:42:04.498Z,51.5258,-176.7011,35,3.8,ml,25,197,0.384,0.65,us,us6000sy5a,2026-05-31T23:47:23.040Z,"39 km S of Adak, Alaska",earthquake,3.89,1.998,0.081,20,reviewed,us,us
2026-05-16T00:35:59.030Z,-21.4306,-66.9565,234.104,4.3,mb,20,80,1.891,0.77,us,us6000sy4q,2026-05-31T23:44:14.040Z,"94 km SW of Atocha, Bolivia",earthquake,11.6,13.419,0.218,6,reviewed,us,us
2026-05-15T23:47:12.961Z,38.5084,89.3733,10,4.3,mb,43,104,8.262,0.61,us,us6000sy4p,2026-05-31T23:01:30.040Z,"91 km SSE of Bingtuan Sanshiliu Tuan, China",earthquake,4.67,1.906,0.114,22,reviewed,us,us
2026-05-15T23:21:36.848Z,10.5399,-72.4762,10,4.4,mb,38,61,2.451,1.06,us,us6000sy4k,2026-05-31T22:54:59.040Z,"29 km NW of La Villa del Rosario, Venezuela",earthquake,8.13,1.897,0.098,30,reviewed,us,us
2026-05-15T22:39:01.001Z,69.576,-144.632,5,3.1,ml,55,142,0.3,0.8,ak,aka2026jpggmx,2026-05-31T22:43:00.040Z,"73 km SSW of Kaktovik, Alaska",earthquake,4.3,0,0.1,38,reviewed,ak,ak
2026-05-15T22:20:24.895Z,-17.8835,-178.7113,560.028,4.5,mb,77,111,3.086,0.9,us,us6000sy49,2026-05-31T22:39:27.040Z,"209 km E of Levuka, Fiji",earthquake,12.27,7.44,0.037,217,reviewed,us,us
2026-05-15T21:15:26.882Z,-17.9118,-178.6662,572.533,4.7,mb,100,80,3.13,0.84,us,us6000sy3u,2026-06-01T01:33:22.040Z,"214 km E of Levuka, Fiji",earthquake,11.55,7.868,0.033,284,reviewed,us,us
2026-05-15T21:15:08.540Z,18.972166666667,-156.63166666667,40.88,2.57,ml,22,300,0.8564,0.23,hv,hv74960952,2026-05-31T22:23:48.040Z,"91 km W of Hawaiian Ocean View, Hawaii",earthquake,1.38,3.46,0.1255285734999,5,reviewed,hv,hv
2026-05-15T21:09:45.968Z,53.5372,160.0042,74.142,4.1,mb,28,146,1.448,0.57,us,us6000szb8,2026-05-31T21:05:57.040Z,"105 km ENE of Petropavlovsk-Kamchatsky, Russia",earthquake,10.65,7.512,0.123,20,reviewed,us,us
2026-05-15T20:33:23.179Z,53.5222,-166.0425,73.201,2.5,ml,14,214,0.425,0.24,us,us6000sy57,2026-05-16T17:55:24.040Z,"50 km SE of Unalaska, Alaska",earthquake,12.52,32.997,0.105,12,reviewed,us,us
2026-05-15T19:35:55.842Z,52.7535,-168.8048,35,3.5,ml,32,209,0.221,0.9,us,us6000sy3y,2026-05-16T17:52:10.040Z,"20 km S of Nikolski, Alaska",earthquake,3.33,1.94,0.085,18,reviewed,us,us
2026-05-15T18:53:15.166Z,54.6291,-159.6218,14.927,2.9,ml,25,213,1.397,0.48,us,us6000sy55,2026-05-16T17:22:26.040Z,"96 km SE of Sand Point, Alaska",earthquake,6.39,10.915,0.097,14,reviewed,us,us
2026-05-15T18:47:19.463Z,43.6594,143.3616,168.973,4,mb,59,131,0.721,0.52,us,us6000szb1,2026-05-24T16:18:22.040Z,"18 km W of Oketo, Japan",earthquake,8.9,6.061,0.075,48,reviewed,us,us
2026-05-15T18:36:15.340Z,20.159333333333,-155.895,26.12,2.95,ml,52,123,0.02565,0.14,hv,hv74960787,2026-05-24T16:54:44.040Z,"11 km SW of Hāwī, Hawaii",earthquake,0.53,0.67,0.20792529743474,35,reviewed,hv,hv
2026-05-15T18:28:03.617Z,-17.9669,169.2681,10,4.6,mb,22,213,3.193,1.14,us,us6000sy5n,2026-05-24T16:59:28.040Z,"104 km ESE of Port-Vila, Vanuatu",earthquake,11.01,1.98,0.133,17,reviewed,us,us
2026-05-15T17:36:18.243Z,51.5996,-175.3555,35,3.6,mb,30,199,0.525,0.56,us,us6000sy3x,2026-05-24T16:57:53.040Z,"93 km ESE of Adak, Alaska",earthquake,3.98,2.002,0.204,6,reviewed,us,us
2026-05-15T16:05:42.670Z,17.823333333333,-65.800666666667,9.71,2.74,md,12,223,0.2864,0.36,pr,pr71516718,2026-05-15T16:25:55.990Z,"21 km SSE of Emajagua, Puerto Rico",earthquake,1.62,1.24,0.19454466394196,11,reviewed,pr,pr
2026-05-15T15:45:18.684Z,-17.685,-70.0413,132.957,4.9,mb,53,122,0.74,1.09,us,us6000sxz1,2026-05-21T18:15:07.040Z,"13 km NW of Palca, Peru",earthquake,7.66,5.834,0.054,112,reviewed,us,us
2026-05-15T15:34:44.060Z,32.2211,-112.7807,10,2.5,ml,8,99,0.266,0.96,us,us6000sxyw,2026-05-15T16:08:32.280Z,"6 km SW of Why, Arizona",earthquake,2.57,2.011,0.091,16,reviewed,us,us
2026-05-15T14:27:31.257Z,-0.2431,-18.7444,10,4.9,mb,40,80,8.647,0.54,us,us6000szay,2026-05-21T18:12:19.040Z,"central Mid-Atlantic Ridge",earthquake,12.17,1.896,0.101,32,reviewed,us,us
2026-05-15T14:14:31.920Z,19.5736,-66.7013,35,3.6,md,24,221,1.1098,0.3,pr,pr2026135001,2026-05-21T18:00:13.040Z,"121 km N of Hatillo, Puerto Rico",earthquake,1.61,13.59,0.15,21,reviewed,pr,pr
2026-05-15T13:44:26.940Z,18.194,-68.2655,145,3.69,md,9,243,0.3402,0.55,pr,pr2026135000,2026-05-21T17:56:42.040Z,"41 km ESE of Boca de Yuma, Dominican Republic",earthquake,8.02,2.92,0.1,5,reviewed,pr,pr
2026-05-15T13:35:13.614Z,55.241,-154.967,17.6,2.6,ml,21,277,2.3,0.5,ak,aka2026jooczf,2026-05-15T22:38:27.348Z,"196 km SSW of Akhiok, Alaska",earthquake,32.7,17.8285,0.2,16,reviewed,ak,ak
2026-05-15T12:00:44.208Z,65.128,-146.128,18.5,2.8,ml,41,33,0.5,0.7,ak,aka2026jokzby,2026-05-15T22:17:54.625Z,"44 km NE of Pleasant Valley, Alaska",earthquake,2.3,1.9181,0.2,26,reviewed,ak,ak
2026-05-15T11:22:01.649Z,38.9127,142.2498,43.592,6.7,mww,99,43,2.085,1.07,us,us6000sxwq,2026-05-17T23:52:55.821Z,"49 km ESE of Ōfunato, Japan",earthquake,5.99,5.204,0.047,44,reviewed,us,us
2026-05-15T11:20:54.030Z,27.9065,142.15,35.954,4.8,mb,39,94,8.607,1.08,us,us6000sxx0,2026-05-15T12:34:17.040Z,"Bonin Islands, Japan region",earthquake,11.45,8.189,0.088,40,reviewed,us,us
2026-05-15T11:05:45.280Z,42.392833333333,-111.4245,1.39,3.81,ml,22,119,0.3833,0.21,uu,uu80140161,2026-05-16T20:46:24.823Z,"8 km W of Bennington, Idaho",earthquake,0.55,0.9,0.13808439549049,44,reviewed,uu,uu
2026-05-15T10:06:55.794Z,14.3367,-93.0073,35,4.3,mb,90,186,2.108,0.64,us,us6000sxwg,2026-05-15T15:41:13.040Z,"76 km SW of Puerto Madero, Mexico",earthquake,4.86,1.977,0.05,113,reviewed,us,us
2026-05-15T06:51:55.560Z,36.435166666667,-89.5385,9.34,2.64,md,48,31,0.04815,0.1,nm,nm60621566,2026-05-16T14:39:42.819Z,"8 km NW of Tiptonville, Tennessee",earthquake,0.14,0.31,0.060530528680185,32,reviewed,nm,nm
2026-05-15T05:22:03.278Z,51.3736,-174.2977,25.365,3.7,mb,52,195,0.832,1.03,us,us6000sy2f,2026-05-22T06:23:21.040Z,"91 km S of Atka, Alaska",earthquake,6.23,8.239,0.083,37,reviewed,us,us
2026-05-15T05:09:20.860Z,38.823166666667,-122.76433333333,2.37,2.72,md,102,35,0.008497,0.06,nc,nc75360696,2026-05-25T23:12:21.377Z,"4 km W of Cobb, CA",earthquake,0.1,0.14,0.166,103,reviewed,nc,nc
2026-05-15T04:56:18.530Z,34.4225,-97.468,5.57,2.72,ml,98,41,0,0.4,ok,ok2026jlfe,2026-05-19T07:09:09.244Z,"4 km SE of Ratliff City, Oklahoma",earthquake,,0.8,0.25,41,reviewed,ok,ok
2026-05-15T04:13:46.180Z,17.952666666667,-66.9715,8,2.46,md,18,208,0.09058,0.22,pr,pr71516683,2026-05-15T04:58:28.460Z,"7 km WSW of Fuig, Puerto Rico",earthquake,0.62,1.51,0.063922657944208,4,reviewed,pr,pr
2026-05-15T04:08:13.450Z,34.943333333333,-121.46316666667,1.15,2.63,md,72,218,0.5692,0.21,nc,nc75360666,2026-05-26T20:57:19.680Z,"71 km SW of Baywood-Los Osos, CA",earthquake,0.58,0.89,0.205,46,reviewed,nc,nc
2026-05-15T03:40:34.621Z,39.4244,-119.0889,13.4941,2.64,ml,34,97,0.074,0.1437,nn,nn00918644,2026-05-16T02:04:08.630Z,"11 km E of Silver Springs, Nevada",earthquake,,0.9377,0.28,15,reviewed,nn,nn
2026-05-15T03:14:25.405Z,57.628,-155.968,4.2,2.6,ml,35,125,0.2,0.6,ak,aka2026jntiye,2026-05-15T21:22:32.740Z,"86 km E of Ugashik, Alaska",earthquake,3.8,2.3359,0.2,26,reviewed,ak,ak
2026-05-15T03:14:25.327Z,57.613,-155.953,5.4,2.5,ml,29,126,0.2,0.6,ak,aka2026jntkwa,2026-05-15T17:55:28.331Z,"87 km E of Ugashik, Alaska",earthquake,4.3,2.5828,0.2,22,reviewed,ak,ak
2026-05-15T02:13:32.779Z,58.267,-155.537,7.3,2.7,ml,13,67,0.1,0.3,ak,aka2026jnrjnf,2026-05-15T19:20:52.670Z,"80 km SE of King Salmon, Alaska",earthquake,3.6,5.2199,0.2,47,reviewed,ak,ak
2026-05-15T02:13:02.507Z,58.267,-155.572,1.9,2.7,ml,61,41,0.1,0.7,ak,aka2026jnrjng,2026-05-15T19:15:52.330Z,"79 km SE of King Salmon, Alaska",earthquake,2.5,1.9622,0.2,47,reviewed,ak,ak
2026-05-15T01:13:58.659Z,-2.9915,147.7607,10,5.4,mww,61,50,1.021,1.12,us,us6000sxu9,2026-05-16T01:39:23.156Z,"119 km SSE of Lorengau, Papua New Guinea",earthquake,6.95,1.87,0.11,8,reviewed,us,us
2026-05-15T00:42:53.064Z,18.3239,146.6483,54.348,4.4,mb,15,144,23.023,0.77,us,us6000szah,2026-05-31T03:51:02.040Z,"Pagan region, Northern Mariana Islands",earthquake,20.44,9.571,0.17,12,reviewed,us,us
2026-05-14T23:51:39.496Z,-4.0559,152.442,157.887,4.4,mb,39,127,0.308,0.57,us,us6000sxu3,2026-05-31T03:14:43.040Z,"34 km ENE of Rabaul, Papua New Guinea",earthquake,6.75,4.935,0.096,31,reviewed,us,us
2026-05-14T23:46:00.526Z,-20.2418,-178.4941,597.48,4.3,mb,44,122,4.104,0.68,us,us6000sxty,2026-05-30T04:50:33.040Z,"Fiji region",earthquake,16.05,8.086,0.062,78,reviewed,us,us
2026-05-14T23:33:05.925Z,4.5368,125.5105,168.562,4.2,mb,12,158,2.517,0.63,us,us6000sza1,2026-05-30T04:38:03.040Z,"95 km S of Sarangani, Philippines",earthquake,20.64,11.731,0.176,9,reviewed,us,us
2026-05-14T23:09:28.079Z,-40.6111,-16.6884,10,4.5,mb,18,82,31.059,0.62,us,us6000sxx5,2026-05-30T03:42:13.040Z,"southern Mid-Atlantic Ridge",earthquake,10.75,1.838,0.131,17,reviewed,us,us
2026-05-14T23:08:32.480Z,-5.7303,-11.3715,10,4.8,mb,16,86,3.687,1.05,us,us6000sza0,2026-05-29T05:25:47.040Z,"Ascension Island region",earthquake,12.4,1.899,0.176,11,reviewed,us,us
2026-05-14T22:54:30.686Z,52.1147,171.661,10,3.8,mb,27,227,1.615,1.13,us,us6000sz9z,2026-05-29T04:59:35.040Z,"131 km SW of Attu Station, Alaska",earthquake,15.19,1.991,0.106,23,reviewed,us,us
2026-05-14T22:33:51.653Z,39.8749,143.3295,24.448,4.4,mb,28,190,1.957,0.71,us,us6000sz9v,2026-05-29T04:44:40.040Z,"121 km ENE of Miyako, Japan",earthquake,8.39,7.85,0.123,19,reviewed,us,us
2026-05-14T22:33:08.874Z,39.9556,143.0347,32.861,4.1,mb,28,144,1.72,0.84,us,us6000sz9w,2026-05-29T04:25:18.040Z,"99 km ENE of Miyako, Japan",earthquake,7.53,7.824,0.13,16,reviewed,us,us
2026-05-14T22:14:05.848Z,-55.4381,-26.8968,10,4.8,mb,32,119,5.659,0.45,us,us6000sxtg,2026-05-25T05:03:49.040Z,"South Sandwich Islands region",earthquake,7.72,1.896,0.094,36,reviewed,us,us
2026-05-14T22:09:31.704Z,57.629,-156.008,3.9,3.1,ml,45,123,0.2,0.7,ak,aka2026jnjghm,2026-05-25T04:08:56.040Z,"84 km E of Ugashik, Alaska",earthquake,3.9,2.1025,0.2,35,reviewed,ak,ak
2026-05-14T22:08:09.119Z,51.4231,-177.6603,35,2.6,ml,15,220,0.365,0.26,us,us6000sxve,2026-05-25T04:01:35.040Z,"86 km SW of Adak, Alaska",earthquake,2.45,1.956,0.115,10,reviewed,us,us
2026-05-14T22:06:27.164Z,-20.0949,-71.0786,10,4.2,mb,21,202,0.907,0.33,us,us6000sxt8,2026-05-25T03:53:22.040Z,"97 km W of Puerto, Chile",earthquake,3.14,1.939,0.236,5,reviewed,us,us
2026-05-14T22:04:51.574Z,5.4133,126.1368,123.554,4,mb,18,132,1.736,0.81,us,us6000sz9t,2026-05-25T01:06:18.040Z,"74 km E of Sarangani, Philippines",earthquake,8.57,9.038,0.139,14,reviewed,us,us
2026-05-14T19:32:07.194Z,50.6323,-172.9401,10,3.2,ml,11,318,1.758,1.03,us,us6000sxva,2026-05-26T17:29:00.040Z,"194 km SSE of Atka, Alaska",earthquake,9.72,2.027,0.128,8,reviewed,us,us
2026-05-14T18:11:48.863Z,-24.0987,-179.9268,522.513,4.4,mb,18,193,6.598,0.74,us,us6000sz9m,2026-05-26T16:54:11.040Z,"south of the Fiji Islands",earthquake,19.37,15.075,0.134,16,reviewed,us,us
2026-05-14T17:53:13.718Z,-6.1497,130.3809,137,6.2,mww,107,14,1.685,0.56,us,us6000sxqf,2026-05-26T17:06:19.174Z,"268 km WSW of Tual, Indonesia",earthquake,8.02,1.848,0.039,62,reviewed,us,us
2026-05-14T17:46:34.990Z,41.2756,84.2042,10,4.1,mb,15,140,3.762,1.03,us,us6000sz9k,2026-05-26T16:17:58.040Z,"117 km ESE of Kuqa, China",earthquake,9.77,1.992,0.301,3,reviewed,us,us
2026-05-14T17:30:45.670Z,19.1435,-155.50766666667,36,2.85,ml,46,149,0.04467,0.11,hv,hv74959852,2026-05-26T15:48:09.040Z,"7 km SSW of Pāhala, Hawaii",earthquake,0.43,0.52,0.15315883060243,38,reviewed,hv,hv
2026-05-14T15:50:29.118Z,62.292,-151.065,82.4,3.8,ml,156,21,0.3,0.9,ak,aka2026jmwpsb,2026-05-15T16:14:27.511Z,"27 km SW of Petersville, Alaska",earthquake,1.8,2.3726,0.2,108,reviewed,ak,ak
2026-05-14T15:34:04.551Z,25.1294,141.4667,139.505,5.2,mww,95,25,9.281,1.19,us,us6000sxnw,2026-05-21T17:43:30.040Z,"Volcano Islands, Japan region",earthquake,9.3,5.574,0.065,23,reviewed,us,us
2026-05-14T15:34:00.722Z,60.759,-151.286,83.5,2.5,ml,75,40,0.1,0.7,ak,aka2026jmwblc,2026-05-15T04:44:04.643Z,"7 km N of Nikiski, Alaska",earthquake,2.6,2.417,0.2,48,reviewed,ak,ak
2026-05-14T13:06:19.516Z,59.533,-152.581,93.5,4,ml,61,91,0.4,1,ak,aka2026jmrcur,2026-05-15T21:59:10.714Z,"42 km WNW of Nanwalek, Alaska",earthquake,3.5,1.9395,0.2,47,reviewed,ak,ak
2026-05-14T12:48:22.202Z,4.0895,-76.7348,117.101,5.3,mww,115,65,2.521,1.31,us,us6000sxn9,2026-05-14T17:45:55.451Z,"32 km WNW of Darien, Colombia",earthquake,7.6,4.693,0.058,29,reviewed,us,us
2026-05-14T10:51:22.640Z,35.951333333333,-117.3895,2.64,2.46,ml,41,50,0.1052,0.15,ci,ci41467040,2026-05-19T09:33:56.040Z,"20 km N of Searles Valley, CA",earthquake,0.14,0.36,0.13208546263606,24,reviewed,ci,ci
2026-05-14T10:47:26.883Z,39.73,143.1787,35,4.2,mb,28,155,1.933,0.62,us,us6000sz9e,2026-05-25T07:04:40.040Z,"106 km E of Miyako, Japan",earthquake,8.07,1.901,0.167,11,reviewed,us,us
2026-05-14T09:55:47.289Z,-58.3477,-25.63,52.398,5.1,mb,73,80,7.28,0.56,us,us6000sxmm,2026-05-14T10:22:17.040Z,"South Sandwich Islands region",earthquake,11.6,7.334,0.066,75,reviewed,us,us
2026-05-14T09:33:33.772Z,51.031,-178.449,17,2.6,ml,17,220,0.6,0.5,ak,aka2026jmkatk,2026-05-15T03:34:38.428Z,"157 km SW of Adak, Alaska",earthquake,6.5,4.0972,0.1,10,reviewed,ak,ak
2026-05-14T09:29:57.505Z,51.014,-178.468,18.2,3.2,ml,21,221,0.6,0.8,ak,aka2026jmjxph,2026-05-15T03:32:43.419Z,"159 km SW of Adak, Alaska",earthquake,6,3.6341,0.2,17,reviewed,ak,ak
2026-05-14T09:22:04.559Z,39.1617,-119.0358,8.5765,2.59,ml,35,50,0.09,0.1435,nn,nn00918594,2026-05-19T06:01:55.040Z,"22 km NNE of Yerington, Nevada",earthquake,,0.9435,0.36,17,reviewed,nn,nn
2026-05-14T09:16:13.916Z,36.5969,21.6155,40.609,4.2,mb,44,150,0.632,0.92,us,us6000sz9b,2026-05-25T10:14:48.040Z,"25 km SSW of Methóni, Greece",earthquake,6.54,7.116,0.136,15,reviewed,us,us
2026-05-14T08:09:11.830Z,17.924666666667,-66.912166666667,13.95,2.51,md,17,226,0.0591,0.17,pr,pr71516593,2026-05-14T09:06:16.180Z,"5 km S of Guánica, Puerto Rico",earthquake,0.7,0.57,0.01457084799416,3,reviewed,pr,pr
2026-05-14T07:47:44.884Z,30.1632,56.5035,10,4.7,mb,74,66,5.204,0.84,us,us6000sxm9,2026-05-22T07:21:42.040Z,"27 km NNW of Bardsīr, Iran",earthquake,8.92,1.873,0.057,92,reviewed,us,us
2026-05-14T06:47:38.835Z,57.5335,-142.828,10,2.8,ml,28,222,2.54,0.59,us,us6000sxm6,2026-05-22T07:03:45.040Z,"287 km SW of Yakutat, Alaska",earthquake,7.85,2.01,0.045,66,reviewed,us,us
2026-05-14T05:38:29.693Z,-55.7713,-27.4247,49.489,4.3,mb,19,186,5.422,0.81,us,us6000sz94,2026-05-22T06:38:15.040Z,"South Sandwich Islands region",earthquake,17.12,11.22,0.125,18,reviewed,us,us
2026-05-14T05:25:47.847Z,39.2635,-119.0834,9.2057,2.57,ml,23,90,0.035,0.1764,nn,nn00918569,2026-05-22T06:13:39.040Z,"20 km SE of Silver Springs, Nevada",earthquake,,1.4561,0.17,13,reviewed,nn,nn
2026-05-14T05:06:03.561Z,0.9985,-85.4514,10,4.4,mb,34,189,6.956,0.64,us,us6000sxlp,2026-05-22T06:07:27.040Z,"off the coast of Ecuador",earthquake,4.62,1.954,0.139,15,reviewed,us,us
2026-05-14T04:48:46.740Z,51.188,-176.984,36.9,2.5,ml,15,234,0.6,0.5,ak,aka2026jmanyz,2026-05-14T20:31:36.025Z,"80 km SSW of Adak, Alaska",earthquake,11.9,12.7908,0.2,11,reviewed,ak,ak
2026-05-14T04:44:51.705Z,9.5253,-84.6545,10,3.2,ml,5,233,0.715,0.23,us,us6000sxlv,2026-05-14T13:47:38.679Z,"10 km SSW of Jacó, Costa Rica",earthquake,4.74,1.835,0.115,10,reviewed,us,us
2026-05-14T04:23:29.430Z,19.048,-155.36833333333,33.66,2.78,ml,44,214,0.1389,0.14,hv,hv74959527,2026-05-14T20:08:47.250Z,"20 km SE of Pāhala, Hawaii",earthquake,0.54,0.8,0.16687980425856,35,reviewed,hv,hv
2026-05-14T03:36:57.699Z,9.5876,-84.5871,10,4.4,mb,36,154,0.624,0.93,us,us6000sxne,2026-05-14T13:44:15.607Z,"5 km ESE of Jacó, Costa Rica",earthquake,4.47,1.851,0.099,29,reviewed,us,us
2026-05-14T03:13:45.029Z,54.219,-162.302,1.7,2.5,ml,10,230,0.8,0.5,ak,aka2026jlxjor,2026-05-14T20:08:34.415Z,"93 km S of King Cove, Alaska",earthquake,10.9,6.3704,0.1,6,reviewed,ak,ak
2026-05-14T02:59:47.627Z,0.5784,126.2296,35,4.7,mb,33,89,6.948,1.05,us,us6000sxky,2026-05-14T03:15:55.040Z,"130 km W of Ternate, Indonesia",earthquake,12.2,1.923,0.115,23,reviewed,us,us
2026-05-14T02:55:32.060Z,54.274,-162.365,26,3.3,ml,12,244,0.7,0.7,ak,aka2026jlwttp,2026-05-14T20:02:31.187Z,"87 km S of King Cove, Alaska",earthquake,17.4,9.9682,0.1,7,reviewed,ak,ak
2026-05-14T02:53:43.509Z,54.2286,-162.4686,50.302,4.2,mb,11,164,0.838,0.48,us,us6000sxkn,2026-05-15T22:21:00.233Z,"92 km SE of False Pass, Alaska",earthquake,7.53,14.345,0.121,19,reviewed,us,us
2026-05-14T02:46:38.356Z,-24.2997,-66.9979,182.694,4.7,mb,60,65,1.724,1.2,us,us6000sxkm,2026-05-14T03:08:36.040Z,"69 km W of San Antonio de los Cobres, Argentina",earthquake,8.7,7.004,0.038,206,reviewed,us,us
2026-05-14T02:03:05.557Z,52.206,-173.317,147.1,2.7,ml,10,187,0.5,0.3,ak,aka2026jlvahw,2026-05-14T19:58:10.209Z,"60 km E of Atka, Alaska",earthquake,111.9,7.3176,0.4,7,reviewed,ak,ak
2026-05-14T01:33:25.558Z,51.9997,-30.7976,10,4.5,mb,59,99,13.69,1.13,us,us6000sxke,2026-05-14T02:21:16.040Z,"northern Mid-Atlantic Ridge",earthquake,10.37,1.917,0.063,73,reviewed,us,us
2026-05-14T00:51:10.984Z,51.31,-174.493,1.4,2.6,ml,10,275,0.9,0.9,ak,aka2026jlspyj,2026-05-14T19:22:13.913Z,"100 km SSW of Atka, Alaska",earthquake,12.2,10.0388,0.1,8,reviewed,ak,ak
2026-05-14T00:14:01.393Z,5.0578,36.842,10,4.7,mb,28,117,2.195,1.1,us,us6000sxka,2026-05-14T00:28:07.040Z,"41 km ENE of Turmi, Ethiopia",earthquake,10.38,1.908,0.113,24,reviewed,us,us
2026-05-14T00:12:30.178Z,51.253,-178.272,40.2,2.5,ml,10,234,0.5,0.3,ak,aka2026jlrijx,2026-05-14T19:10:58.972Z,"132 km WSW of Adak, Alaska",earthquake,17.9,14.3903,0.1,7,reviewed,ak,ak
2026-05-13T23:45:39.140Z,-12.0763,65.6898,10,4.2,mb,11,75,12.49,1.01,us,us6000sz8e,2026-05-21T23:29:13.040Z,"Mid-Indian Ridge",earthquake,15.44,1.917,0.186,8,reviewed,us,us
2026-05-13T22:59:23.831Z,-17.2825,-174.6191,168.446,4.4,mb,20,196,7.007,0.3,us,us6000sz8c,2026-05-22T04:33:41.040Z,"165 km NNW of Neiafu, Tonga",earthquake,13.45,7.463,0.126,18,reviewed,us,us
2026-05-13T22:10:16.879Z,18.9922,121.2286,35,4.6,mb,60,113,3.809,0.93,us,us6000sxk3,2026-05-22T04:27:41.040Z,"42 km N of Namuac, Philippines",earthquake,9.05,1.928,0.065,70,reviewed,us,us
2026-05-13T22:07:03.394Z,56.017,-159.869,5,3.4,ml,35,165,0.8,0.9,ak,aka2026jlndux,2026-05-22T04:24:09.040Z,"27 km WNW of Ivanof Bay, Alaska",earthquake,8.1,0,0.1,26,reviewed,ak,ak
2026-05-13T22:01:06.678Z,19.0959,121.2247,35,5.3,mww,82,46,3.706,0.58,us,us6000sxk1,2026-05-22T04:12:49.040Z,"54 km N of Namuac, Philippines",earthquake,5.77,1.8,0.066,22,reviewed,us,us
2026-05-13T21:48:17.796Z,-43.3876,91.8016,10,4.5,mb,17,76,16.026,0.51,us,us6000sz8b,2026-05-22T04:09:26.040Z,"southeast Indian Ridge",earthquake,9.69,1.897,0.136,16,reviewed,us,us
2026-05-13T20:48:01.461Z,79.1495,2.1053,10,4.4,mb,13,134,1.895,1.1,us,us6000sxvm,2026-05-15T18:36:40.040Z,"Greenland Sea",earthquake,6.9,1.975,0.103,27,reviewed,us,us
2026-05-13T20:37:19.036Z,41.2905,84.0645,10,4.4,mb,48,93,3.656,0.62,us,us6000sxjk,2026-05-13T22:17:56.040Z,"105 km ESE of Kuqa, China",earthquake,6.68,1.762,0.094,33,reviewed,us,us
2026-05-13T20:18:42.034Z,-5.9901,130.9,123.533,4,mb,12,100,1.763,0.59,us,us6000sxjd,2026-05-14T15:14:00.040Z,"208 km W of Tual, Indonesia",earthquake,9.7,10.132,0.231,5,reviewed,us,us
2026-05-13T20:08:12.314Z,54.1277,-162.39,2.515,2.9,ml,16,225,0.846,0.54,us,us6000sxqy,2026-05-15T16:31:07.040Z,"103 km S of King Cove, Alaska",earthquake,3.31,12.769,0.181,4,reviewed,us,us
2026-05-13T20:01:36.130Z,39.9322,141.2848,10,4.4,mww,169,58,0.873,0.57,us,us6000sxj5,2026-05-13T21:17:02.040Z,"13 km ENE of Hachimantai, Japan",earthquake,6.24,1.832,0.11,8,reviewed,us,us
2026-05-13T19:40:14.620Z,18.721333333333,-67.335833333333,10.44,3.02,md,12,304,0.3304,0.36,pr,pr71516588,2026-05-13T20:01:57.806Z,"35 km NW of San Antonio, Puerto Rico",earthquake,1.89,1.43,0.086660769364985,5,reviewed,pr,pr
2026-05-13T19:38:13.230Z,39.324,-119.0372,4,3.38,mwr,27,72,0.073,0.1303,nn,nn00918550,2026-05-15T19:44:34.985Z,"19 km ESE of Silver Springs, Nevada",earthquake,,1.0546,,,reviewed,nn,nn
2026-05-13T19:35:49.924Z,54.201,-162.4807,9.545,2.9,ml,34,209,0.777,0.65,us,us6000sxqs,2026-05-15T15:25:19.040Z,"94 km SE of False Pass, Alaska",earthquake,3.2,8.317,0.148,6,reviewed,us,us
2026-05-13T19:32:01.620Z,56.037,-158.175,59.7,3,ml,30,196,0.3,0.6,ak,aka2026jlhzfm,2026-05-15T15:06:15.040Z,"31 km SSE of Chignik, Alaska",earthquake,7.7,4.4217,0.1,19,reviewed,ak,ak
2026-05-13T18:28:26.134Z,51.4816,-173.6431,5.683,2.8,ml,17,219,0.799,0.44,us,us6000sxqi,2026-05-15T15:07:53.040Z,"88 km SSE of Atka, Alaska",earthquake,2.25,9.398,0.115,10,reviewed,us,us
2026-05-13T17:17:45.375Z,37.1179,-115.3139,10.8161,2.85,ml,32,193,0.357,0.1783,nn,nn00918536,2026-05-14T02:07:59.796Z,"30 km SSW of Alamo, Nevada",earthquake,,2.1639,0.24,19,reviewed,nn,nn
2026-05-13T16:58:44.064Z,9.8989,56.991,10,4.8,mb,91,105,13.159,0.51,us,us6000sxi7,2026-05-25T21:37:03.040Z,"Carlsberg Ridge",earthquake,10.16,1.854,0.063,78,reviewed,us,us
2026-05-13T16:22:30.444Z,9.6929,-84.5147,10,4.9,mb,74,85,0.502,0.56,us,us6000sxh5,2026-05-26T15:11:54.040Z,"15 km NE of Jacó, Costa Rica",earthquake,8.92,1.844,0.044,165,reviewed,us,us
2026-05-13T15:52:33.796Z,53.8344,-163.9155,35,2.9,ml,22,219,0.818,0.45,us,us6000sxlj,2026-05-26T14:57:36.040Z,"118 km SSW of False Pass, Alaska",earthquake,2.14,2.013,0.097,14,reviewed,us,us
2026-05-13T14:50:31.938Z,52.1067,-175.6389,184.365,3.1,ml,19,161,0.214,0.32,us,us6000sxlh,2026-05-26T14:44:04.040Z,"73 km ENE of Adak, Alaska",earthquake,14.01,4.81,0.097,14,reviewed,us,us
2026-05-13T14:21:49.890Z,19.295666666667,-67.3365,22.08,3.12,md,14,306,0.851,0.29,pr,pr71516573,2026-05-26T14:31:49.040Z,"92 km NNW of San Antonio, Puerto Rico",earthquake,1.37,22.61,0.053922842176534,10,reviewed,pr,pr
2026-05-13T14:17:02.592Z,-23.0921,-179.5802,520.723,4.2,mb,23,266,15.19,0.66,us,us6000sz81,2026-05-26T14:27:42.040Z,"south of the Fiji Islands",earthquake,21.8,12.353,0.115,21,reviewed,us,us
2026-05-13T13:55:23.452Z,-20.3513,-68.8513,110.179,4.2,mb,32,60,0.352,0.55,us,us6000sxfd,2026-05-26T14:18:14.040Z,"84 km E of La Tirana, Chile",earthquake,5.12,5.955,0.146,13,reviewed,us,us
2026-05-13T13:49:16.121Z,59.954,-153.252,132.3,2.6,ml,115,41,0.1,0.8,ak,aka2026jkwock,2026-05-26T14:14:30.040Z,"51 km ENE of Pedro Bay, Alaska",earthquake,3.1,1.4548,0.3,67,reviewed,ak,ak
2026-05-13T13:40:05.153Z,51.2832,-174.3468,10,2.8,ml,15,272,0.924,0.34,us,us6000sxk0,2026-05-26T14:08:16.040Z,"102 km S of Atka, Alaska",earthquake,3.53,1.969,0.128,8,reviewed,us,us
2026-05-13T13:33:04.394Z,39.2737,-119.1025,8.1389,2.79,ml,25,58,0.053,0.159,nn,nn00918519,2026-05-25T21:35:00.040Z,"18 km SSE of Silver Springs, Nevada",earthquake,,1.1321,0.29,16,reviewed,nn,nn
2026-05-13T12:50:34.441Z,-15.448,-173.3698,10,4.5,mb,61,82,4.882,0.6,us,us6000sxf6,2026-05-14T08:03:54.040Z,"72 km NE of Hihifo, Tonga",earthquake,10.62,1.87,0.075,53,reviewed,us,us
2026-05-13T12:49:20.115Z,51.553,-176.553,55.9,2.6,ml,21,215,0.3,0.4,ak,aka2026jkuoca,2026-05-13T21:40:05.485Z,"36 km S of Adak, Alaska",earthquake,20.7,7.8085,0.2,17,reviewed,ak,ak
2026-05-13T11:41:16.799Z,51.9233,-176.0518,140.629,2.7,ml,19,178,0.101,0.26,us,us6000sxjv,2026-05-14T07:32:54.040Z,"40 km E of Adak, Alaska",earthquake,17.12,5.833,0.105,12,reviewed,us,us
2026-05-13T11:03:29.339Z,52.934,-163.313,11.2,2.8,ml,14,246,1.8,1,ak,aka2026jkraof,2026-05-13T21:17:38.826Z,"210 km SE of Akutan, Alaska",earthquake,23.5,16.4157,0.2,11,reviewed,ak,ak
2026-05-13T10:43:55.455Z,43.6733,-127.7953,10,4.1,mb,38,193,1.914,0.65,us,us6000sxeg,2026-06-01T10:54:08.447Z,"281 km WNW of Bandon, Oregon",earthquake,4.53,2.001,0.302,3,reviewed,us,us
2026-05-13T10:43:29.759Z,23.9567,121.6574,18.214,4.7,mwr,83,81,0.224,0.61,us,us6000sxef,2026-05-13T11:14:39.149Z,"5 km ESE of Hualien City, Taiwan",earthquake,4.45,4.326,0.062,25,reviewed,us,us
2026-05-13T10:18:42.784Z,-29.3229,-69.762,118.335,4.3,mb,24,155,0.713,0.6,us,us6000sxe8,2026-05-14T07:25:44.040Z,"121 km NE of Vicuña, Chile",earthquake,6.55,5.958,0.218,6,reviewed,us,us
2026-05-13T09:57:48.030Z,32.968833333333,-115.55066666667,14.98,2.48,ml,54,39,0.06771,0.29,ci,ci41466112,2026-05-14T06:30:38.040Z,"2 km WSW of Brawley, CA",earthquake,0.26,0.57,0.17019420401781,82,reviewed,ci,ci
2026-05-13T09:21:48.563Z,13.1585,-87.8136,197.726,4.5,mb,63,137,0.584,0.62,us,us6000sxdu,2026-05-13T09:42:37.040Z,"17 km SSE of Conchagua, El Salvador",earthquake,10.54,8.353,0.045,143,reviewed,us,us
2026-05-13T08:20:12.866Z,17.8902,-76.6236,10,4.3,mb,36,145,0.929,0.92,us,us6000sxdg,2026-05-13T11:45:19.536Z,"5 km SW of Easington, Jamaica",earthquake,6.7,1.973,0.098,29,reviewed,us,us
2026-05-13T08:12:59.760Z,-55.3924,-28.2611,31.914,5.1,mb,42,88,4.884,0.8,us,us6000sxdf,2026-05-13T08:27:56.040Z,"South Sandwich Islands region",earthquake,12.41,6.594,0.07,66,reviewed,us,us
2026-05-13T07:29:39.992Z,-30.153,-179.4729,348.072,4.6,mb,32,69,1.62,0.94,us,us6000sxd9,2026-05-13T07:48:38.040Z,"Kermadec Islands region",earthquake,14.25,8.015,0.07,61,reviewed,us,us
2026-05-13T07:19:45.716Z,53.955,-163.839,27.5,2.5,ml,24,217,0.7,0.6,ak,aka2026jkjolx,2026-05-13T20:22:04.163Z,"103 km SSW of False Pass, Alaska",earthquake,7.7,3.9437,0.1,17,reviewed,ak,ak
2026-05-13T06:36:37.861Z,-55.3734,-28.3706,10,5,mb,49,88,4.819,0.83,us,us6000sxd4,2026-05-13T06:52:15.040Z,"South Sandwich Islands region",earthquake,11.3,1.826,0.074,58,reviewed,us,us
2026-05-13T05:39:54.585Z,51.4073,158.4693,56.534,4.6,mb,46,137,1.768,0.63,us,us6000sxcz,2026-05-13T05:58:21.040Z,"137 km E of Ozernovskiy, Russia",earthquake,11.81,7.502,0.046,142,reviewed,us,us
2026-05-13T05:22:28.769Z,-2.8372,147.7243,10,4.6,mb,21,158,0.866,0.81,us,us6000sxwc,2026-05-15T09:34:26.040Z,"102 km SSE of Lorengau, Papua New Guinea",earthquake,5.82,1.909,0.132,17,reviewed,us,us
2026-05-13T04:54:36.706Z,61.84,-148.867,8.1,2.5,ml,61,38,0.1,0.9,ak,aka2026jkesks,2026-05-13T19:37:01.455Z,"8 km NW of Sutton-Alpine, Alaska",earthquake,1.9,1.3872,0.1,40,reviewed,ak,ak
2026-05-13T04:39:18.216Z,-3.7108,128.7516,107.474,4.1,mb,9,154,1.404,0.58,us,us6000sz7l,2026-05-21T22:45:49.040Z,"45 km SSW of Amahai, Indonesia",earthquake,14.74,11.41,0.185,8,reviewed,us,us
2026-05-13T03:45:21.632Z,11.685,-86.6954,77.775,4.4,mb,48,138,1.57,1.07,us,us6000sxc7,2026-05-30T00:14:03.774Z,"22 km WSW of Masachapa, Nicaragua",earthquake,8.01,8.741,0.095,32,reviewed,us,us
2026-05-13T03:42:37.551Z,60.177,-152.493,97.3,2.7,ml,98,38,0.3,0.7,ak,aka2026jkcibc,2026-05-21T22:29:37.040Z,"47 km WNW of Ninilchik, Alaska",earthquake,2.7,1.6842,0.2,63,reviewed,ak,ak
2026-05-13T03:37:20.617Z,50.9798,179.3048,28.948,3.9,mb,43,241,0.399,0.8,us,us6000sxcd,2026-05-30T00:08:52.040Z,"299 km WSW of Adak, Alaska",earthquake,5.34,7.463,0.097,28,reviewed,us,us
2026-05-13T03:08:35.413Z,30.3404,138.3561,484.752,5.1,mww,115,92,5.089,0.85,us,us6000sxc0,2026-05-29T23:33:44.040Z,"Izu Islands, Japan region",earthquake,10.87,7.712,0.103,9,reviewed,us,us
2026-05-13T03:06:28.343Z,58.452,-137.119,0.8,2.6,ml,18,162,0.7,0.9,ak,aka2026jkbcrd,2026-05-29T23:13:20.040Z,"53 km WNW of Elfin Cove, Alaska",earthquake,5.9,3.535,0.1,14,reviewed,ak,ak
2026-05-13T02:24:36.564Z,41.6233,145.8788,10,4.9,mb,51,132,2.071,0.79,us,us6000sxbv,2026-05-21T21:53:20.040Z,"178 km SSE of Akkeshi, Japan",earthquake,8.01,1.888,0.088,40,reviewed,us,us
2026-05-13T02:02:55.165Z,-32.3413,-178.385,10,4.4,mb,11,265,7.311,1.11,us,us6000sz7j,2026-05-21T22:12:28.040Z,"south of the Kermadec Islands",earthquake,15.2,2.001,0.19,8,reviewed,us,us
2026-05-13T01:31:22.129Z,-20.2029,67.6558,10,4.6,mb,24,119,4.055,0.44,us,us6000sxcv,2026-05-21T05:18:27.040Z,"Mid-Indian Ridge",earthquake,13.04,1.92,0.129,18,reviewed,us,us
2026-05-13T00:58:43.209Z,51.193,-178.4431,35,2.7,ml,22,216,0.429,0.74,us,us6000sxcu,2026-05-13T21:35:01.040Z,"146 km WSW of Adak, Alaska",earthquake,1.86,2,0.115,10,reviewed,us,us
2026-05-13T00:56:45.656Z,51.3905,-176.1665,31.002,3.2,ml,25,215,0.495,0.69,us,us6000sxct,2026-05-13T21:00:35.040Z,"62 km SSE of Adak, Alaska",earthquake,3.54,11.89,0.105,12,reviewed,us,us
2026-05-13T00:42:41.365Z,51.2649,174.5363,10,4.2,mb,35,200,1.492,0.9,us,us6000sz7h,2026-05-22T04:01:57.040Z,"198 km SSE of Attu Station, Alaska",earthquake,7.76,1.961,0.112,22,reviewed,us,us
2026-05-13T00:30:51.840Z,-23.6318,179.9236,538.724,4.4,mb,39,138,6.113,0.43,us,us6000sxbe,2026-05-22T03:52:18.040Z,"south of the Fiji Islands",earthquake,9.3,8.984,0.094,33,reviewed,us,us
2026-05-13T00:00:51.407Z,37.1129,-115.3058,9.8181,2.45,ml,17,134,0.357,0.116,nn,nn00918490,2026-05-14T02:04:11.141Z,"30 km SSW of Alamo, Nevada",earthquake,,14.1332,0.27,13,reviewed,nn,nn
2026-05-12T23:58:11.543Z,61.822,-150.902,65.3,2.9,ml,103,37,0.4,0.8,ak,aka2026jjuvlq,2026-05-22T03:32:18.040Z,"32 km SE of Skwentna, Alaska",earthquake,2,2.4997,0.2,71,reviewed,ak,ak
2026-05-12T23:56:47.184Z,-55.595,-124.2617,10,4.4,mb,24,180,28.517,0.73,us,us6000sxw5,2026-05-22T03:26:17.040Z,"southern East Pacific Rise",earthquake,8.76,1.898,0.115,22,reviewed,us,us
2026-05-12T23:10:11.464Z,4.7477,126.5495,78.896,4.2,mb,12,119,9.509,0.3,us,us6000sz13,2026-05-22T03:18:00.040Z,"140 km ESE of Sarangani, Philippines",earthquake,15.78,10.021,0.176,9,reviewed,us,us
2026-05-12T22:33:33.844Z,0.2679,126.3006,35,4.4,mb,16,140,21.432,0.42,us,us6000sz12,2026-05-22T03:07:44.040Z,"133 km WSW of Ternate, Indonesia",earthquake,20.33,1.942,0.169,10,reviewed,us,us
2026-05-12T21:53:43.461Z,-21.5221,-174.3272,10,5.1,mb,44,130,36.959,0.75,us,us6000sxaj,2026-05-22T02:54:03.040Z,"68 km ESE of ‘Ohonua, Tonga",earthquake,15.94,1.9,0.084,46,reviewed,us,us
2026-05-12T21:46:21.190Z,-19.7965,168.2447,10,4.3,mb,14,249,2.821,0.9,us,us6000sz10,2026-05-22T02:41:08.040Z,"112 km WSW of Isangel, Vanuatu",earthquake,8.02,1.988,0.169,10,reviewed,us,us
2026-05-12T21:19:36.793Z,-23.2993,-176.8758,154,5.7,mww,100,43,5.996,0.71,us,us6000sx9x,2026-05-22T02:39:03.327Z,"286 km SW of Houma, Tonga",earthquake,10.59,1.862,0.062,25,reviewed,us,us
2026-05-12T20:55:58.360Z,33.235,-116.79033333333,13.69,2.51,ml,98,14,0.02648,0.22,ci,ci41465616,2026-05-25T21:02:41.040Z,"3 km WSW of Lake Henshaw, CA",earthquake,0.14,0.36,0.19358400562617,118,reviewed,ci,ci
2026-05-12T20:16:08.667Z,35.715,51.9166,10,4.3,mb,66,92,4.203,0.66,us,us6000sx99,2026-05-25T20:47:03.049Z,"13 km W of Damāvand, Iran",earthquake,8.29,1.912,0.084,40,reviewed,us,us
2026-05-12T19:38:13.690Z,38.7695,-122.608,4.78,2.85,md,118,24,0.05061,0.15,nc,nc75359541,2026-05-25T20:33:33.040Z,"2 km NNE of Middletown, CA",earthquake,0.11,0.27,0.233,136,reviewed,nc,nc
2026-05-12T19:21:08.581Z,51.3834,-177.5908,50.668,2.9,ml,19,215,0.42,0.34,us,us6000sxsz,2026-05-25T20:30:53.040Z,"85 km SW of Adak, Alaska",earthquake,8.13,25.997,0.105,12,reviewed,us,us
2026-05-12T18:32:40.137Z,-16.989,-69.7145,181.768,4.2,mb,29,106,1.353,1.15,us,us6000sx82,2026-05-25T20:23:28.040Z,"27 km S of Mazo Cruz, Peru",earthquake,11.95,9.895,0.176,9,reviewed,us,us
2026-05-12T18:19:49.339Z,53.471,-164.734,9.1,2.5,ml,15,277,1,0.6,ak,aka2026jjjobx,2026-05-14T21:30:48.362Z,"100 km SE of Akutan, Alaska",earthquake,8.5,4.096,0.1,9,reviewed,ak,ak
2026-05-12T18:10:22.433Z,2.9083,127.8786,71.729,4.7,mb,125,75,7.252,0.66,us,us6000sx7r,2026-05-25T20:08:44.040Z,"131 km N of Tobelo, Indonesia",earthquake,9.55,5.121,0.051,117,reviewed,us,us
2026-05-12T17:05:27.784Z,57.691,-137.824,5.8,3,ml,24,179,1.3,0.7,ak,aka2026jjhbps,2026-05-25T18:28:15.040Z,"99 km WSW of Pelican, Alaska",earthquake,9.3,7.6319,0.2,16,reviewed,ak,ak
2026-05-12T16:34:07.579Z,59.712,-153.143,110.7,2.5,ml,38,88,0.1,0.5,ak,aka2026jjgaot,2026-05-14T21:23:52.884Z,"54 km E of Pedro Bay, Alaska",earthquake,5.5,2.7884,0.3,24,reviewed,ak,ak
2026-05-12T15:39:31.100Z,-10.649,164.9925,68.161,5.6,mww,186,28,5.112,0.71,us,us6000sx5k,2026-05-13T16:06:31.238Z,"88 km W of Lata, Solomon Islands",earthquake,7.6,4.396,0.061,26,reviewed,us,us
2026-05-12T15:31:58.569Z,52.222,-169.514,14.9,3,ml,21,289,0.6,0.8,ak,aka2026jjdywa,2026-05-14T21:15:44.017Z,"91 km SSW of Nikolski, Alaska",earthquake,23.9,0,0.2,16,reviewed,ak,ak
2026-05-12T15:25:25.974Z,52.261,-169.458,20.9,2.7,ml,17,284,0.6,0.6,ak,aka2026jjdswt,2026-05-14T21:14:10.657Z,"85 km SSW of Nikolski, Alaska",earthquake,9.4,6.5679,0.1,11,reviewed,ak,ak
2026-05-12T15:15:49.609Z,56.2063,-149.1807,10,3,ml,31,233,2.442,0.81,us,us6000sx7j,2026-05-14T21:14:20.808Z,"245 km SE of Chiniak, Alaska",earthquake,10.93,2.019,0.069,28,reviewed,us,us
2026-05-12T14:58:21.781Z,64.523,-147.142,1.7,2.5,ml,42,35,0.1,0.7,ak,aka2026jjcvjz,2026-05-14T21:11:49.547Z,"11 km W of Salcha, Alaska",earthquake,2.2,1.8326,0.1,29,reviewed,ak,ak
2026-05-12T14:55:15.727Z,28.4795,104.8209,10,4.8,mb,161,34,4.454,0.54,us,us6000sx5d,2026-05-12T16:47:25.040Z,"10 km ENE of Xunchang, China",earthquake,4.93,2.758,0.046,150,reviewed,us,us
2026-05-12T14:52:58.870Z,40.3475,-124.76816666667,19.25,2.93,md,101,225,0.3307,0.22,nc,nc75359406,2026-05-23T01:47:24.499Z,"41 km W of Petrolia, CA",earthquake,0.73,0.61,0.112,66,reviewed,nc,nc
2026-05-12T14:15:57.318Z,56.071,-156.556,5.8,2.5,ml,11,314,1.1,0.3,ak,aka2026jjbktr,2026-05-14T21:09:47.361Z,"117 km ESE of Chignik, Alaska",earthquake,11.1,4.6459,0.2,7,reviewed,ak,ak
2026-05-12T12:42:16.578Z,-39.4808,174.2794,207.603,4.2,mb,30,76,0.515,0.68,us,us6000sx4s,2026-05-13T06:04:28.040Z,"5 km N of Normanby, New Zealand",earthquake,7.07,8.869,0.198,7,reviewed,us,us
2026-05-12T12:34:17.470Z,56.834,-155.805,9,2.5,ml,29,75,0.9,0.7,ak,aka2026jiyaon,2026-05-14T19:54:14.609Z,"100 km W of Akhiok, Alaska",earthquake,3,2.1582,0.2,18,reviewed,ak,ak
2026-05-12T12:25:12.794Z,54.438,-163.112,1.2,2.9,ml,29,210,0.4,0.4,ak,aka2026jixsps,2026-05-14T19:53:31.037Z,"50 km SSE of False Pass, Alaska",earthquake,6.7,3.4659,0.1,25,reviewed,ak,ak
2026-05-12T11:34:16.561Z,47.9595,-128.8473,10,2.8,ml,17,126,0.179,0.35,us,us6000sx4g,2026-05-12T12:33:09.040Z,"254 km WSW of Tofino, Canada",earthquake,6.85,2.018,0.057,40,reviewed,us,us
2026-05-12T10:40:05.870Z,-23.1277,-68.7122,125.984,4.4,mb,16,104,0.522,0.7,us,us6000sx4c,2026-05-12T12:00:24.040Z,"57 km WSW of San Pedro de Atacama, Chile",earthquake,4.71,3.779,0.241,5,reviewed,us,us
2026-05-12T10:30:07.599Z,56.256,-149.258,19,3.3,ml,51,207,2.4,0.7,ak,aka2026jitwvc,2026-05-14T19:42:04.645Z,"237 km SE of Chiniak, Alaska",earthquake,11.2,12.2896,0.1,32,reviewed,ak,ak
2026-05-12T10:02:15.796Z,69.557,-144.566,1.3,2.6,ml,28,95,0.3,1.1,ak,aka2026jiszco,2026-05-14T19:38:18.587Z,"73 km SSW of Kaktovik, Alaska",earthquake,4,3.7297,0.2,18,reviewed,ak,ak
2026-05-12T09:45:35.066Z,51.345,-176.571,20.2,3,ml,20,238,0.5,0.5,ak,aka2026jiskec,2026-05-14T19:31:54.198Z,"59 km S of Adak, Alaska",earthquake,7.9,5.1101,0.1,15,reviewed,ak,ak
2026-05-12T09:28:12.030Z,19.199166666667,-155.48766666667,31.63,2.49,ml,49,80,0.04978,0.14,hv,hv74958142,2026-05-12T19:33:05.760Z,"1 km WSW of Pāhala, Hawaii",earthquake,0.52,0.58,0.17588062514521,37,reviewed,hv,hv
2026-05-12T09:23:04.537Z,58.62,-142.641,5,2.8,ml,59,147,1.5,1,ak,aka2026jirqrs,2026-05-14T19:31:26.491Z,"196 km WSW of Yakutat, Alaska",earthquake,3.4,0,0.3,43,reviewed,ak,ak
2026-05-12T09:02:57.723Z,-41.4903,174.5627,24.825,4.3,mb,38,86,0.21,0.73,us,us6000sx3w,2026-05-12T12:50:07.911Z,"23 km SW of Owhiro Bay, New Zealand",earthquake,3.52,1.7,0.217,6,reviewed,us,us
2026-05-12T08:53:56.666Z,4.8333,127.5121,108.574,5,mb,78,47,2.938,0.68,us,us6000sx3v,2026-05-12T09:12:42.040Z,"224 km SE of Pondaguitan, Philippines",earthquake,9.3,5.74,0.045,156,reviewed,us,us
2026-05-12T07:38:20.811Z,60.867,-151.902,93.7,2.8,ml,112,34,0.3,0.7,ak,aka2026jiodvh,2026-05-14T19:27:59.545Z,"38 km WNW of Nikiski, Alaska",earthquake,2.3,1.6484,0.2,79,reviewed,ak,ak
2026-05-12T07:30:28.658Z,-5.4953,147.0788,207.173,4.3,mb,30,102,3.441,0.56,us,us6000sx3n,2026-05-12T07:46:20.040Z,"136 km N of Lae, Papua New Guinea",earthquake,10.01,9.128,0.113,22,reviewed,us,us
2026-05-12T06:53:32.598Z,23.2629,121.4893,26.329,5.1,mww,89,88,0.219,0.7,us,us6000sx3h,2026-05-13T04:18:50.124Z,"79 km S of Hualien City, Taiwan",earthquake,3.83,4.742,0.11,8,reviewed,us,us
2026-05-12T06:45:39.916Z,51.3446,-174.3318,35,3.4,mb,28,213,0.862,0.48,us,us6000sxrk,2026-06-01T11:41:22.040Z,"95 km S of Atka, Alaska",earthquake,4,2.01,0.163,9,reviewed,us,us
2026-05-12T06:32:54.391Z,51.3665,-174.2889,35,3.5,mb,17,212,0.838,0.59,us,us6000sxrj,2026-06-01T11:15:30.040Z,"92 km S of Atka, Alaska",earthquake,4.51,2.006,0.201,6,reviewed,us,us
2026-05-12T06:29:11.851Z,51.895,160.2352,10,4.4,mb,44,113,1.961,0.89,us,us6000sz0g,2026-06-01T12:44:44.040Z,"169 km SE of Vilyuchinsk, Russia",earthquake,6.64,1.772,0.093,33,reviewed,us,us
2026-05-12T06:23:03.205Z,52.3443,160.1716,10,4.6,mb,115,117,1.687,0.67,us,us6000sx3g,2026-05-12T06:49:12.040Z,"131 km SE of Petropavlovsk-Kamchatsky, Russia",earthquake,9.01,1.882,0.048,129,reviewed,us,us
2026-05-12T06:03:08.618Z,-16.4438,-73.8547,35,4.1,mb,27,151,3.862,0.82,us,us6000sx3b,2026-05-12T06:31:52.040Z,"35 km SW of Atico, Peru",earthquake,6.3,1.966,0.097,29,reviewed,us,us
2026-05-12T05:33:00.666Z,36.8731,143.843,10,4.5,mb,35,63,4.472,1.27,us,us6000sz0c,2026-06-01T12:30:10.040Z,"256 km ESE of Tomioka, Japan",earthquake,9.67,1.876,0.097,31,reviewed,us,us
2026-05-12T05:20:31.995Z,-5.619,151.4861,53.41,4.2,mb,22,88,1.571,0.79,us,us6000sz0d,2026-06-01T13:27:41.040Z,"149 km E of Kimbe, Papua New Guinea",earthquake,7.2,8.203,0.132,16,reviewed,us,us
2026-05-12T05:18:57.588Z,7.0489,92.4295,10,4.9,mb,56,70,4.842,0.8,us,us6000sx36,2026-05-12T05:41:03.040Z,"Nicobar Islands, India region",earthquake,10.59,1.876,0.072,60,reviewed,us,us
2026-05-12T05:09:43.590Z,18.327166666667,-67.459666666667,88.74,3.06,md,28,150,0.0599,0.28,pr,pr71516513,2026-05-12T05:47:58.040Z,"22 km W of Rincón, Puerto Rico",earthquake,1.2,0.81,0.061637932985749,16,reviewed,pr,pr
2026-05-12T05:00:14.752Z,53.9179,-162.9358,6.075,2.9,ml,30,210,0.868,0.6,us,us6000sx35,2026-05-14T19:12:42.964Z,"108 km SSE of False Pass, Alaska",earthquake,3.56,8.606,0.091,16,reviewed,us,us
2026-05-12T04:33:20.690Z,51.278,-174.297,1.3,3.2,ml,22,222,0.9,0.9,ak,aka2026jihzmk,2026-05-14T19:10:15.763Z,"102 km S of Atka, Alaska",earthquake,10.2,4.4527,0.1,18,reviewed,ak,ak
2026-05-12T04:08:24.653Z,52.1738,160.8367,10,4.5,mb,43,170,2.129,1.01,us,us6000sx2w,2026-05-12T04:35:36.040Z,"179 km SE of Petropavlovsk-Kamchatsky, Russia",earthquake,10.63,1.939,0.08,46,reviewed,us,us
2026-05-12T03:45:42.646Z,-10.2288,161.21,60.837,5,mb,63,60,1.471,0.47,us,us6000sx2s,2026-05-12T04:03:47.040Z,"81 km WNW of Kirakira, Solomon Islands",earthquake,8.83,5.859,0.057,99,reviewed,us,us
2026-05-12T02:01:47.043Z,53.2009,-162.2391,10,2.9,ml,17,254,1.758,0.52,us,us6000sx3e,2026-05-14T05:22:43.071Z,"199 km SSE of False Pass, Alaska",earthquake,5.28,2.02,0.148,6,reviewed,us,us
2026-05-12T00:24:47.468Z,24.4203,141.6693,10,4.4,mb,23,156,17.591,0.28,us,us6000sz08,2026-05-22T02:21:36.040Z,"Volcano Islands, Japan region",earthquake,14.65,1.942,0.126,18,reviewed,us,us
2026-05-12T00:21:33.614Z,51.557,-179.156,12.6,2.7,ml,20,169,0.2,0.9,ak,aka2026jhzpfa,2026-05-14T05:09:58.505Z,"177 km WSW of Adak, Alaska",earthquake,8.2,1.9567,0.2,13,reviewed,ak,ak
2026-05-12T00:02:38.699Z,36.2696,139.8045,72.177,4.3,mwr,64,134,1.315,0.7,us,us6000sx29,2026-05-22T02:03:39.040Z,"3 km S of Oyama, Japan",earthquake,8.87,6.191,0.078,16,reviewed,us,us
2026-05-11T23:35:36.279Z,51.296,-176.15,17.2,2.5,ml,11,248,0.6,0.4,ak,aka2026jhybho,2026-05-12T22:49:41.698Z,"72 km SSE of Adak, Alaska",earthquake,7.9,6.2651,0.2,8,reviewed,ak,ak
2026-05-11T23:32:24.736Z,59.702,-136.166,10,2.9,ml,8,115,0.3,0.7,ak,aka2026jhxyxr,2026-05-22T01:58:24.040Z,"19 km NNW of Mosquito Lake, Alaska",earthquake,4.6,0,0.3,14,reviewed,ak,ak
2026-05-11T23:20:19.530Z,35.305333333333,-117.81016666667,7.84,2.87,ml,62,33,0.04776,0.15,ci,ci41464632,2026-05-12T19:24:08.141Z,"18 km WSW of Johannesburg, CA",earthquake,0.12,0.39,0.20329279575701,27,reviewed,ci,ci
2026-05-11T23:16:35.534Z,-25.6171,-71.3766,10,4.4,mb,49,144,0.878,0.84,us,us6000sx1u,2026-05-22T01:51:43.040Z,"92 km WSW of Taltal, Chile",earthquake,4.72,1.89,0.155,12,reviewed,us,us
2026-05-11T22:36:09.303Z,38.4115,142.6879,35,4.2,mb,10,210,2.685,0.46,us,us6000sz01,2026-05-22T01:46:34.040Z,"108 km E of Onagawa Chō, Japan",earthquake,9.77,2.002,0.236,5,reviewed,us,us
2026-05-11T22:29:04.190Z,17.895,-65.207666666667,14.91,3.23,md,16,166,0.4164,0.31,pr,pr71516503,2026-05-11T23:08:19.040Z,"35 km SE of Esperanza, Puerto Rico",earthquake,0.78,1.25,0.17110379426894,9,reviewed,pr,pr
2026-05-11T22:29:03.351Z,51.269,-174.361,5.5,2.6,ml,13,281,0.9,0.4,ak,aka2026jhvvpf,2026-05-12T22:37:46.349Z,"103 km S of Atka, Alaska",earthquake,13.9,8.9563,0.1,9,reviewed,ak,ak
2026-05-11T22:08:39.367Z,12.3029,144.4392,10,4.6,mb,18,156,1.345,0.7,us,us6000sz00,2026-05-22T01:09:17.040Z,"109 km SSW of Merizo Village, Guam",earthquake,12.53,1.937,0.151,13,reviewed,us,us
2026-05-11T21:59:30.948Z,-5.3577,145.8157,98.32,4.4,mb,25,136,3.638,0.26,us,us6000syzz,2026-05-22T00:51:30.040Z,"15 km SSE of Madang, Papua New Guinea",earthquake,8.88,6.443,0.13,17,reviewed,us,us
2026-05-11T21:26:23.890Z,35.304166666667,-117.81383333333,7.95,2.47,ml,54,33,0.04504,0.18,ci,ci41464448,2026-05-11T22:02:57.040Z,"18 km WSW of Johannesburg, CA",earthquake,0.14,0.47,0.19051924248282,25,reviewed,ci,ci
2026-05-11T21:17:44.696Z,14.302,51.3898,10,4.2,mb,12,135,6.789,0.31,us,us6000sz04,2026-05-22T00:28:16.040Z,"227 km SSW of Al Ghayz̧ah, Yemen",earthquake,7.29,1.966,0.199,7,reviewed,us,us
2026-05-11T21:16:20.350Z,18.618166666667,-66.7275,18.59,2.54,md,13,228,0.2345,0.24,pr,pr71516488,2026-05-11T21:25:23.400Z,"16 km N of Arecibo, Puerto Rico",earthquake,0.95,0.59,0.15852831753815,8,reviewed,pr,pr
2026-05-11T20:36:10.761Z,60.017,-153.128,128.6,2.5,ml,96,56,0,0.7,ak,aka2026jhsbvd,2026-05-24T15:09:38.040Z,"60 km ENE of Pedro Bay, Alaska",earthquake,3.3,1.5697,0.3,67,reviewed,ak,ak
2026-05-11T20:18:48.707Z,13.179,145.994,10,4.8,mb,67,122,1.169,0.85,us,us6000sx06,2026-05-24T15:08:38.040Z,"126 km ESE of Yigo Village, Guam",earthquake,9.92,1.845,0.049,129,reviewed,us,us
2026-05-11T20:04:59.129Z,-15.4991,-177.5257,10,4.8,mb,36,122,3.14,0.6,us,us6000sx3a,2026-05-24T15:11:10.040Z,"145 km SSE of Alo, Wallis and Futuna",earthquake,10.55,1.887,0.104,29,reviewed,us,us
2026-05-11T18:55:34.065Z,39.339,-119.0169,7.6569,2.71,ml,29,78,0.069,0.153,nn,nn00918402,2026-05-24T15:04:05.040Z,"19 km ESE of Silver Springs, Nevada",earthquake,,0.9935,0.32,15,reviewed,nn,nn
2026-05-11T18:40:49.690Z,18.931833333333,-65.919,21.57,3.11,md,14,232,0.6388,0.18,pr,pr71516478,2026-05-11T19:00:57.640Z,"55 km NNE of San Juan, Puerto Rico",earthquake,0.77,15.42,0.20963095460402,6,reviewed,pr,pr
2026-05-11T18:09:29.149Z,-17.821,125.6625,15.935,4.2,mb,17,84,0.277,0.78,us,us6000swyt,2026-05-24T15:02:57.040Z,"42 km NNE of Fitzroy Crossing, Australia",earthquake,6.19,5.188,0.152,12,reviewed,us,us
2026-05-11T17:14:43.805Z,-31.7023,-70.4867,3.138,4.4,mwr,39,85,0.537,0.36,us,us6000swyj,2026-05-24T15:00:25.040Z,"46 km E of Salamanca, Chile",earthquake,2.21,3.907,0.047,43,reviewed,us,us
2026-05-11T17:01:18.426Z,55.045,-160.484,16.7,2.6,ml,19,221,0.8,0.6,ak,aka2026jhkxkf,2026-05-12T22:12:30.634Z,"32 km S of Sand Point, Alaska",earthquake,7.5,5.7862,0.2,15,reviewed,ak,ak
2026-05-11T16:31:01.791Z,51.5316,-173.3925,10,3.5,ml,23,217,0.836,0.54,us,us6000swzp,2026-05-12T22:10:53.872Z,"92 km SE of Atka, Alaska",earthquake,2.47,1.984,0.128,8,reviewed,us,us
2026-05-11T16:27:37.860Z,18.8585,-64.487666666667,8.68,2.63,md,4,292,0.3751,0.05,pr,pr71516458,2026-05-11T17:08:28.240Z,"66 km NNE of Cruz Bay, U.S. Virgin Islands",earthquake,0.98,1.48,0.12380671067974,3,reviewed,pr,pr
2026-05-11T16:24:46.630Z,39.943333333333,-123.71633333333,5.64,2.6,md,47,48,0.09631,0.13,nc,nc75358921,2026-05-22T20:52:20.594Z,"22 km SSE of Redway, CA",earthquake,0.14,0.4,0.122,48,reviewed,nc,nc
2026-05-11T15:39:02.596Z,53.2098,159.8535,68.164,4.2,mb,30,116,1.301,0.78,us,us6000syzs,2026-05-21T16:54:46.040Z,"83 km E of Petropavlovsk-Kamchatsky, Russia",earthquake,10.5,7.329,0.128,18,reviewed,us,us
2026-05-11T15:34:00.350Z,18.977666666667,-67.1365,14.17,3.14,md,16,221,0.508,0.36,pr,pr71516443,2026-05-21T16:41:17.040Z,"53 km N of San Antonio, Puerto Rico",earthquake,1.26,2.02,0.056097228638222,12,reviewed,pr,pr
2026-05-11T15:08:09.331Z,56.012,-159.945,5,2.6,ml,20,146,0.3,0.6,ak,aka2026jhhdho,2026-05-11T19:53:42.080Z,"31 km WNW of Ivanof Bay, Alaska",earthquake,10.6,,0.5,4,automatic,ak,ak
2026-05-11T14:40:16.578Z,40.1683,-98.3584,5,2.9,mb_lg,18,53,1.249,0.69,us,us6000swww,2026-05-25T17:13:45.040Z,"7 km E of Cowles, Nebraska",earthquake,3.61,1.996,0.054,90,reviewed,us,us
2026-05-11T14:10:26.864Z,52.6055,-164.9601,18.945,3.5,mb,34,182,1.551,0.63,us,us6000swzj,2026-05-25T17:12:01.040Z,"175 km SE of Unalaska, Alaska",earthquake,3.96,6.626,0.187,7,reviewed,us,us
2026-05-11T13:33:12.519Z,2.8018,127.8554,95.42,4,mb,42,115,7.182,0.44,us,us6000syzr,2026-05-25T17:04:02.040Z,"119 km N of Tobelo, Indonesia",earthquake,12.61,6.709,0.101,26,reviewed,us,us
2026-05-11T13:06:04.943Z,37.5328,21.1373,25.047,4.2,mb,41,185,0.72,1.07,us,us6000syzq,2026-05-25T16:54:09.040Z,"31 km WSW of Pýrgos, Greece",earthquake,6.78,5.954,0.125,18,reviewed,us,us
2026-05-11T13:02:23.434Z,55.8197,114.5242,10,4,mb,16,114,7.03,0.41,us,us6000syzp,2026-05-25T16:43:17.040Z,"62 km SSW of Taksimo, Russia",earthquake,8.18,1.965,0.197,7,reviewed,us,us
2026-05-11T12:52:52.800Z,19.1418,-67.967,39,3.68,md,14,262,0.7523,0.39,pr,pr2026131000,2026-05-11T14:00:46.590Z,"77 km NE of Punta Cana, Dominican Republic",earthquake,3.36,12.2,0.08,12,reviewed,pr,pr
2026-05-11T12:14:45.843Z,53.951,-162.463,1.5,2.7,ml,12,282,1,0.7,ak,aka2026jhbjbv,2026-05-12T21:48:14.219Z,"117 km SSE of False Pass, Alaska",earthquake,16.5,7.0571,0.3,12,reviewed,ak,ak
2026-05-11T12:14:31.566Z,51.9685,-173.2606,69.713,3.8,mb,51,179,0.601,0.48,us,us6000swzh,2026-06-01T09:23:27.040Z,"69 km ESE of Atka, Alaska",earthquake,9.01,10.76,0.078,42,reviewed,us,us
2026-05-11T12:00:51.760Z,51.0713,179.1604,32.682,3.9,mb,28,227,0.32,0.69,us,us6000sxac,2026-06-01T11:00:28.040Z,"Rat Islands, Aleutian Islands, Alaska",earthquake,5.4,7.35,0.162,10,reviewed,us,us
2026-05-11T11:24:36.360Z,37.511833333333,-118.83116666667,4.5,2.58,md,39,58,0.07807,0.06,nc,nc75358766,2026-05-22T01:57:21.408Z,"14 km WSW of Toms Place, CA",earthquake,0.2,0.81,0.128,43,reviewed,nc,nc
2026-05-11T11:16:04.490Z,39.945,-123.714,4.49,3.01,ml,52,47,0.09512,0.15,nc,nc75358761,2026-05-21T03:52:21.801Z,"22 km SSE of Redway, CA",earthquake,0.15,0.45,0.187,29,reviewed,nc,nc
2026-05-11T11:11:04.506Z,51.6059,-177.9347,42.048,2.6,ml,16,190,0.151,0.39,us,us6000sxa9,2026-05-30T13:09:07.040Z,"94 km WSW of Adak, Alaska",earthquake,4.84,4.136,0.091,16,reviewed,us,us
2026-05-11T11:04:23.180Z,39.945,-123.71316666667,4.54,2.81,md,51,47,0.09451,0.14,nc,nc75358746,2026-05-21T03:12:21.525Z,"22 km SSE of Redway, CA",earthquake,0.15,0.43,0.137,64,reviewed,nc,nc
2026-05-11T10:38:18.094Z,51.19,-174.2021,10,2.9,ml,13,279,1.013,0.42,us,us6000sxa5,2026-05-18T05:59:21.040Z,"111 km S of Atka, Alaska",earthquake,5.82,1.998,0.115,10,reviewed,us,us
2026-05-11T10:32:07.400Z,39.2744,-119.1062,8.2404,2.79,ml,12,84,0.056,0.0764,nn,nn00918360,2026-05-11T16:30:34.276Z,"18 km SSE of Silver Springs, Nevada",earthquake,,3.0026,0.44,8,reviewed,nn,nn
2026-05-11T10:29:33.368Z,39.2777,-119.1003,8.7057,2.89,ml,30,59,0.053,0.1568,nn,nn00918355,2026-05-11T17:23:06.884Z,"18 km SE of Silver Springs, Nevada",earthquake,,0.9869,0.38,15,reviewed,nn,nn
2026-05-11T10:26:32.179Z,51.2625,-177.0542,30.9,3.1,ml,23,213,0.512,0.59,us,us6000sxa3,2026-05-18T06:04:31.040Z,"74 km SSW of Adak, Alaska",earthquake,4.58,16.135,0.085,18,reviewed,us,us
2026-05-11T09:53:07.560Z,51.2262,-174.1911,10,3.4,ml,28,224,0.977,0.55,us,us6000sxa2,2026-05-18T08:05:57.040Z,"107 km S of Atka, Alaska",earthquake,3.21,1.982,0.091,16,reviewed,us,us
2026-05-11T09:48:51.604Z,-9.2967,159.1915,10,5.2,mww,84,49,0.759,0.6,us,us6000swvm,2026-05-11T17:58:35.040Z,"72 km NW of Malango, Solomon Islands",earthquake,6.55,1.86,0.073,18,reviewed,us,us
2026-05-11T09:15:02.568Z,51.696,-178.5508,108.84,2.6,ml,17,144,0.15,0.22,us,us6000sx9w,2026-05-18T12:23:15.040Z,"133 km W of Adak, Alaska",earthquake,9.33,5.098,0.091,16,reviewed,us,us
2026-05-11T09:13:33.497Z,51.4291,-179.0807,19.046,2.6,ml,16,193,0.208,0.87,us,us6000sx9u,2026-05-18T12:30:56.040Z,"176 km WSW of Adak, Alaska",earthquake,3.44,4.908,0.085,18,reviewed,us,us
2026-05-11T09:13:26.570Z,32.9445,-115.535,15.58,2.53,ml,62,38,0.04805,0.26,ci,ci41463760,2026-05-15T16:48:27.900Z,"4 km S of Brawley, CA",earthquake,0.23,0.44,0.23076324178085,26,reviewed,ci,ci
2026-05-11T08:43:38.973Z,52.1078,-170.8151,35,3.7,mb,65,210,0.876,1.01,us,us6000swza,2026-05-12T21:19:32.233Z,"161 km SW of Nikolski, Alaska",earthquake,4.26,1.984,0.14,13,reviewed,us,us
2026-05-11T08:40:15.580Z,39.9445,-123.71166666667,3.41,2.52,md,0,47,0.09326,0.16,nc,nc75358671,2026-05-22T20:37:24.570Z,"22 km SSE of Redway, CA",earthquake,0.18,0.68,0.139,47,reviewed,nc,nc
2026-05-11T08:29:55.224Z,56.3721,-149.2093,10,3.1,ml,43,223,2.322,0.62,us,us6000swvd,2026-05-12T21:17:53.342Z,"232 km SE of Chiniak, Alaska",earthquake,6.87,2.014,0.048,56,reviewed,us,us
2026-05-11T08:26:33.512Z,56.402,-149.368,5,3,ml,39,216,2.2,0.8,ak,aka2026jgttaz,2026-05-12T21:16:05.308Z,"222 km SE of Chiniak, Alaska",earthquake,8.6,0,0.2,25,reviewed,ak,ak
2026-05-11T08:19:58.130Z,39.943,-123.7135,4.33,2.55,md,42,48,0.09413,0.12,nc,nc75358661,2026-05-21T01:27:21.820Z,"22 km SSE of Redway, CA",earthquake,0.2,0.51,0.154,14,reviewed,nc,nc
2026-05-11T07:25:10.730Z,40.4025,-126.39416666667,24.57,2.9,md,32,324,1.562,0.24,nc,nc75358636,2026-05-22T17:52:19.444Z,"179 km W of Petrolia, CA",earthquake,16.89,18.4,0.031,4,reviewed,nc,nc
2026-05-11T05:57:05.872Z,51.142,-174.298,1,3.1,ml,14,292,1.1,0.3,ak,aka2026jgotpd,2026-05-12T20:10:45.709Z,"117 km S of Atka, Alaska",earthquake,9.5,7.3139,0.1,12,reviewed,ak,ak
2026-05-11T05:37:38.212Z,50.812,-175.198,18.2,2.8,ml,16,283,1.3,0.6,ak,aka2026jgocsf,2026-05-12T20:07:29.485Z,"154 km SE of Adak, Alaska",earthquake,21.6,19.1833,0.1,12,reviewed,ak,ak
2026-05-11T05:35:52.128Z,-23.046,-68.633,112.298,4.6,mb,44,68,0.429,0.47,us,us6000swuu,2026-05-11T06:05:10.040Z,"46 km WSW of San Pedro de Atacama, Chile",earthquake,3.96,5.258,0.094,34,reviewed,us,us
2026-05-11T05:26:46.074Z,62.915,-151.198,111.4,3.3,ml,182,33,0.4,0.8,ak,aka2026jgntfa,2026-05-12T20:05:40.143Z,"51 km NNW of Petersville, Alaska",earthquake,1.8,1.8455,0.2,120,reviewed,ak,ak
2026-05-11T04:53:05.464Z,56.2863,-149.2854,19.463,3,ml,33,234,2.345,0.65,us,us6000sx8v,2026-05-13T23:40:16.040Z,"234 km SE of Chiniak, Alaska",earthquake,9.39,9.081,0.057,40,reviewed,us,us
2026-05-11T04:38:35.279Z,38.9276,-118.8221,9.4556,2.58,ml,23,70,0.331,0.1573,nn,nn00918331,2026-05-13T23:47:46.040Z,"2 km SSW of Schurz, Nevada",earthquake,,5.5289,0.23,11,reviewed,nn,nn
2026-05-11T04:30:47.904Z,36.352,69.5369,166.597,4.3,mb,28,102,2.32,0.81,us,us6000swui,2026-05-11T04:54:09.040Z,"37 km SW of Farkhār, Afghanistan",earthquake,8.71,5.431,0.114,22,reviewed,us,us
2026-05-11T02:27:44.648Z,41.1548,142.3508,54.665,4.3,mb,41,141,1.04,0.51,us,us6000swu3,2026-05-22T00:22:33.040Z,"92 km E of Yokohama, Japan",earthquake,6.51,8.144,0.099,29,reviewed,us,us
2026-05-11T01:41:17.618Z,27.3848,129.5696,10,5,mb,75,89,1.279,1.18,us,us6000swtz,2026-05-22T00:14:23.040Z,"70 km ESE of Isen, Japan",earthquake,5.92,1.842,0.046,152,reviewed,us,us
2026-05-11T00:21:40.350Z,39.7894,143.5843,10,4.9,mww,102,58,2.171,0.5,us,us6000swtm,2026-05-22T00:16:49.891Z,"141 km E of Miyako, Japan",earthquake,8.53,1.768,0.068,21,reviewed,us,us
2026-05-11T00:13:33.691Z,51.8163,-179.4917,109.68,2.9,ml,30,152,0.443,0.46,us,us6000sx8h,2026-05-18T22:56:29.040Z,"197 km W of Adak, Alaska",earthquake,6.64,1.909,0.085,18,reviewed,us,us
2026-05-11T00:10:02.549Z,39.8176,143.1799,35,4.2,mb,30,134,1.886,0.64,us,us6000syz6,2026-05-22T00:12:21.040Z,"107 km E of Miyako, Japan",earthquake,5.93,1.937,0.146,13,reviewed,us,us
2026-05-11T00:05:04.150Z,54.3062,-163.7566,69.142,3.2,ml,41,194,0.339,0.49,us,us6000sx8e,2026-05-18T22:39:45.040Z,"64 km SSW of False Pass, Alaska",earthquake,9.2,16.681,0.085,18,reviewed,us,us
2026-05-10T23:55:15.235Z,-0.4584,98.7333,35,4.2,mb,16,120,2.099,0.64,us,us6000sysg,2026-05-19T22:51:21.040Z,"154 km SE of Teluk Dalam, Indonesia",earthquake,12.08,1.966,0.175,9,reviewed,us,us
2026-05-10T23:20:54.500Z,-23.4663,-179.8301,534.64,5,mb,58,62,6.028,0.6,us,us6000swte,2026-05-19T22:40:56.040Z,"south of the Fiji Islands",earthquake,12.58,6.146,0.031,324,reviewed,us,us
2026-05-10T23:15:43.934Z,-23.3823,179.9389,562.321,5.1,mb,99,66,11.533,0.66,us,us6000swtd,2026-05-19T22:32:37.040Z,"south of the Fiji Islands",earthquake,11.78,5.977,0.026,465,reviewed,us,us
2026-05-10T23:10:47.874Z,61.827,-146.94,27.7,2.7,ml,83,39,0.2,0.8,ak,aka2026jgbffj,2026-05-18T22:33:02.040Z,"17 km SE of Eureka Roadhouse, Alaska",earthquake,2.2,1.6762,0.2,61,reviewed,ak,ak
2026-05-10T22:55:52.540Z,38.000166666667,-122.28166666667,6.29,2.72,md,129,31,0.009158,0.15,nc,nc75358496,2026-05-20T19:27:23.482Z,"2 km ESE of Pinole, CA",earthquake,0.12,0.18,0.133,51,reviewed,nc,nc
2026-05-10T22:51:05.221Z,-25.3692,179.7053,519.083,4.5,mb,54,92,4.397,0.74,us,us6000swvu,2026-05-19T22:08:19.040Z,"south of the Fiji Islands",earthquake,12.47,7.372,0.057,90,reviewed,us,us
2026-05-10T22:45:17.852Z,53.054,-132.8702,10,3.8,mb,29,209,0.28,0.69,us,us6000swt7,2026-05-19T22:50:39.482Z,"219 km SW of Prince Rupert, Canada",earthquake,2.9,1.892,0.117,19,reviewed,us,us
2026-05-10T22:44:40.540Z,51.2957,173.1264,10,4.2,mb,33,200,1.557,0.77,us,us6000sxcp,2026-05-19T21:31:09.040Z,"172 km S of Attu Station, Alaska",earthquake,7.52,1.952,0.159,11,reviewed,us,us
2026-05-10T22:26:44.968Z,56.003,-159.873,5,2.5,ml,18,155,0.3,0.7,ak,aka2026jfztfd,2026-05-11T15:06:26.230Z,"26 km WNW of Ivanof Bay, Alaska",earthquake,14.6,,0.2,4,automatic,ak,ak
2026-05-10T22:01:15.188Z,9.2396,39.9505,10,4.3,mb,47,143,1.301,0.68,us,us6000swt4,2026-05-19T21:24:50.040Z,"36 km NW of Āwash, Ethiopia",earthquake,8.81,1.953,0.091,34,reviewed,us,us
2026-05-10T21:55:02.732Z,-19.9808,-71.1275,10,4,mwr,21,151,0.98,0.71,us,us6000swsy,2026-05-31T00:55:15.040Z,"105 km WNW of Puerto, Chile",earthquake,4.44,1.579,0.055,32,reviewed,us,us
2026-05-10T21:50:11.683Z,55.68,-155.26,1.2,2.6,ml,25,229,0.2,0.8,ak,aka2026jfynpy,2026-05-18T20:40:20.040Z,"156 km SSW of Akhiok, Alaska",earthquake,7.4,3.2687,0.1,19,reviewed,ak,ak
2026-05-10T21:40:59.813Z,59.546,-154.387,180.3,2.8,ml,113,34,0.5,1,ak,aka2026jfyfea,2026-05-18T20:22:03.040Z,"6 km ESE of Pope-Vannoy Landing, Alaska",earthquake,3.5,1.4848,0.3,68,reviewed,ak,ak
2026-05-10T21:20:19.042Z,13.1888,143.2628,186.843,4.2,mb,32,106,1.612,0.87,us,us6000sysd,2026-05-19T21:09:30.040Z,"152 km W of Umatac Village, Guam",earthquake,11.03,6.608,0.103,26,reviewed,us,us
2026-05-10T21:11:08.793Z,55.681,-155.233,4.6,2.9,ml,27,231,0.3,0.9,ak,aka2026jfxfre,2026-05-18T20:15:27.040Z,"155 km SSW of Akhiok, Alaska",earthquake,8.4,3.234,0.1,21,reviewed,ak,ak
2026-05-10T21:08:23.187Z,17.9018,145.7075,230.178,4.5,mb,59,55,4.363,0.75,us,us6000swss,2026-05-19T21:02:13.371Z,"297 km N of Saipan, Northern Mariana Islands",earthquake,11.21,7.251,0.068,64,reviewed,us,us
2026-05-10T21:00:17.341Z,49.3035,154.5219,115.463,4.2,mb,40,135,4.301,0.58,us,us6000swsn,2026-05-19T20:35:37.040Z,"191 km SW of Severo-Kuril’sk, Russia",earthquake,8.85,8.538,0.096,30,reviewed,us,us
2026-05-10T20:55:31.811Z,51.7688,-175.4724,63.145,3.3,ml,28,193,0.355,0.31,us,us6000sxcj,2026-05-17T15:37:27.040Z,"80 km E of Adak, Alaska",earthquake,8.11,13.281,0.081,20,reviewed,us,us
2026-05-10T20:40:15.200Z,19.300666666667,-67.328833333333,28.32,3.29,md,10,306,0.854,0.12,pr,pr71516378,2026-05-24T14:56:31.040Z,"92 km NNW of San Antonio, Puerto Rico",earthquake,0.84,9.49,0.024012562257698,7,reviewed,pr,pr
2026-05-10T20:38:14.641Z,32.448,-102.054,6.7871,2.7,ml,45,54,0.1,0,tx,tx2026jejpom,2026-05-24T14:55:31.040Z,"32 km SSW of Los Ybanez, Texas",earthquake,0.35891102858109,0.73805684676425,0.2,42,reviewed,tx,tx
2026-05-10T20:29:54.575Z,36.674,26.6993,160.147,4.6,mb,76,45,1.185,0.81,us,us6000swsg,2026-05-24T14:48:17.040Z,"24 km WSW of Kéfalos, Greece",earthquake,5.11,6.27,0.051,116,reviewed,us,us
2026-05-10T20:16:45.381Z,-8.9108,157.9947,10,4.9,mb,42,62,1.998,0.67,us,us6000swv6,2026-05-24T14:58:13.040Z,"155 km SE of Gizo, Solomon Islands",earthquake,10.19,1.841,0.096,34,reviewed,us,us
2026-05-10T19:36:36.401Z,20.5004,94.0661,54.234,5,mb,126,59,1.061,0.73,us,us6000sws5,2026-05-24T14:44:25.040Z,"84 km W of Yenangyaung, Burma (Myanmar)",earthquake,6.89,6.428,0.04,196,reviewed,us,us
2026-05-10T18:59:49.577Z,59.731,-152.397,94.9,4.1,ml,109,79,0.3,0.8,ak,aka2026jfsvox,2026-05-24T14:37:28.040Z,"32 km W of Anchor Point, Alaska",earthquake,2.4,1.6239,0.1,81,reviewed,ak,ak
2026-05-10T18:27:17.940Z,18.6873,-63.6495,11,3.56,md,9,325,0.7783,0.61,pr,pr2026130000,2026-05-10T19:59:51.040Z,"79 km NW of Sandy Ground Village, Anguilla",earthquake,27.65,38.95,0.38,5,reviewed,pr,pr
2026-05-10T18:24:33.556Z,39.2709,-119.1034,7.7144,2.82,ml,22,87,0.052,0.1157,nn,nn00918224,2026-05-24T14:31:57.040Z,"19 km SSE of Silver Springs, Nevada",earthquake,,1.4049,0.45,10,reviewed,nn,nn
2026-05-10T18:22:13.799Z,39.277,-119.0956,6,4.05,mwr,21,90,0.05,0.1431,nn,nn00918221,2026-05-26T14:29:21.841Z,"18 km SE of Silver Springs, Nevada",earthquake,,1.7806,,,reviewed,nn,nn
2026-05-10T17:23:24.712Z,18.7136,120.1471,10,4.2,mb,38,109,4.176,0.87,us,us6000swrg,2026-05-24T14:29:01.040Z,"52 km WNW of Davila, Philippines",earthquake,10.77,1.904,0.108,24,reviewed,us,us
2026-05-10T16:41:43.270Z,-16.8739,-173.3414,10,5.3,mb,67,74,8.265,1.28,us,us6000swr8,2026-05-21T16:38:38.040Z,"112 km SSE of Hihifo, Tonga",earthquake,10.54,1.792,0.033,310,reviewed,us,us
2026-05-10T16:34:33.201Z,-5.285,145.648,93.275,5.3,mww,78,30,4.359,1.07,us,us6000swr6,2026-05-21T16:03:11.040Z,"16 km WSW of Madang, Papua New Guinea",earthquake,7.97,5.211,0.053,34,reviewed,us,us
2026-05-10T15:53:23.571Z,0.5505,126.1854,35,4.5,mb,27,112,6.261,1.04,us,us6000swr0,2026-05-21T15:56:35.040Z,"136 km WSW of Ternate, Indonesia",earthquake,8.38,1.861,0.113,27,reviewed,us,us
2026-05-10T15:41:53.931Z,63.225,-150.476,124,2.8,ml,107,34,0.7,0.7,ak,aka2026jfmfzy,2026-05-12T23:16:46.932Z,"71 km ESE of Denali National Park, Alaska",earthquake,2.3,2.1247,0.2,72,reviewed,ak,ak
2026-05-10T15:24:40.905Z,51.308,-176.185,13.3,2.5,ml,14,243,0.6,0.3,ak,aka2026jflrbh,2026-05-12T23:13:23.015Z,"70 km SSE of Adak, Alaska",earthquake,9.3,4.4944,0.2,11,reviewed,ak,ak
2026-05-10T14:57:42.044Z,7.4558,-36.1161,10,4.4,mb,31,128,13.196,0.63,us,us6000sxf1,2026-05-21T15:40:28.040Z,"central Mid-Atlantic Ridge",earthquake,13.64,1.912,0.114,22,reviewed,us,us
2026-05-10T14:16:45.810Z,32.978666666667,-115.54733333333,14.46,2.68,ml,67,39,0.0778,0.29,ci,ci41462904,2026-05-21T15:38:57.040Z,"2 km W of Brawley, CA",earthquake,0.24,0.56,0.25426917045662,26,reviewed,ci,ci
2026-05-10T12:24:34.277Z,1.2342,120.5431,35,4.7,mb,33,122,6.257,0.98,us,us6000swq8,2026-05-10T12:48:37.040Z,"248 km NNE of Palu, Indonesia",earthquake,13.15,1.948,0.096,33,reviewed,us,us
2026-05-10T12:21:22.589Z,38.5344,-27.5038,10,4.6,mb,39,170,1.74,0.93,us,us6000swq9,2026-05-10T12:41:37.040Z,"22 km SW of Santa Bárbara, Portugal",earthquake,11.78,1.923,0.062,79,reviewed,us,us
2026-05-10T11:59:24.565Z,-24.0095,-67.0041,208.663,4.2,mb,62,87,1.507,1.08,us,us6000swq2,2026-05-10T12:21:03.040Z,"73 km WNW of San Antonio de los Cobres, Argentina",earthquake,9.39,6.815,0.07,57,reviewed,us,us
2026-05-10T11:03:42.820Z,32.9805,-115.54433333333,11.96,2.82,ml,58,40,0.08001,0.28,ci,ci41462544,2026-05-12T19:12:44.953Z,"1 km W of Brawley, CA",earthquake,0.25,0.48,0.17064746118619,110,reviewed,ci,ci
2026-05-10T10:47:25.810Z,32.979166666667,-115.54316666667,11.56,2.85,ml,63,39,0.07887,0.27,ci,ci41462496,2026-05-12T00:16:28.790Z,"1 km W of Brawley, CA",earthquake,0.23,0.47,0.17619438270817,142,reviewed,ci,ci
2026-05-10T10:30:24.609Z,59.048,-136.044,1.8,2.9,ml,18,107,0.4,0.9,ak,aka2026jfbvzf,2026-05-12T21:59:59.544Z,"40 km WSW of Haines, Alaska",earthquake,4.7,2.7274,0.1,14,reviewed,ak,ak
2026-05-10T09:25:56.830Z,40.369166666667,-125.11466666667,10,2.76,md,82,268,0.5957,0.36,nc,nc75358216,2026-05-20T20:07:20.714Z,"70 km W of Petrolia, CA",earthquake,1.06,31.61,0.214,54,reviewed,nc,nc
2026-05-10T09:23:38.504Z,51.9879,-173.1845,70.865,3.6,mb,30,179,0.632,0.32,us,us6000sxa6,2026-06-01T09:33:30.040Z,"73 km ESE of Atka, Alaska",earthquake,8.25,8.607,0.15,11,reviewed,us,us
2026-05-10T09:19:11.690Z,59.906,-152.325,82.7,2.7,ml,103,56,0.4,0.6,ak,aka2026jezmda,2026-05-12T21:33:22.658Z,"31 km WNW of Anchor Point, Alaska",earthquake,2.6,1.7099,0.2,59,reviewed,ak,ak
2026-05-10T09:07:01.520Z,18.938333333333,-67.562833333333,22.4,3.15,md,12,303,0.5566,0.34,pr,pr71516343,2026-05-10T09:24:54.400Z,"69 km NW of San Antonio, Puerto Rico",earthquake,1.56,22.48,0.011611861784864,4,reviewed,pr,pr
2026-05-10T08:54:44.671Z,55.971,-157.346,25.8,2.7,ml,43,185,0.7,0.5,ak,aka2026jeyrbf,2026-05-21T13:03:20.040Z,"74 km ESE of Chignik, Alaska",earthquake,5.6,5.0931,0.2,31,reviewed,ak,ak
2026-05-10T08:44:21.144Z,54.561,-159.994,1.8,2.5,ml,18,256,1.2,0.7,ak,aka2026jeyifa,2026-05-12T21:22:54.750Z,"92 km SSE of Sand Point, Alaska",earthquake,7.6,4.5582,0.1,13,reviewed,ak,ak
2026-05-10T08:41:00.690Z,52.305,-169.451,19.4,2.7,ml,17,225,0.5,0.8,ak,aka2026jeyfna,2026-05-12T21:18:32.164Z,"81 km SSW of Nikolski, Alaska",earthquake,10.4,5.6431,0.2,16,reviewed,ak,ak
2026-05-10T08:08:33.130Z,18.002,-66.928666666667,10.7,3.11,md,25,153,0.02989,0.28,pr,pr71516328,2026-05-21T12:56:53.040Z,"2 km NW of Fuig, Puerto Rico",earthquake,0.5,0.41,0.072247344252801,13,reviewed,pr,pr
2026-05-10T08:03:57.282Z,-37.7247,-73.2761,28.134,4.2,mwr,39,147,1.07,1.22,us,us6000swni,2026-05-31T00:44:19.040Z,"13 km NE of Cañete, Chile",earthquake,7.45,5.019,0.05,39,reviewed,us,us
2026-05-10T07:53:32.220Z,32.965666666667,-115.56516666667,13.18,2.85,ml,70,38,0.06413,0.26,ci,ci41461936,2026-05-21T12:52:46.040Z,"4 km WSW of Brawley, CA",earthquake,0.22,0.62,0.16100270713947,113,reviewed,ci,ci
2026-05-10T07:48:24.000Z,32.961833333333,-115.5695,12.96,2.64,ml,58,38,0.06065,0.27,ci,ci41461904,2026-05-21T12:51:30.040Z,"4 km WSW of Brawley, CA",earthquake,0.25,0.75,0.23218576656994,26,reviewed,ci,ci
2026-05-10T07:41:25.840Z,32.968166666667,-115.56216666667,11.33,3.2,ml,56,39,0.06652,0.28,ci,ci41461872,2026-05-21T12:41:01.040Z,"3 km WSW of Brawley, CA",earthquake,0.23,0.53,0.18649643809306,92,reviewed,ci,ci
2026-05-10T07:28:09.905Z,51.0411,179.3439,24.745,4.3,mb,54,214,0.339,0.61,us,us6000swn9,2026-05-21T12:39:04.040Z,"294 km WSW of Adak, Alaska",earthquake,4.89,5.696,0.055,93,reviewed,us,us
2026-05-10T07:27:52.220Z,32.976666666667,-115.53866666667,10.25,3.23,ml,57,39,0.07725,0.34,ci,ci41461760,2026-05-21T12:32:24.040Z,"1 km WSW of Brawley, CA",earthquake,0.3,0.81,0.18920865864033,91,reviewed,ci,ci
2026-05-10T07:18:17.700Z,32.974333333333,-115.538,12.2,2.57,ml,38,77,0.07513,0.27,ci,ci41461688,2026-05-21T12:30:08.040Z,"1 km SW of Brawley, CA",earthquake,0.31,0.84,0.16975652008294,20,reviewed,ci,ci
2026-05-10T07:16:49.090Z,32.953333333333,-115.566,9.49,2.68,ml,47,37,0.05191,0.28,ci,ci41461672,2026-05-21T12:26:41.040Z,"4 km SW of Brawley, CA",earthquake,0.25,0.56,0.14949282426787,67,reviewed,ci,ci
2026-05-10T07:15:05.830Z,32.967666666667,-115.55983333333,7.69,2.51,ml,37,72,0.06602,0.3,ci,ci41461656,2026-05-12T14:26:26.768Z,"3 km WSW of Brawley, CA",earthquake,0.31,0.86,0.23359124279423,26,reviewed,ci,ci
2026-05-10T07:14:38.480Z,32.962333333333,-115.56583333333,3.38,2.63,ml,48,38,0.06085,0.3,ci,ci41461648,2026-05-11T18:36:18.152Z,"4 km WSW of Brawley, CA",earthquake,0.25,0.58,0.2141110272491,40,reviewed,ci,ci
2026-05-10T07:14:30.690Z,32.971166666667,-115.53816666667,7.84,2.64,ml,27,77,0.07204,0.28,ci,ci41461640,2026-05-11T20:15:55.194Z,"1 km SW of Brawley, CA",earthquake,0.37,0.92,0.18793870419833,9,reviewed,ci,ci
2026-05-10T07:14:15.080Z,32.960166666667,-115.53933333333,6.78,2.55,ml,15,78,0.06123,0.21,ci,ci10239742,2026-05-11T20:34:52.232Z,"2 km SSW of Brawley, CA",earthquake,0.39,0.97,0.21412424987517,11,reviewed,ci,ci
2026-05-10T07:13:20.830Z,32.964333333333,-115.55866666667,3.32,2.92,ml,17,71,0.06271,0.24,ci,ci41461624,2026-05-11T18:36:08.178Z,"3 km WSW of Brawley, CA",earthquake,0.48,0.51,0.2945941666816,9,reviewed,ci,ci
2026-05-10T07:10:21.250Z,32.971333333333,-115.56233333333,14.53,4.6648691912206,mw,66,39,0.06968,0.25,ci,ci41461608,2026-06-01T07:20:29.105Z,"3 km WSW of Brawley, CA",earthquake,0.22,0.49,,10,reviewed,ci,ci
2026-05-10T06:43:51.370Z,32.982666666667,-115.5285,10.51,3.16,ml,53,41,0.08538,0.28,ci,ci41461472,2026-05-21T08:01:03.040Z,"0 km NNE of Brawley, CA",earthquake,0.22,0.53,0.16386500491351,76,reviewed,ci,ci
2026-05-10T06:42:57.310Z,32.964333333333,-115.5645,12.38,2.61,ml,55,38,0.06277,0.27,ci,ci41461464,2026-05-21T07:59:03.040Z,"4 km WSW of Brawley, CA",earthquake,0.24,0.79,0.26203850971585,26,reviewed,ci,ci
2026-05-10T06:36:44.763Z,36.4826,70.0865,220.244,4.1,mb,30,190,2.643,1.06,us,us6000swmi,2026-05-20T11:30:39.040Z,"22 km ESE of Farkhār, Afghanistan",earthquake,12.53,9.131,0.126,17,reviewed,us,us
2026-05-10T06:36:25.630Z,32.967,-115.55733333333,12.12,3.01,ml,61,38,0.06541,0.26,ci,ci41461424,2026-05-21T07:55:48.040Z,"3 km WSW of Brawley, CA",earthquake,0.21,0.77,0.19083809935938,77,reviewed,ci,ci
2026-05-10T06:35:57.533Z,-20.5719,-178.187,535.438,4.1,mb,19,208,4.532,0.44,us,us6000syrw,2026-05-21T07:50:25.040Z,"Fiji region",earthquake,21.36,18.926,0.139,14,reviewed,us,us
2026-05-10T06:18:38.760Z,18.9735,-65.847166666667,21.39,3,md,27,238,0.5832,0.15,pr,pr71516308,2026-05-10T06:44:08.470Z,"60 km N of Loíza, Puerto Rico",earthquake,0.5,12.19,0.088359083921535,12,reviewed,pr,pr
2026-05-10T06:02:26.390Z,32.96,-115.5675,11.78,3.42,ml,62,38,0.05865,0.25,ci,ci41461256,2026-05-21T07:33:47.040Z,"4 km WSW of Brawley, CA",earthquake,0.19,0.41,0.16302234250347,142,reviewed,ci,ci
2026-05-10T05:51:16.340Z,32.990833333333,-115.536,10.46,3.25,ml,60,41,0.09151,0.3,ci,ci41461216,2026-05-21T07:30:35.040Z,"1 km NNW of Brawley, CA",earthquake,0.25,0.61,0.15657104076301,94,reviewed,ci,ci
2026-05-10T05:28:10.664Z,-5.5824,148.3456,205.664,4,mb,25,109,3.975,0.67,us,us6000syrv,2026-05-20T11:01:25.040Z,"121 km NNE of Finschhafen, Papua New Guinea",earthquake,13.17,8.829,0.122,18,reviewed,us,us
2026-05-10T05:12:00.060Z,32.960666666667,-115.58016666667,1.92,2.45,ml,18,65,0.06126,0.28,ci,ci10239766,2026-05-11T22:29:10.932Z,"5 km WSW of Brawley, CA",earthquake,0.37,0.59,0.1595009375017,4,reviewed,ci,ci
2026-05-10T05:11:44.190Z,32.966333333333,-115.57566666667,3.4,3.05,ml,50,66,0.0659,0.31,ci,ci41461040,2026-05-21T07:17:23.040Z,"4 km WSW of Brawley, CA",earthquake,0.26,0.56,0.15442870146827,57,reviewed,ci,ci
2026-05-10T05:11:13.280Z,32.966333333333,-115.56183333333,12.23,2.99,ml,56,38,0.06469,0.25,ci,ci41461032,2026-05-21T07:14:45.040Z,"3 km WSW of Brawley, CA",earthquake,0.21,0.68,0.18762070650841,73,reviewed,ci,ci
2026-05-10T05:05:20.670Z,32.9725,-115.54816666667,14.52,2.83,ml,62,39,0.07161,0.27,ci,ci41460992,2026-05-21T07:12:34.040Z,"2 km WSW of Brawley, CA",earthquake,0.23,0.58,0.17265899305928,147,reviewed,ci,ci
2026-05-10T04:53:53.294Z,32.003,-103.807,7.7789,2.5,ml,31,43,0,0.1,tx,tx2026jdekua,2026-05-11T02:20:26.752Z,"35 km SE of Malaga, New Mexico",earthquake,0.37742866640835,0.35149010814611,0.2,30,reviewed,tx,tx
2026-05-10T04:47:12.683Z,61.558,-148.897,24.8,2.8,ml,107,45,0.1,0.9,ak,aka2026jeqkie,2026-05-21T05:10:46.040Z,"7 km ENE of Butte, Alaska",earthquake,1.8,1.3749,0.2,69,reviewed,ak,ak
2026-05-10T04:43:05.460Z,32.958,-115.56533333333,9.89,2.52,ml,47,38,0.05651,0.25,ci,ci41460872,2026-05-21T04:52:39.040Z,"4 km SW of Brawley, CA",earthquake,0.25,0.62,0.16743148616283,26,reviewed,ci,ci
2026-05-10T04:26:36.576Z,51.2985,-177.5604,12.804,2.6,ml,18,221,0.504,0.85,us,us6000sx95,2026-05-21T04:45:13.040Z,"90 km SW of Adak, Alaska",earthquake,2.33,7.94,0.105,12,reviewed,us,us
2026-05-10T04:18:44.810Z,32.9665,-115.55233333333,11.54,2.86,ml,67,38,0.06523,0.28,ci,ci41460744,2026-05-29T23:06:46.040Z,"2 km WSW of Brawley, CA",earthquake,0.25,0.49,0.16765383650038,143,reviewed,ci,ci
2026-05-10T04:18:10.780Z,19.086666666667,-64.508333333333,64.1,3.41,md,12,278,0.6017,0.5,pr,pr71516298,2026-05-29T23:04:11.040Z,"88 km NNE of Cruz Bay, U.S. Virgin Islands",earthquake,7.68,9.94,0.11574140946268,8,reviewed,pr,pr
2026-05-10T04:14:32.651Z,34.5577,24.0351,10,4,mb,34,235,1.012,1.51,us,us6000swvx,2026-05-21T04:39:03.040Z,"31 km S of Kastrí, Greece",earthquake,6.21,1.779,0.111,24,reviewed,us,us
2026-05-10T04:11:55.487Z,34.6241,24.1288,10,4.1,mb,25,226,0.911,1.37,us,us6000swvy,2026-05-21T04:04:18.040Z,"23 km S of Kastrí, Greece",earthquake,5.24,1.855,0.198,7,reviewed,us,us
2026-05-10T03:46:52.110Z,32.960833333333,-115.55466666667,11.92,2.65,ml,58,38,0.05942,0.28,ci,ci41460560,2026-05-20T22:46:23.040Z,"3 km SW of Brawley, CA",earthquake,0.26,0.53,0.25492286100652,27,reviewed,ci,ci
2026-05-10T03:44:09.330Z,32.970166666667,-115.54783333333,11.36,3.48,ml,61,39,0.06936,0.28,ci,ci41460536,2026-05-29T23:02:17.040Z,"2 km WSW of Brawley, CA",earthquake,0.23,0.49,0.17803220771341,119,reviewed,ci,ci
2026-05-10T03:41:40.670Z,32.9725,-115.5365,8.26,2.59,ml,30,77,0.0737,0.24,ci,ci41460528,2026-05-29T22:56:22.040Z,"1 km SW of Brawley, CA",earthquake,0.27,0.99,0.13724927991078,9,reviewed,ci,ci
2026-05-10T03:39:29.810Z,32.977833333333,-115.54983333333,15.9,4.4811285884881,mw,67,39,0.0767,0.27,ci,ci41460512,2026-05-29T23:57:23.392Z,"2 km W of Brawley, CA",earthquake,0.21,0.38,,10,reviewed,ci,ci
2026-05-10T03:13:23.720Z,32.9675,-115.5555,9.17,3.979955881043,mw,59,39,0.06599,0.27,ci,ci41460416,2026-05-30T03:16:19.252Z,"3 km WSW of Brawley, CA",earthquake,0.23,0.77,,7,reviewed,ci,ci
2026-05-10T03:13:19.440Z,32.969833333333,-115.55533333333,14.91,3.11,ml,44,73,0.06832,0.2,ci,ci41460408,2026-05-18T22:21:00.647Z,"3 km WSW of Brawley, CA",earthquake,0.27,0.65,0.043331335960866,4,reviewed,ci,ci
2026-05-10T03:10:32.380Z,32.961666666667,-115.547,6.37,2.63,ml,27,75,0.06113,0.26,ci,ci41460400,2026-05-21T03:40:50.040Z,"2 km SW of Brawley, CA",earthquake,0.37,1.06,0.17636982375269,19,reviewed,ci,ci
2026-05-10T03:06:12.100Z,36.635833333333,-121.27616666667,5.44,2.55,md,78,26,0.03975,0.2,nc,nc75358051,2026-05-21T03:37:44.040Z,"17 km NW of Pinnacles, CA",earthquake,0.2,0.63,0.133,81,reviewed,nc,nc
2026-05-10T03:05:45.940Z,32.9625,-115.564,11.94,2.72,ml,62,38,0.06092,0.28,ci,ci41460368,2026-05-21T03:23:24.040Z,"4 km WSW of Brawley, CA",earthquake,0.23,0.46,0.18109182375263,25,reviewed,ci,ci
2026-05-10T03:03:39.663Z,37.3482,144.5078,10,4.5,mb,41,136,4.357,0.72,us,us6000swkj,2026-05-29T04:49:06.040Z,"295 km ESE of Onagawa Chō, Japan",earthquake,9.87,1.902,0.1,29,reviewed,us,us
2026-05-10T02:42:24.247Z,-7.0199,131.9032,10,5.2,mb,44,102,3.18,1.17,us,us6000swk8,2026-05-29T04:25:56.040Z,"180 km SSW of Tual, Indonesia",earthquake,7.94,1.855,0.093,38,reviewed,us,us
2026-05-10T02:34:07.139Z,-37.7571,-73.231,35,5.5,mww,79,140,1.041,1.07,us,us6000swk0,2026-05-29T04:22:50.143Z,"15 km ENE of Cañete, Chile",earthquake,6.56,1.888,0.059,28,reviewed,us,us
2026-05-10T02:33:49.090Z,32.972,-115.54933333333,10.88,2.87,ml,49,39,0.07098,0.26,ci,ci41460184,2026-05-29T03:35:25.040Z,"2 km WSW of Brawley, CA",earthquake,0.25,0.55,0.20228343490237,107,reviewed,ci,ci
2026-05-10T02:32:33.690Z,32.965166666667,-115.5455,9.86,2.45,ml,39,51,0.0648,0.21,ci,ci41460168,2026-05-13T00:24:52.190Z,"2 km SW of Brawley, CA",earthquake,0.23,0.6,0.21125273505517,27,reviewed,ci,ci
2026-05-10T02:26:12.430Z,32.9655,-115.56883333333,3.76,2.48,ml,28,68,0.06422,0.27,ci,ci10239910,2026-05-21T02:40:19.040Z,"4 km WSW of Brawley, CA",earthquake,0.27,0.54,0.14524639905232,31,reviewed,ci,ci
2026-05-10T02:22:08.170Z,32.969333333333,-115.55916666667,15.05,4.3782298205275,mw,64,39,0.06769,0.26,ci,ci41460112,2026-05-29T03:59:38.955Z,"3 km WSW of Brawley, CA",earthquake,0.22,0.48,,10,reviewed,ci,ci
2026-05-10T02:10:24.542Z,51.2625,179.6481,43.175,3.3,ml,18,224,0.246,0.33,us,us6000sx0x,2026-05-21T02:25:50.040Z,"266 km WSW of Adak, Alaska",earthquake,4.81,4.93,0.085,18,reviewed,us,us
2026-05-10T01:55:14.518Z,62.771,-149.58,72.5,2.8,ml,131,27,0.3,0.9,ak,aka2026jekrfu,2026-05-29T03:19:19.040Z,"44 km NE of Chase, Alaska",earthquake,1.8,2.3914,0.2,84,reviewed,ak,ak
2026-05-10T01:54:42.473Z,51.467,-173.555,8.3,2.6,ml,15,224,0.8,0.6,ak,aka2026jekqvu,2026-05-12T19:33:47.263Z,"92 km SSE of Atka, Alaska",earthquake,12,6.3394,0.1,11,reviewed,ak,ak
2026-05-10T01:50:14.495Z,5.6797,126.3366,103.705,4.6,mb,51,105,1.573,0.86,us,us6000swjc,2026-05-29T03:04:26.040Z,"77 km SSE of Pondaguitan, Philippines",earthquake,10.59,7.251,0.087,39,reviewed,us,us
2026-05-10T01:38:53.216Z,53.579,-165.847,27.8,2.5,ml,22,198,0.5,0.5,ak,aka2026jekdct,2026-05-12T19:31:42.461Z,"55 km SE of Unalaska, Alaska",earthquake,9,3.3535,0.2,17,reviewed,ak,ak
2026-05-10T01:26:29.489Z,56.0552,-150.0631,10,3,ml,39,225,2.131,1.08,us,us6000sx8f,2026-05-21T02:20:51.040Z,"219 km SE of Chiniak, Alaska",earthquake,4.44,2.014,0.069,28,reviewed,us,us
2026-05-10T01:11:22.760Z,61.533,-144.34,48.8,2.7,ml,78,41,0.1,0.7,ak,aka2026jejfez,2026-05-29T02:52:26.040Z,"5 km ENE of Chitina, Alaska",earthquake,2.3,2.6723,0.2,51,reviewed,ak,ak
2026-05-10T00:59:48.085Z,51.2615,179.6827,35,3.4,ml,26,221,0.266,0.37,us,us6000swm9,2026-05-22T00:08:38.040Z,"264 km WSW of Adak, Alaska",earthquake,4.46,1.999,0.081,20,reviewed,us,us
2026-05-10T00:58:55.580Z,32.963333333333,-115.55466666667,11.38,2.62,ml,55,38,0.0619,0.27,ci,ci41460016,2026-05-21T23:59:04.040Z,"3 km SW of Brawley, CA",earthquake,0.25,0.49,0.16313830919721,25,reviewed,ci,ci
2026-05-10T00:44:25.807Z,-40.2185,176.4776,26.987,4.2,mb,19,122,0.349,1.16,us,us6000swj1,2026-05-22T00:06:51.040Z,"32 km E of Dannevirke, New Zealand",earthquake,3.28,6.397,0.215,6,reviewed,us,us
2026-05-10T00:36:11.070Z,32.963166666667,-115.56483333333,12.56,2.95,ml,71,34,0.06162,0.26,ci,ci41459968,2026-05-21T23:48:06.040Z,"4 km WSW of Brawley, CA",earthquake,0.2,0.54,0.24896454684299,19,reviewed,ci,ci
2026-05-10T00:34:13.400Z,32.967666666667,-115.56316666667,14.6,3.35,ml,57,39,0.06605,0.25,ci,ci41459960,2026-05-21T23:55:00.040Z,"3 km WSW of Brawley, CA",earthquake,0.2,0.47,0.14637549636313,104,reviewed,ci,ci
2026-05-10T00:32:18.100Z,32.959166666667,-115.5585,10.81,2.45,ml,45,38,0.05757,0.3,ci,ci41459952,2026-05-22T00:37:40.040Z,"3 km SW of Brawley, CA",earthquake,0.27,0.58,0.14947730332974,70,reviewed,ci,ci
2026-05-09T23:49:17.250Z,32.9915,-115.57733333333,2.12,3.48,ml,22,64,0.09086,0.35,ci,ci10239694,2026-05-19T05:07:12.040Z,"5 km WNW of Brawley, CA",earthquake,0.51,0.89,0.21360202965594,24,reviewed,ci,ci
2026-05-09T23:49:12.380Z,32.968,-115.55666666667,14.84,3.45,ml,59,39,0.06643,0.25,ci,ci41459800,2026-05-19T05:06:00.040Z,"3 km WSW of Brawley, CA",earthquake,0.21,0.5,0.21295966423522,67,reviewed,ci,ci
2026-05-09T23:22:12.350Z,32.970833333333,-115.56216666667,13.12,2.83,ml,63,39,0.06918,0.28,ci,ci41459752,2026-05-19T04:54:49.040Z,"3 km WSW of Brawley, CA",earthquake,0.23,0.63,0.27233484328361,26,reviewed,ci,ci
2026-05-09T23:18:37.010Z,32.966333333333,-115.55733333333,11.84,2.57,ml,54,38,0.06475,0.25,ci,ci41459744,2026-05-19T04:53:46.040Z,"3 km WSW of Brawley, CA",earthquake,0.24,0.44,0.27525306008268,26,reviewed,ci,ci
2026-05-09T23:14:16.480Z,32.9715,-115.55433333333,14.36,3.44,ml,60,39,0.07004,0.25,ci,ci41459712,2026-05-19T04:52:41.040Z,"2 km WSW of Brawley, CA",earthquake,0.2,0.5,0.15164196102394,117,reviewed,ci,ci
2026-05-09T23:11:13.933Z,-17.6072,-173.4572,35,4.8,mb,44,126,4.015,0.65,us,us6000swj8,2026-05-19T04:51:36.040Z,"128 km NNE of Neiafu, Tonga",earthquake,14.32,1.877,0.085,48,reviewed,us,us
2026-05-09T22:21:14.724Z,55.256,-155.445,3.5,2.9,ml,35,232,0.6,0.7,ak,aka2026jedoai,2026-05-19T04:44:37.040Z,"204 km SSW of Akhiok, Alaska",earthquake,7.3,4.7396,0.2,27,reviewed,ak,ak
2026-05-09T22:10:27.075Z,50.8891,-170.9929,10,3.1,ml,15,239,2.383,0.57,us,us6000sx2c,2026-05-19T04:43:24.040Z,"265 km SE of Atka, Alaska",earthquake,7.41,2.018,0.097,14,reviewed,us,us
2026-05-09T22:09:55.494Z,-9.2706,111.9865,43.453,4.1,mb,19,78,2.283,0.61,us,us6000syju,2026-05-19T03:27:44.040Z,"127 km S of Boyolangu, Indonesia",earthquake,8.32,6.56,0.158,12,reviewed,us,us
2026-05-09T21:52:46.392Z,-38.7898,175.1351,227.178,4.9,mb,34,97,0.353,0.68,us,us6000swi4,2026-05-19T04:55:48.846Z,"62 km WNW of Turangi, New Zealand",earthquake,8.18,5.57,0.198,8,reviewed,us,us
2026-05-09T21:33:16.656Z,-5.6475,154.4132,121.688,4.3,mb,37,122,2.667,1.22,us,us6000swi3,2026-05-19T04:35:50.040Z,"139 km WNW of Panguna, Papua New Guinea",earthquake,12.2,7.662,0.1,31,reviewed,us,us
2026-05-09T21:27:15.160Z,19.3565,-155.02983333333,-0.22,2.49,ml,52,169,0.06255,0.22,hv,hv74956497,2026-05-19T04:32:21.040Z,"16 km SE of Fern Forest, Hawaii",earthquake,0.47,0.15,0.23832000180265,40,reviewed,hv,hv
2026-05-09T21:16:47.973Z,53.014,-166.885,18.7,2.6,ml,24,252,0.7,0.4,ak,aka2026jebjtt,2026-05-12T00:09:13.175Z,"98 km SSW of Unalaska, Alaska",earthquake,5.8,5.3776,0.1,19,reviewed,ak,ak
2026-05-09T20:39:49.486Z,-26.868,-176.6645,10,5.3,mb,43,70,2.618,0.8,us,us6000swhy,2026-05-24T14:27:21.040Z,"south of the Fiji Islands",earthquake,9.62,1.868,0.043,178,reviewed,us,us
2026-05-09T20:26:10.588Z,8.8156,-82.5942,10,4.5,mb,31,145,0.782,0.56,us,us6000swhx,2026-05-24T14:11:15.040Z,"4 km SSW of Cerro Punta, Panama",earthquake,9.41,1.934,0.105,27,reviewed,us,us
2026-05-09T20:16:03.770Z,56.1953,-161.4064,205.814,3,ml,34,106,0.618,0.48,us,us6000swhv,2026-05-24T14:22:38.040Z,"24 km NNW of Nelson Lagoon, Alaska",earthquake,8.97,8.1,0.148,6,reviewed,us,us
2026-05-09T20:11:25.269Z,-16.8986,-172.5951,10,4.4,mb,19,124,3.074,0.91,us,us6000syjr,2026-05-24T13:11:23.040Z,"165 km SE of Hihifo, Tonga",earthquake,6.67,1.891,0.17,11,reviewed,us,us
2026-05-09T19:56:48.382Z,54.1526,-162.6613,35,2.5,ml,13,225,0.832,0.58,us,us6000sx22,2026-05-17T15:33:17.040Z,"91 km SSE of False Pass, Alaska",earthquake,4.56,2.013,0.115,10,reviewed,us,us
2026-05-09T19:28:08.185Z,55.0874,-162.0834,102.074,2.8,ml,29,154,0.116,0.48,us,us6000sxtb,2026-05-17T16:10:42.040Z,"15 km E of King Cove, Alaska",earthquake,10.29,5.091,0.074,24,reviewed,us,us
2026-05-09T19:07:03.740Z,51.8951,176.248,10,3.7,mb,31,199,1.403,0.93,us,us6000sxt9,2026-05-17T15:59:08.040Z,"233 km ESE of Attu Station, Alaska",earthquake,7.11,1.999,0.13,15,reviewed,us,us
2026-05-09T19:04:40.018Z,51.9579,176.3195,10,3.3,ml,8,194,1.393,0.82,us,us6000sydy,2026-05-17T15:52:46.040Z,"235 km ESE of Attu Station, Alaska",earthquake,6.7,1.962,0.097,14,reviewed,us,us
2026-05-09T19:03:39.867Z,51.5069,178.4071,55.538,2.5,ml,15,265,0.437,0.35,us,us6000sxt7,2026-05-17T15:54:04.040Z,"Rat Islands, Aleutian Islands, Alaska",earthquake,6.09,7.392,0.105,12,reviewed,us,us
2026-05-09T18:52:08.088Z,52.1931,176.3202,10,3.6,mb,25,142,1.41,0.78,us,us6000syjn,2026-05-24T12:50:29.040Z,"224 km ESE of Attu Station, Alaska",earthquake,7.45,1.937,0.139,13,reviewed,us,us
2026-05-09T17:51:29.670Z,19.548666666667,-155.623,7.77,2.88,ml,40,104,0.02119,0.17,hv,hv74956427,2026-05-24T14:02:17.040Z,"27 km ENE of Honaunau-Napoopoo, Hawaii",earthquake,0.3,0.32,0.20629196393037,32,reviewed,hv,hv
2026-05-09T17:35:07.012Z,0.5711,126.3385,45.47,4.4,mb,40,87,6.85,0.96,us,us6000syjm,2026-05-24T12:40:40.040Z,"118 km WSW of Ternate, Indonesia",earthquake,10.48,7.554,0.097,31,reviewed,us,us
2026-05-09T17:14:14.573Z,59.65,-150.41,44.6,2.6,ml,28,185,0.2,0.6,ak,aka2026jdthmv,2026-05-24T13:58:47.040Z,"38 km SE of Fox River, Alaska",earthquake,10.9,3.6617,0.1,4,automatic,ak,ak
2026-05-09T17:10:51.233Z,14.0875,57.2847,10,4.4,mb,49,137,10.849,0.49,us,us6000swhi,2026-05-24T14:00:28.040Z,"Owen Fracture Zone region",earthquake,12.46,1.934,0.084,41,reviewed,us,us
2026-05-09T16:18:50.828Z,24.5333,123.7715,26.738,4.6,mww,209,50,0.696,0.61,us,us6000swhc,2026-05-30T23:34:46.040Z,"44 km WNW of Ishigaki, Japan",earthquake,5.57,4.394,0.083,14,reviewed,us,us
2026-05-09T15:05:05.444Z,54.009,-112.6217,9.614,4.3,mb,98,48,0.899,0.74,us,us6000swh4,2026-05-11T17:47:56.040Z,"15 km SW of Smoky Lake, Canada",earthquake,5.56,6.555,0.039,184,reviewed,us,us
2026-05-09T14:22:52.509Z,-58.024,-25.6886,97.443,5.1,mb,68,92,7.099,0.57,us,us6000swh0,2026-05-09T19:11:49.040Z,"South Sandwich Islands region",earthquake,6.11,5.544,0.082,48,reviewed,us,us
2026-05-09T12:43:08.505Z,-21.9573,169.6006,10,4.4,mb,17,128,2.099,0.86,us,us6000syjj,2026-05-20T10:32:31.040Z,"183 km ESE of Tadine, New Caledonia",earthquake,11.19,1.943,0.161,11,reviewed,us,us
2026-05-09T12:08:24.917Z,51.3418,-176.4048,30.913,3.6,ml,22,204,0.521,0.46,us,us6000swi7,2026-05-20T08:18:50.040Z,"61 km SSE of Adak, Alaska",earthquake,5.37,10.715,0.085,18,reviewed,us,us
2026-05-09T11:51:23.270Z,36.345333333333,-120.02733333333,23.46,2.69,md,67,52,0.07325,0.21,nc,nc75357721,2026-05-21T07:07:55.040Z,"14 km SW of Lanare, CA",earthquake,0.32,0.29,0.115,76,reviewed,nc,nc
2026-05-09T11:19:33.819Z,-30.7419,-177.842,35,4.3,mb,15,182,1.494,1.23,us,us6000syjg,2026-05-21T07:00:45.040Z,"Kermadec Islands, New Zealand",earthquake,11.37,1.954,0.154,13,reviewed,us,us
2026-05-09T09:19:48.858Z,39.1902,142.1299,55.551,4.1,mb,21,143,1.795,0.76,us,us6000syjd,2026-05-20T06:44:34.040Z,"24 km ESE of Kamaishi, Japan",earthquake,11.62,8.739,0.139,14,reviewed,us,us
2026-05-09T09:12:13.223Z,-2.8697,147.7405,10,5,mb,50,63,0.902,1.15,us,us6000swg6,2026-05-20T06:33:23.040Z,"106 km SSE of Lorengau, Papua New Guinea",earthquake,8.81,1.884,0.058,95,reviewed,us,us
2026-05-09T09:10:05.675Z,26.0613,89.8969,10,4.4,mb,40,161,3.788,1.07,us,us6000swg5,2026-05-20T06:04:40.040Z,"6 km WSW of Gauripur, India",earthquake,13.19,1.937,0.096,31,reviewed,us,us
2026-05-09T08:12:43.058Z,-38.4189,146.2054,10,3.3,ml,6,132,1.017,0.98,us,us6000swg3,2026-05-10T14:08:21.671Z,"4 km ESE of Mirboo North, Australia",earthquake,8.1,2.008,0.148,6,reviewed,us,us
2026-05-09T07:59:36.760Z,19.325333333333,-155.22966666667,6.71,2.81,ml,49,61,0.04413,0.1,hv,hv74956212,2026-05-11T19:41:34.480Z,"13 km S of Volcano, Hawaii",earthquake,0.22,0.31,0.34680574109467,40,reviewed,hv,hv
2026-05-09T07:56:04.503Z,-4.5533,151.7834,162.978,4.3,mb,23,95,0.523,0.48,us,us6000syj9,2026-06-01T12:02:31.040Z,"57 km SW of Rabaul, Papua New Guinea",earthquake,11.33,2.564,0.116,21,reviewed,us,us
2026-05-09T07:12:48.783Z,51.1325,179.34,35,3.9,mb,61,178,0.247,0.77,us,us6000swi5,2026-05-31T14:01:16.040Z,"291 km WSW of Adak, Alaska",earthquake,3.41,1.845,0.066,61,reviewed,us,us
2026-05-09T06:53:10.542Z,-43.2028,91.5525,10,4.4,mb,21,87,25.37,0.37,us,us6000syj8,2026-06-01T11:51:15.040Z,"southeast Indian Ridge",earthquake,10.94,1.924,0.135,16,reviewed,us,us
2026-05-09T06:49:22.132Z,39.3101,-119.0579,9.4092,3.06,ml,24,111,0.06,0.1111,nn,nn00918126,2026-05-10T07:01:49.015Z,"18 km SE of Silver Springs, Nevada",earthquake,,1.3361,0.39,10,reviewed,nn,nn
2026-05-09T06:32:27.970Z,34.147833333333,-117.3355,13.19,3.29,ml,160,24,0.03535,0.21,ci,ci41459312,2026-05-11T14:13:23.603Z,"1 km SE of Muscoy, CA",earthquake,0.11,0.24,0.1426643310864,307,reviewed,ci,ci
2026-05-09T06:29:41.610Z,19.079166666667,-155.46883333333,27.35,2.69,ml,48,186,0.07611,0.11,hv,hv74956177,2026-05-12T03:21:11.360Z,"11 km E of Naalehu, Hawaii",earthquake,0.44,0.62,0.16129712069788,37,reviewed,hv,hv
2026-05-09T06:29:12.866Z,-19.7982,-69.8698,75.391,4.1,mb,33,114,0.53,0.74,us,us6000swva,2026-06-01T09:11:37.040Z,"24 km NNW of Huara, Chile",earthquake,5.1,5.608,0.123,18,reviewed,us,us
2026-05-09T05:30:41.730Z,17.786833333333,-66.914833333333,4.86,2.53,md,9,244,0.1902,0.29,pr,pr71516263,2026-05-09T05:44:24.610Z,"20 km S of Guánica, Puerto Rico",earthquake,0.93,0.96,0.17436222992968,6,reviewed,pr,pr
2026-05-09T04:59:17.688Z,51.1319,179.474,24.421,2.7,ml,11,256,0.27,1.16,us,us6000sxtk,2026-05-21T02:07:42.040Z,"282 km WSW of Adak, Alaska",earthquake,3.73,4.805,0.115,10,reviewed,us,us
2026-05-09T04:58:21.135Z,51.1061,179.3887,35,2.6,ml,10,259,0.278,0.6,us,us6000sxti,2026-05-21T02:05:01.040Z,"289 km WSW of Adak, Alaska",earthquake,4.64,1.989,0.115,10,reviewed,us,us
2026-05-09T04:58:02.120Z,41.502666666667,-125.218,26.13,4.8,mw,31,240,0.8106,0.31,nc,nc75357576,2026-05-31T05:08:05.257Z,"89 km WSW of Crescent City, CA",earthquake,1.32,25.29,,16,reviewed,nc,nc
2026-05-09T04:51:28.619Z,51.011,179.341,15,3.1,ml,9,269,0.4,0.9,ak,aka2026jcunkt,2026-05-14T22:16:12.049Z,"295 km WSW of Adak, Alaska",earthquake,10.7,3.7164,0.1,3,reviewed,ak,ak
2026-05-09T04:42:23.979Z,51.053,179.2934,38.757,5.8,mww,122,126,0.326,0.98,us,us6000swf4,2026-05-31T04:52:31.759Z,"297 km WSW of Adak, Alaska",earthquake,5.25,5.57,0.039,63,reviewed,us,us
2026-05-09T04:39:21.724Z,54.4872,-159.7914,35,2.7,ml,24,208,1.371,0.4,us,us6000sxtd,2026-05-20T02:10:24.040Z,"104 km SSE of Sand Point, Alaska",earthquake,4.65,2.008,0.081,20,reviewed,us,us
2026-05-09T04:13:38.231Z,33.3432,47.426,10,4.2,mb,25,137,2.179,0.71,us,us6000swvb,2026-05-20T01:51:16.040Z,"22 km N of Darreh Shahr, Iran",earthquake,10.86,1.956,0.132,16,reviewed,us,us
2026-05-09T04:07:13.764Z,30.0485,131.3189,10,4.2,mb,17,140,1.636,0.63,us,us6000syj7,2026-05-20T01:37:48.040Z,"74 km ESE of Koseda, Japan",earthquake,6.07,1.944,0.215,6,reviewed,us,us
2026-05-09T04:06:33.713Z,52.797,-167.365,0.9,2.5,ml,19,285,0.7,0.4,ak,aka2026jctamj,2026-05-14T22:26:30.970Z,"102 km E of Nikolski, Alaska",earthquake,7.8,4.3857,0.1,15,reviewed,ak,ak
2026-05-09T03:57:23.252Z,-21.9232,169.9215,35,4.2,mb,14,117,2.393,0.9,us,us6000syj6,2026-05-20T01:17:20.040Z,"215 km E of Tadine, New Caledonia",earthquake,5.07,1.96,0.199,7,reviewed,us,us
2026-05-09T03:40:18.314Z,32.002,-103.828,7.0612,2.5,ml,31,59,0,0.1,tx,tx2026jbgghx,2026-05-20T00:28:42.040Z,"33 km SE of Malaga, New Mexico",earthquake,0.34100158666125,0.40179654142094,0.2,30,reviewed,tx,tx
2026-05-09T03:25:32.967Z,50.587,-176.689,13.2,2.7,ml,20,294,1.2,0.3,ak,aka2026jcrqzc,2026-05-14T22:03:56.100Z,"143 km S of Adak, Alaska",earthquake,9.1,8.3406,0.1,16,reviewed,ak,ak
2026-05-09T03:18:39.080Z,18.839333333333,-67.322166666667,47.72,2.81,md,12,309,0.4205,0.29,pr,pr71516228,2026-05-09T03:33:29.750Z,"45 km NNW of San Antonio, Puerto Rico",earthquake,1.45,2.65,0.056626654274511,6,reviewed,pr,pr
2026-05-09T03:09:52.849Z,40.1701,-98.3934,5,2.8,mb_lg,14,81,1.251,0.39,us,us6000sweg,2026-05-28T22:05:34.946Z,"4 km E of Cowles, Nebraska",earthquake,2.43,1.993,0.056,84,reviewed,us,us
2026-05-09T02:59:56.480Z,18.168333333333,-67.532666666667,14.26,2.87,md,15,262,0.2209,0.17,pr,pr71516223,2026-05-09T03:19:11.910Z,"34 km WSW of Stella, Puerto Rico",earthquake,0.64,0.77,0.074191838648698,8,reviewed,pr,pr
2026-05-09T01:53:40.541Z,54.4894,-161.706,35,3,ml,41,198,0.602,1.12,us,us6000sx1i,2026-05-19T23:47:47.040Z,"74 km SSE of King Cove, Alaska",earthquake,2.71,2.012,0.077,22,reviewed,us,us
2026-05-09T01:52:44.621Z,53.7202,-164.2958,35,2.5,ml,20,231,0.773,0.62,us,us6000sx1h,2026-05-19T23:43:21.040Z,"107 km ESE of Akutan, Alaska",earthquake,4.66,2.013,0.115,10,reviewed,us,us
2026-05-09T01:40:23.400Z,33.999,-117.21533333333,4.48,3.23,ml,141,13,0.06246,0.21,ci,ci41459168,2026-05-28T21:32:32.040Z,"7 km SE of Loma Linda, CA",earthquake,0.1,0.34,0.15273282076317,264,reviewed,ci,ci
2026-05-09T01:26:57.109Z,24.3166,125.1825,35,4.4,mb,51,94,1.985,1.04,us,us6000swe6,2026-05-28T21:19:04.040Z,"54 km SSW of Miyakojima, Japan",earthquake,8.53,1.944,0.095,32,reviewed,us,us
2026-05-09T00:49:27.234Z,-2.8873,147.8977,10,4.2,mb,10,198,0.992,1.12,us,us6000syj0,2026-05-22T05:13:36.040Z,"117 km SE of Lorengau, Papua New Guinea",earthquake,9.43,1.609,0.216,6,reviewed,us,us
2026-05-09T00:46:05.877Z,51.646,-173.8738,35,2.7,ml,18,283,0.591,0.63,us,us6000sx16,2026-05-19T04:31:06.040Z,"65 km SSE of Atka, Alaska",earthquake,3.67,2.026,0.128,8,reviewed,us,us
2026-05-09T00:39:34.735Z,57.7194,-142.9798,10,2.8,ml,35,209,2.337,0.82,us,us6000swe1,2026-05-19T04:30:04.040Z,"277 km SW of Yakutat, Alaska",earthquake,7.54,2.01,0.042,74,reviewed,us,us
2026-05-09T00:10:26.707Z,-2.1824,139.0923,10,4.6,mb,36,74,1.643,0.69,us,us6000swe0,2026-05-19T04:27:09.040Z,"177 km WNW of Abepura, Indonesia",earthquake,8.29,1.22,0.078,49,reviewed,us,us
2026-05-08T23:51:48.670Z,-7.6944,117.2145,316.261,4.2,mb,41,62,3.129,1.28,us,us6000swdw,2026-05-18T05:28:31.040Z,"84 km NNW of Pototano, Indonesia",earthquake,10.76,7.182,0.092,33,reviewed,us,us
2026-05-08T23:28:44.203Z,51.8498,176.2052,22.584,3,ml,11,202,1.432,0.45,us,us6000sx0s,2026-05-18T05:18:05.040Z,"233 km ESE of Attu Station, Alaska",earthquake,9.26,9.839,0.105,12,reviewed,us,us
2026-05-08T22:00:06.297Z,53.1845,161.5977,10,4.1,mb,25,117,2.349,0.75,us,us6000sy18,2026-05-19T00:06:32.040Z,"199 km E of Petropavlovsk-Kamchatsky, Russia",earthquake,10.56,1.905,0.126,17,reviewed,us,us
2026-05-08T21:19:34.903Z,-22.7233,-70.4465,38.724,4.4,mwr,22,142,0.793,0.53,us,us6000swce,2026-05-18T05:25:12.040Z,"41 km N of Mejillones, Chile",earthquake,4.4,7.417,0.055,32,reviewed,us,us
2026-05-08T21:18:55.272Z,-2.8026,147.7837,10,4.9,mb,39,69,0.862,0.57,us,us6000swcg,2026-05-18T05:22:01.040Z,"102 km SE of Lorengau, Papua New Guinea",earthquake,7.58,1.88,0.095,35,reviewed,us,us
2026-05-08T21:16:19.587Z,-22.9178,179.2297,576.49,4.6,mb,23,61,5.264,1.18,us,us6000sy13,2026-05-18T04:27:50.040Z,"south of the Fiji Islands",earthquake,12.77,8.97,0.173,10,reviewed,us,us
2026-05-08T21:15:06.461Z,-22.9658,178.995,571.976,4.5,mb,52,127,5.269,0.79,us,us6000swcc,2026-05-18T05:16:52.040Z,"south of the Fiji Islands",earthquake,12.4,7.923,0.039,189,reviewed,us,us
2026-05-08T20:45:28.523Z,51.412,178.767,39.1,2.5,ml,8,251,0.3,0.5,ak,aka2026jcehrh,2026-05-11T20:00:38.325Z,"Rat Islands, Aleutian Islands, Alaska",earthquake,12.5,5.5227,0.1,6,reviewed,ak,ak
2026-05-08T20:25:06.933Z,50.737,173.877,20,3.7,ml,11,348,3.1,0.4,ak,aka2026jcdrcz,2026-05-11T20:02:01.321Z,"239 km S of Attu Station, Alaska",earthquake,31.7,0,0.1,9,reviewed,ak,ak
2026-05-08T20:04:25.140Z,62.261,-148.181,28.1,2.8,ml,111,25,0.5,0.8,ak,aka2026jccyme,2026-05-11T19:53:28.406Z,"53 km NNE of Chickaloon, Alaska",earthquake,1.5,1.688,0.2,83,reviewed,ak,ak
2026-05-08T20:03:25.803Z,51.0534,179.4162,37.027,4.7,mb,101,181,0.333,0.96,us,us6000swbu,2026-05-08T20:27:38.977Z,"289 km WSW of Adak, Alaska",earthquake,6.43,7.642,0.039,201,reviewed,us,us
2026-05-08T19:30:15.678Z,67.13,-147.628,1.6,2.5,ml,32,82,1,0.7,ak,aka2026jcbuwm,2026-05-11T19:44:01.624Z,"54 km WNW of Venetie, Alaska",earthquake,3.2,2.7186,0.2,25,reviewed,ak,ak
2026-05-08T19:26:39.259Z,24.6405,122.0113,70.384,4.2,mwr,78,45,0.573,0.51,us,us6000swbi,2026-05-08T21:08:22.040Z,"29 km ESE of Yilan, Taiwan",earthquake,4,4.722,0.073,18,reviewed,us,us
2026-05-08T19:00:58.828Z,53.594,-162.884,12.5,2.8,ml,35,242,1.2,0.6,ak,aka2026jcavbc,2026-05-11T19:38:37.153Z,"144 km SSE of False Pass, Alaska",earthquake,7.2,7.2424,0.1,27,reviewed,ak,ak
2026-05-08T18:57:38.767Z,39.292,-119.0701,10,3,ml,25,80,0.334,0.9,us,us6000swb5,2026-05-17T19:10:57.031Z,"19 km SE of Silver Springs, Nevada",earthquake,2.13,0.911,0.052,48,reviewed,us,us
2026-05-08T18:57:22.926Z,39.2692,-119.0909,8.5861,2.83,ml,10,87,0.043,0.166,nn,nn00918069,2026-05-17T19:08:02.189Z,"19 km SE of Silver Springs, Nevada",earthquake,,2.1893,0.37,5,reviewed,nn,nn
2026-05-08T18:37:11.620Z,54.4729,-164.8291,110.498,4.3,mb,78,140,0.065,0.64,us,us6000sway,2026-05-17T19:02:42.040Z,"72 km ENE of Akutan, Alaska",earthquake,5.81,3.945,0.063,71,reviewed,us,us
2026-05-08T18:31:24.745Z,54.5828,-160.0653,35,3.2,ml,36,219,1.185,0.67,us,us6000swze,2026-05-17T15:29:32.040Z,"88 km SSE of Sand Point, Alaska",earthquake,5.98,2.018,0.074,24,reviewed,us,us
2026-05-08T18:23:21.626Z,50.16,159.8144,10,4,mb,22,168,3.233,0.63,us,us6000sy10,2026-05-17T18:42:15.040Z,"268 km ESE of Severo-Kuril’sk, Russia",earthquake,11.59,1.962,0.138,14,reviewed,us,us
2026-05-08T17:54:47.906Z,-36.6979,176.9745,10,4.6,mb,21,207,1.564,0.34,us,us6000sxeq,2026-05-24T15:19:58.040Z,"104 km ENE of Pauanui, New Zealand",earthquake,7.67,1.952,0.173,11,reviewed,us,us
2026-05-08T17:50:13.308Z,-4.6359,-77.8258,31.401,4.4,mb,29,123,2.483,0.6,us,us6000swaq,2026-05-17T18:57:27.040Z,"122 km N of Yambrasbamba, Peru",earthquake,7.25,6.204,0.12,20,reviewed,us,us
2026-05-08T17:44:04.466Z,17.0415,-94.7423,80.743,4.4,mb,29,172,2.609,1,us,us6000swan,2026-05-17T18:53:02.040Z,"16 km NNW of Santa María Chimalapa, Mexico",earthquake,12.55,16.689,0.068,62,reviewed,us,us
2026-05-08T17:14:40.531Z,-14.9705,-75.699,21.108,4.8,mb,39,139,3.167,0.95,us,us6000swai,2026-05-17T18:45:07.040Z,"61 km WSW of Changuillo, Peru",earthquake,10.85,6.066,0.052,113,reviewed,us,us
2026-05-08T17:12:02.109Z,40.1434,142.8968,35,4.4,mb,35,117,1.539,0.56,us,us6000sy0v,2026-05-17T16:23:36.040Z,"92 km E of Noda, Japan",earthquake,4.41,1.914,0.112,23,reviewed,us,us
2026-05-08T17:10:18.724Z,39.8945,143.2563,35,4.6,mb,65,134,1.899,0.51,us,us6000swak,2026-05-17T18:47:16.040Z,"116 km ENE of Miyako, Japan",earthquake,8.29,1.924,0.063,74,reviewed,us,us
2026-05-08T16:24:40.790Z,54.2395,-161.7696,10,2.9,ml,22,222,0.801,0.45,us,us6000swdn,2026-05-10T20:09:52.040Z,"98 km SSE of King Cove, Alaska",earthquake,3.32,1.646,0.077,22,reviewed,us,us
2026-05-08T16:18:00.503Z,54.2913,-159.9338,35,2.9,ml,28,219,1.412,0.94,us,us6000swdk,2026-05-10T20:07:04.040Z,"121 km SSE of Sand Point, Alaska",earthquake,6.41,2.019,0.077,22,reviewed,us,us
2026-05-08T16:11:33.102Z,11.0397,126.1142,15.046,4.3,mb,19,138,28.955,0.54,us,us6000sy0q,2026-05-16T20:08:57.040Z,"33 km ENE of Sulangan, Philippines",earthquake,12.46,4.731,0.169,12,reviewed,us,us
2026-05-08T15:58:01.313Z,-24.8692,179.9504,506.339,4.1,mb,21,194,7.306,0.65,us,us6000sy0p,2026-05-16T19:49:42.040Z,"south of the Fiji Islands",earthquake,11.15,14.757,0.174,15,reviewed,us,us
2026-05-08T15:19:33.259Z,60.6301,-139.855,5,2.6,ml,15,118,0.598,1.01,us,us6000sw9m,2026-05-08T22:55:49.614Z,"120 km N of Yakutat, Alaska",earthquake,4.24,1.37,0.064,32,reviewed,us,us
2026-05-08T14:03:36.013Z,-17.3853,-178.471,562.332,4.2,mb,18,117,3.335,0.55,us,us6000sy0f,2026-05-16T19:22:15.040Z,"246 km ENE of Levuka, Fiji",earthquake,13.14,11.402,0.141,16,reviewed,us,us
2026-05-08T13:51:25.626Z,-2.9775,148.0542,10,4.4,mb,13,99,1.155,0.88,us,us6000sy0d,2026-05-16T19:07:58.040Z,"135 km SE of Lorengau, Papua New Guinea",earthquake,7.94,1.866,0.19,9,reviewed,us,us
2026-05-08T13:48:11.686Z,-3.0807,147.8968,10,4.4,mb,14,80,1.159,1.45,us,us6000sy09,2026-05-16T18:59:50.040Z,"135 km SSE of Lorengau, Papua New Guinea",earthquake,7.82,1.934,0.19,8,reviewed,us,us
2026-05-08T13:43:54.507Z,-2.9893,147.9086,10,4.5,mb,12,98,1.085,1.01,us,us6000sy0e,2026-05-16T18:52:00.040Z,"127 km SE of Lorengau, Papua New Guinea",earthquake,7.82,1.907,0.222,6,reviewed,us,us
2026-05-08T13:31:24.414Z,-2.9759,147.5175,10,4.5,mb,17,149,0.939,1.08,us,us6000swa1,2026-05-16T18:37:01.040Z,"107 km SSE of Lorengau, Papua New Guinea",earthquake,9.62,1.918,0.156,12,reviewed,us,us
2026-05-08T13:02:54.602Z,-2.8659,148.0876,10,4.3,mb,17,101,1.09,1.06,us,us6000sw9z,2026-05-16T17:37:39.040Z,"129 km SE of Lorengau, Papua New Guinea",earthquake,7.01,1.809,0.218,9,reviewed,us,us
2026-05-08T12:53:00.180Z,33.999666666667,-117.2165,5.4,3.13,ml,125,15,0.06356,0.17,ci,ci41458472,2026-05-09T13:25:46.681Z,"7 km SE of Loma Linda, CA",earthquake,0.1,0.3,0.15677339317979,327,reviewed,ci,ci
2026-05-08T12:43:01.028Z,51.247,-177.021,26,2.6,ml,26,226,0.5,0.4,ak,aka2026jboftp,2026-05-08T23:14:20.182Z,"74 km SSW of Adak, Alaska",earthquake,7.6,3.548,0.1,18,reviewed,ak,ak
2026-05-08T12:38:37.970Z,-2.9327,147.7874,10,4.9,mb,17,153,0.979,1.15,us,us6000sw71,2026-05-08T13:05:27.040Z,"114 km SSE of Lorengau, Papua New Guinea",earthquake,5.76,1.899,0.125,20,reviewed,us,us
2026-05-08T12:24:32.698Z,44.0409,-114.4537,7.098,2.6,ml,44,48,0.291,0.85,us,us6000sw6w,2026-05-09T13:04:48.040Z,"24 km S of Clayton, Idaho",earthquake,2.01,4.881,0.038,92,reviewed,us,us
2026-05-08T12:23:41.880Z,19.119666666667,-66.792166666667,22.6,2.91,md,18,273,0.6859,0.34,pr,pr71516183,2026-05-08T14:51:36.060Z,"70 km N of Hatillo, Puerto Rico",earthquake,1.23,22.66,0.077611394880638,15,reviewed,pr,pr
2026-05-08T12:22:31.861Z,-2.9127,147.7321,10,5.6,mww,68,54,0.938,0.75,us,us6000sw6y,2026-05-09T12:50:04.932Z,"109 km SSE of Lorengau, Papua New Guinea",earthquake,6.21,1.867,0.083,14,reviewed,us,us
2026-05-08T12:15:04.960Z,39.801333333333,-123.1985,6.37,3.22,ml,117,23,0.1738,0.25,nc,nc75357091,2026-05-08T18:54:34.525Z,"4 km ENE of Covelo, CA",earthquake,0.15,0.44,0.261,91,reviewed,nc,nc
2026-05-08T12:13:21.448Z,-3.0594,147.7629,10,4.6,mb,49,149,1.084,0.78,us,us6000sw6x,2026-05-09T12:57:51.040Z,"125 km SSE of Lorengau, Papua New Guinea",earthquake,8.58,1.883,0.073,56,reviewed,us,us
2026-05-08T12:13:03.850Z,18.994,-67.354166666667,20.8,3.17,md,14,287,0.5721,0.32,pr,pr71516168,2026-06-01T13:40:58.040Z,"61 km NNW of San Antonio, Puerto Rico",earthquake,1.42,23.08,0.10527527336876,6,reviewed,pr,pr
2026-05-08T12:06:02.939Z,-2.8549,147.8959,10,4.7,mb,36,58,0.964,1.28,us,us6000sw6v,2026-05-08T12:28:18.040Z,"114 km SE of Lorengau, Papua New Guinea",earthquake,6.44,1.875,0.097,32,reviewed,us,us
2026-05-08T11:38:55.879Z,46.8498,92.8801,10,4.7,mb,73,67,7.266,0.6,us,us6000sw6q,2026-06-01T14:11:52.508Z,"158 km SE of Khovd, Mongolia",earthquake,8.69,1.866,0.052,111,reviewed,us,us
2026-05-08T09:50:28.185Z,50.1822,-178.5464,10,2.9,ml,29,260,1.383,0.74,us,us6000swdd,2026-05-11T10:48:20.040Z,"231 km SW of Adak, Alaska",earthquake,6.7,2.02,0.091,16,reviewed,us,us
2026-05-08T09:32:03.492Z,-3.0223,147.9244,10,4.6,mb,31,72,1.121,0.44,us,us6000sw9y,2026-05-11T10:00:07.040Z,"131 km SSE of Lorengau, Papua New Guinea",earthquake,7.38,1.903,0.104,28,reviewed,us,us
2026-05-08T08:16:49.060Z,44.7426,-112.4016,10.711,2.8,ml,57,34,0.149,0.6,us,us6000sw5x,2026-05-17T07:02:50.040Z,"19 km NE of Lima, Montana",earthquake,1.44,8.128,0.036,100,reviewed,us,us
2026-05-08T07:17:42.791Z,-43.391,91.5605,10,5.9,mww,90,61,15.871,0.77,us,us6000sw5q,2026-05-17T07:07:06.896Z,"southeast Indian Ridge",earthquake,10.45,1.8,0.061,26,reviewed,us,us
2026-05-08T06:30:56.566Z,52.474,-169.126,32.3,2.8,ml,27,257,0.5,0.9,ak,aka2026jbbvrd,2026-05-08T21:15:56.862Z,"54 km SSW of Nikolski, Alaska",earthquake,8.8,6.7442,0.1,21,reviewed,ak,ak
2026-05-08T06:23:46.038Z,60.181,-153.177,145.1,3.5,ml,250,32,0.1,0.9,ak,aka2026jbboyp,2026-05-08T19:07:11.263Z,"63 km E of Port Alsworth, Alaska",earthquake,2.1,1.0298,0.2,146,reviewed,ak,ak
2026-05-08T06:20:52.180Z,19.533,-155.63833333333,7.94,2.48,ml,44,82,0.009753,0.23,hv,hv74955527,2026-05-08T17:32:05.460Z,"25 km ENE of Honaunau-Napoopoo, Hawaii",earthquake,0.44,0.39,0.19872764140292,33,reviewed,hv,hv
2026-05-08T06:18:30.570Z,18.198,-67.836666666667,78.1,3.29,md,29,188,0.387,0.23,pr,pr71516138,2026-05-08T10:30:16.040Z,"63 km WSW of Stella, Puerto Rico",earthquake,1.33,0.75,0.068484884642732,6,reviewed,pr,pr
2026-05-08T05:09:56.940Z,53.8719,-163.9428,10,2.6,ml,28,211,0.711,0.71,us,us6000sw54,2026-06-01T13:23:32.040Z,"114 km SSW of False Pass, Alaska",earthquake,2.61,2,0.091,16,reviewed,us,us
2026-05-08T03:53:33.514Z,10.2011,91.4667,10,4.6,mb,53,134,8.184,0.77,us,us6000sw5i,2026-05-14T00:01:19.040Z,"214 km SW of Port Blair, India",earthquake,11.22,1.89,0.083,43,reviewed,us,us
2026-05-08T03:47:23.753Z,38.3798,44.9692,10,4.4,mb,50,87,1.504,1.08,us,us6000sw49,2026-05-08T04:41:34.040Z,"18 km S of Khowy, Iran",earthquake,3.08,1.892,0.083,42,reviewed,us,us
2026-05-08T03:39:30.083Z,6.5836,-82.2847,10,4.8,mww,37,154,2.826,1.04,us,us6000sw44,2026-06-01T13:44:12.040Z,"163 km SW of Río Grande, Panama",earthquake,7.87,1.946,0.089,12,reviewed,us,us
2026-05-08T03:36:10.625Z,34.9763,138.0748,27.873,4.4,mb,36,143,0.86,0.69,us,us6000sw45,2026-05-11T05:43:31.493Z,"17 km NNW of Kanaya, Japan",earthquake,6.08,3.852,0.114,22,reviewed,us,us
2026-05-08T03:22:53.929Z,49.9047,155.9402,61.13,4.4,mb,61,166,3.391,0.81,us,us6000sw41,2026-05-08T04:26:11.040Z,"86 km S of Severo-Kuril’sk, Russia",earthquake,12.69,9.63,0.073,54,reviewed,us,us
2026-05-08T02:32:02.840Z,38.4472,-116.5086,5.8282,2.52,ml,6,186,0.221,0.1021,nn,nn00918033,2026-05-08T16:13:11.444Z,"75 km ENE of Tonopah, Nevada",earthquake,,5.1107,0,1,reviewed,nn,nn
2026-05-08T01:29:17.864Z,-23.7788,-66.5836,197.525,4.8,mww,79,48,1.681,1.21,us,us6000sw3f,2026-05-08T01:46:59.040Z,"55 km NNW of San Antonio de los Cobres, Argentina",earthquake,6.49,5.745,0.078,16,reviewed,us,us
2026-05-08T00:54:22.326Z,50.837,-179.286,10.9,2.7,ml,18,242,1,0.4,ak,aka2026jaqpnb,2026-05-08T05:27:47.603Z,"217 km WSW of Adak, Alaska",earthquake,8.8,6.1141,0.1,12,reviewed,ak,ak
2026-05-08T00:29:17.605Z,51.864,178.253,138.821,3.2,ml,17,164,0.206,0.46,us,us6000sw4y,2026-05-18T02:45:56.040Z,"Rat Islands, Aleutian Islands, Alaska",earthquake,7.59,5.781,0.085,18,reviewed,us,us
2026-05-07T23:59:24.655Z,60.5425,-140.0569,5,2.5,ml,22,107,0.545,1.36,us,us6000sw2t,2026-05-18T02:44:03.040Z,"112 km N of Yakutat, Alaska",earthquake,3.25,1.98,0.043,70,reviewed,us,us
2026-05-07T23:31:15.306Z,37.5815,141.427,55.925,4.7,mww,80,134,2.775,0.48,us,us6000sw2r,2026-05-18T02:02:58.536Z,"39 km ENE of Namie, Japan",earthquake,8.25,4.688,0.086,13,reviewed,us,us
2026-05-07T22:26:10.092Z,52.537,-169.39,5,2.5,ml,14,257,0.3,0.6,ak,aka2026jalqvr,2026-05-12T04:37:35.115Z,"57 km SW of Nikolski, Alaska",earthquake,11.3,0,0.1,10,reviewed,ak,ak
2026-05-07T22:23:30.490Z,18.877333333333,-67.340166666667,14.5,3.27,md,12,226,0.4619,0.11,pr,pr71516128,2026-05-07T22:42:04.450Z,"49 km NNW of San Antonio, Puerto Rico",earthquake,0.67,0.87,0.074856345082299,5,reviewed,pr,pr
2026-05-07T20:57:34.232Z,24.1374,121.9114,29.053,4.3,mwr,65,77,0.292,0.66,us,us6000sw1q,2026-05-25T16:29:46.040Z,"35 km ENE of Hualien City, Taiwan",earthquake,2.13,4.905,0.06,27,reviewed,us,us
2026-05-07T20:45:26.834Z,6.1318,127.0146,199.873,4.3,mb,88,118,1.703,0.59,us,us6000sw1m,2026-05-25T15:59:58.040Z,"96 km ESE of Pondaguitan, Philippines",earthquake,11.85,5.801,0.061,76,reviewed,us,us
2026-05-07T19:42:00.343Z,50.9612,-176.0482,10,3.5,mb,30,231,1.129,0.84,us,us6000sxy8,2026-05-25T15:45:19.040Z,"109 km SSE of Adak, Alaska",earthquake,6.73,1.982,0.099,25,reviewed,us,us
2026-05-07T18:50:02.316Z,36.3491,140.0689,78.873,4.4,mwr,132,87,1.512,0.77,us,us6000sw0d,2026-05-21T16:28:07.040Z,"2 km W of Iwase, Japan",earthquake,5.42,5.342,0.083,14,reviewed,us,us
2026-05-07T18:19:23.465Z,-17.9952,-178.0089,639.858,4,mb,22,148,3.759,0.45,us,us6000sxy6,2026-05-21T15:48:22.040Z,"283 km E of Levuka, Fiji",earthquake,13.1,10.682,0.126,17,reviewed,us,us
2026-05-07T18:17:31.790Z,39.795166666667,-123.197,7.91,2.71,md,49,34,0.1329,0.12,nc,nc75359492,2026-05-21T15:11:04.040Z,"4 km E of Covelo, CA",earthquake,0.16,0.39,0.12,48,reviewed,nc,nc
2026-05-07T17:46:00.480Z,19.173333333333,-155.48566666667,35.51,2.54,ml,50,93,0.02852,0.12,hv,hv74955172,2026-05-07T19:05:30.040Z,"3 km SSW of Pāhala, Hawaii",earthquake,0.41,0.49,0.19150042858715,39,reviewed,hv,hv
2026-05-07T17:44:50.866Z,51.047,-178.171,15.1,2.5,ml,21,228,0.6,0.6,ak,aka2026jacgwe,2026-05-11T22:56:39.724Z,"140 km SW of Adak, Alaska",earthquake,6.4,5.7446,0.1,12,reviewed,ak,ak
2026-05-07T17:44:22.766Z,36.9854,-104.9526,1.965,4.1,mwr,69,81,0.192,1.06,us,us6000svzn,2026-05-29T17:54:36.647Z,"18 km SSW of Weston, Colorado",earthquake,4.07,3.582,0.052,35,reviewed,us,us
2026-05-07T17:00:19.831Z,14.2792,-93.0613,37.76,4.2,mb,64,202,2.182,0.76,us,us6000sxy5,2026-05-21T14:10:05.040Z,"84 km SW of Puerto Madero, Mexico",earthquake,10.11,11.458,0.076,49,reviewed,us,us
2026-05-07T16:54:03.761Z,7.4632,-34.6257,10,4.7,mb,33,131,13.126,0.64,us,us6000svzd,2026-05-15T14:59:23.040Z,"central Mid-Atlantic Ridge",earthquake,12.61,1.908,0.07,64,reviewed,us,us
2026-05-07T16:45:07.085Z,61.1052,-140.1343,5,2.8,ml,32,52,0.51,1.15,us,us6000svza,2026-06-01T14:34:39.952Z,"153 km ESE of McCarthy, Alaska",earthquake,2.45,1.999,0.044,67,reviewed,us,us
2026-05-07T16:41:06.021Z,51.0808,-178.1789,35,2.5,ml,16,225,0.619,0.33,us,us6000sx11,2026-06-01T14:31:10.040Z,"138 km SW of Adak, Alaska",earthquake,4.24,2.014,0.097,14,reviewed,us,us
2026-05-07T16:37:46.210Z,35.067833333333,-116.98383333333,1.69,3.12,ml,38,39,0.1927,0.12,ci,ci41243583,2026-05-15T14:51:42.040Z,"19 km N of Barstow, CA",earthquake,0.13,0.62,0.15925357727189,157,reviewed,ci,ci
2026-05-07T16:21:27.052Z,50.871,-179.309,2.7,2.7,ml,18,240,0.8,0.5,ak,aka2026izzmpj,2026-05-11T21:57:38.352Z,"217 km WSW of Adak, Alaska",earthquake,7.4,3.0891,0.1,13,reviewed,ak,ak
2026-05-07T15:54:27.358Z,51.301,-176.704,20.3,2.6,ml,21,223,0.6,0.5,ak,aka2026izypeh,2026-05-11T21:53:45.619Z,"63 km S of Adak, Alaska",earthquake,8.5,5.6247,0.1,14,reviewed,ak,ak
2026-05-07T15:10:34.717Z,51.072,-176.39,20.6,2.6,ml,17,247,0.8,0.4,ak,aka2026izxdbj,2026-05-11T21:50:39.484Z,"90 km S of Adak, Alaska",earthquake,12.1,8.8878,0.2,13,reviewed,ak,ak
2026-05-07T15:09:34.867Z,60.605,-150.722,56.3,2.5,ml,93,53,0.3,0.8,ak,aka2026izxcgu,2026-06-01T14:29:46.040Z,"7 km NNE of Sterling, Alaska",earthquake,2.1,2.3051,0.2,54,reviewed,ak,ak
2026-05-07T15:02:05.659Z,51.5152,179.5598,72.82,3.7,ml,30,142,0.212,0.32,us,us6000sw09,2026-06-01T14:19:59.040Z,"266 km W of Adak, Alaska",earthquake,9.65,11.696,0.085,18,reviewed,us,us
2026-05-07T14:23:37.742Z,51.51,-177.457,43.078,2.6,ml,21,197,0.287,0.74,us,us6000sx0m,2026-06-01T14:18:37.040Z,"69 km SW of Adak, Alaska",earthquake,5.21,13.561,0.097,14,reviewed,us,us
2026-05-07T13:57:40.198Z,-13.775,174.9824,10,4.6,mb,35,83,4.931,0.72,us,us6000sxdv,2026-05-15T14:17:31.040Z,"Fiji region",earthquake,6.18,1.87,0.105,27,reviewed,us,us
2026-05-07T13:50:46.882Z,52.1412,-173.7008,84.698,2.8,ml,15,193,0.279,0.75,us,us6000sx03,2026-06-01T14:13:42.040Z,"34 km E of Atka, Alaska",earthquake,19.12,12.934,0.115,10,reviewed,us,us
2026-05-07T13:45:54.915Z,-24.2872,-67.3112,195.981,4,mb,20,85,1.549,1.12,us,us6000svx6,2026-05-15T14:07:07.040Z,"101 km W of San Antonio de los Cobres, Argentina",earthquake,10.62,9.47,0.259,5,reviewed,us,us
2026-05-07T13:33:06.605Z,50.5637,-172.9482,10,3.3,ml,20,226,1.817,0.66,us,us6000swzz,2026-06-01T13:55:30.040Z,"201 km SSE of Atka, Alaska",earthquake,6.52,2.013,0.091,16,reviewed,us,us
2026-05-07T12:14:02.321Z,12.631,-89.5199,35,4.2,mb,29,183,1.019,1.14,us,us6000sxy0,2026-06-01T13:13:12.040Z,"97 km SSW of La Libertad, El Salvador",earthquake,4.8,1.966,0.082,42,reviewed,us,us
2026-05-07T12:00:01.351Z,65.096,-150.147,24.8,2.7,ml,46,31,0.3,0.6,ak,aka2026izqtxn,2026-05-11T19:13:18.292Z,"25 km ENE of Manley Hot Springs, Alaska",earthquake,3.1,2.2646,0.1,32,reviewed,ak,ak
2026-05-07T11:48:41.636Z,-17.9613,-178.0277,586.653,5.1,mb,60,94,3.634,1.08,us,us6000svwn,2026-05-07T12:03:09.040Z,"281 km E of Levuka, Fiji",earthquake,11.65,9.074,0.074,60,reviewed,us,us
2026-05-07T11:42:07.563Z,51.2189,-175.0397,10,3.1,ml,14,250,0.946,1.05,us,us6000swz3,2026-06-01T12:59:53.040Z,"123 km SSW of Atka, Alaska",earthquake,3.83,1.927,0.115,10,reviewed,us,us
2026-05-07T11:32:01.976Z,51.8366,158.6642,87.869,4.5,mb,46,138,1.404,0.84,us,us6000svwk,2026-05-08T06:34:22.040Z,"123 km S of Vilyuchinsk, Russia",earthquake,10.84,7.361,0.061,78,reviewed,us,us
2026-05-07T09:54:40.440Z,38.739833333333,-122.706,2.06,2.56,md,115,17,0.004435,0.1,nc,nc75358892,2026-05-15T20:52:21.828Z,"4 km SSW of Anderson Springs, CA",earthquake,0.1,0.22,0.213,84,reviewed,nc,nc
2026-05-07T09:42:43.400Z,38.791333333333,-122.77716666667,3.68,4.42,mw,121,16,0.008602,0.09,nc,nc75358752,2026-06-01T13:57:17.652Z,"2 km NW of The Geysers, CA",earthquake,0.1,0.16,,13,reviewed,nc,nc
2026-05-07T09:34:09.637Z,50.2564,-179.8869,10,3.1,ml,21,269,1.236,0.86,us,us6000swyw,2026-06-01T07:39:11.040Z,"290 km SW of Adak, Alaska",earthquake,6.28,2.02,0.091,16,reviewed,us,us
2026-05-07T09:27:16.499Z,61.301,-150.583,67.6,2.5,ml,96,23,0.2,0.7,ak,aka2026izlrmd,2026-05-11T18:16:56.792Z,"27 km S of Susitna, Alaska",earthquake,2.1,1.9246,0.2,60,reviewed,ak,ak
2026-05-07T08:53:27.146Z,-27.348,-176.655,35,5.4,mww,49,81,2.199,0.85,us,us6000svw1,2026-05-17T10:56:18.170Z,"Kermadec Islands region",earthquake,12.28,1.909,0.071,19,reviewed,us,us
2026-05-07T08:25:26.730Z,17.866666666667,-66.879833333333,10.43,2.64,md,27,209,0.1078,0.33,pr,pr71516033,2026-05-16T10:42:13.040Z,"11 km SSE of Guánica, Puerto Rico",earthquake,0.51,0.6,0.1387421674717,5,reviewed,pr,pr
2026-05-07T08:13:51.506Z,14.1976,-93.0468,10,4.7,mb,57,176,2.25,0.58,us,us6000svvr,2026-05-16T10:38:13.040Z,"88 km SW of Puerto Madero, Mexico",earthquake,5.18,1.895,0.029,370,reviewed,us,us
2026-05-07T08:09:36.883Z,53.053,-166.89,14.2,2.5,ml,16,224,0.7,0.4,ak,aka2026izjcfd,2026-05-11T18:06:50.478Z,"94 km SSW of Unalaska, Alaska",earthquake,9.8,3.7266,0.1,13,reviewed,ak,ak
2026-05-07T08:00:59.464Z,53.898,-164.581,21.7,2.5,ml,35,205,0.6,0.6,ak,aka2026iziuqq,2026-05-11T17:57:13.528Z,"82 km ESE of Akutan, Alaska",earthquake,7.9,4.0355,0.1,24,reviewed,ak,ak
2026-05-07T07:41:07.605Z,52.895,-167.853,34.3,2.5,ml,18,217,0.5,0.6,ak,aka2026izidmr,2026-05-09T03:56:10.608Z,"68 km E of Nikolski, Alaska",earthquake,14.1,7.8491,0.3,13,reviewed,ak,ak
2026-05-07T07:20:21.480Z,52.9493,-167.8918,35,3.2,ml,22,209,0.439,0.66,us,us6000swev,2026-05-16T09:28:30.040Z,"65 km E of Nikolski, Alaska",earthquake,2.63,1.999,0.091,16,reviewed,us,us
2026-05-07T06:39:17.954Z,29.2749,129.4094,10,4.7,mb,46,110,2.402,0.91,us,us6000svvf,2026-05-16T09:19:59.040Z,"93 km NNW of Tatsugō, Japan",earthquake,7.73,1.849,0.069,63,reviewed,us,us
2026-05-07T06:11:03.935Z,51.8179,-173.0557,35,3,ml,14,210,0.79,0.41,us,us6000swer,2026-05-16T09:13:20.040Z,"89 km ESE of Atka, Alaska",earthquake,6.81,2.015,0.128,8,reviewed,us,us
2026-05-07T05:57:03.500Z,-32.4614,-178.4192,31.338,4.4,mb,14,172,3.234,0.48,us,us6000sxdq,2026-05-16T09:05:01.040Z,"south of the Kermadec Islands",earthquake,7.31,8.274,0.17,10,reviewed,us,us
2026-05-07T05:20:07.800Z,48.5305,-121.80783333333,4.69,2.54,ml,23,47,0.04546,0.14,uw,uw62242697,2026-05-16T06:49:45.040Z,"4 km WSW of Concrete, Washington",earthquake,0.23,0.78,0.21043346821631,44,reviewed,uw,uw
2026-05-07T04:43:39.525Z,46.1938,151.7833,48.659,4.1,mb,56,169,6.821,0.55,us,us6000sxxm,2026-06-01T05:34:33.040Z,"Kuril Islands",earthquake,10.51,9.102,0.084,39,reviewed,us,us
2026-05-07T04:15:23.864Z,51.3925,159.9,10,4.6,mb,52,124,2.187,0.72,us,us6000svuv,2026-06-01T04:57:53.040Z,"199 km SSE of Vilyuchinsk, Russia",earthquake,8.17,1.83,0.086,40,reviewed,us,us
2026-05-07T03:56:31.360Z,38.791833333333,-122.71716666667,2.5,2.96,md,126,20,0.0006675,0.13,nc,nc75358597,2026-06-01T04:45:08.040Z,"3 km NW of Anderson Springs, CA",earthquake,0.12,0.21,0.211,96,reviewed,nc,nc
2026-05-07T03:48:24.052Z,-5.8615,105.6221,119.646,4.3,mb,40,116,2.198,0.81,us,us6000svup,2026-06-01T04:39:25.040Z,"61 km NNW of Labuan, Indonesia",earthquake,9.04,7.328,0.099,29,reviewed,us,us
2026-05-07T03:10:57.410Z,66.846,-163.46,2.1,2.8,ml,17,131,1.2,0.5,ak,aka2026iyzdnk,2026-06-01T03:34:44.040Z,"38 km W of Kotzebue, Alaska",earthquake,6,4.4527,0.1,16,reviewed,ak,ak
2026-05-07T03:07:28.780Z,49.9299,179.1906,10,3.2,ml,19,289,1.452,0.82,us,us6000swee,2026-06-01T03:33:17.040Z,"south of the Aleutian Islands",earthquake,7.57,2.023,0.091,16,reviewed,us,us
2026-05-07T02:30:11.740Z,-27.5252,82.2998,10,4.6,mb,25,130,38.293,1.21,us,us6000sxdj,2026-06-01T03:26:50.040Z,"South Indian Ocean",earthquake,15.13,1.911,0.125,19,reviewed,us,us
2026-05-07T01:36:30.084Z,-5.7185,154.386,103.074,4.3,mb,29,123,2.684,0.54,us,us6000sxxh,2026-06-01T03:25:05.040Z,"138 km WNW of Panguna, Papua New Guinea",earthquake,11.97,8,0.113,22,reviewed,us,us
2026-05-07T01:23:02.376Z,-5.8139,154.3801,120.273,5.1,mww,100,87,2.734,0.55,us,us6000svu7,2026-06-01T03:14:59.040Z,"134 km WNW of Panguna, Papua New Guinea",earthquake,9.52,5.289,0.075,17,reviewed,us,us
2026-05-07T01:18:43.400Z,18.4383,-64.7433,101,3.46,md,17,184,0.1268,0.08,pr,pr2026127001,2026-06-01T02:42:15.040Z,"12 km NNE of Cruz Bay, U.S. Virgin Islands",earthquake,8.95,0.84,0.11,13,reviewed,pr,pr
2026-05-07T01:06:57.535Z,-18.7692,-175.3947,218.917,4.4,mb,56,85,5.149,0.78,us,us6000svu2,2026-06-01T02:37:35.040Z,"149 km W of Neiafu, Tonga",earthquake,11.31,6.774,0.081,44,reviewed,us,us
2026-05-07T00:48:24.017Z,54.5209,-160.3272,11.056,2.7,ml,25,239,1.09,0.9,us,us6000swdl,2026-05-19T23:28:28.040Z,"91 km S of Sand Point, Alaska",earthquake,6.78,12.654,0.091,16,reviewed,us,us
2026-05-07T00:35:48.500Z,19.2575,-64.8158,18,3.57,md,12,267,0.8713,0.34,pr,pr2026127000,2026-05-28T21:13:28.040Z,"102 km N of Charlotte Amalie, U.S. Virgin Islands",earthquake,3.78,7.37,0.27,5,reviewed,pr,pr
2026-05-06T23:03:52.685Z,62.115,-148.382,18,2.8,ml,121,19,0.3,0.9,ak,aka2026iyqwyh,2026-05-23T04:33:03.040Z,"35 km N of Chickaloon, Alaska",earthquake,1.6,1.717,0.2,84,reviewed,ak,ak
2026-05-06T23:02:21.867Z,-21.1675,-68.9254,116.878,4.3,mb,27,59,0.539,0.69,us,us6000svti,2026-05-23T04:35:31.040Z,"70 km W of Ollagüe, Chile",earthquake,4.65,5.269,0.129,17,reviewed,us,us
2026-05-06T22:06:49.679Z,-2.2707,-79.1824,97.172,4.6,mb,47,104,0.208,0.69,us,us6000svsx,2026-05-26T23:36:21.800Z,"24 km NE of La Troncal, Ecuador",earthquake,6.72,2.629,0.053,108,reviewed,us,us
2026-05-06T21:34:16.090Z,17.99,-65.59,7.9,2.93,md,18,162,0.2076,0.34,pr,pr71515983,2026-05-07T02:02:33.040Z,"17 km SW of Esperanza, Puerto Rico",earthquake,0.66,1.36,0.17253017626419,12,reviewed,pr,pr
2026-05-06T21:17:04.783Z,-17.3399,-178.8904,542.63,4.2,mb,35,165,22.4,0.65,us,us6000sxq3,2026-05-26T23:28:00.040Z,"206 km ENE of Levuka, Fiji",earthquake,14.15,8.881,0.094,31,reviewed,us,us
2026-05-06T21:03:51.825Z,52.586,-169.4294,18.836,2.7,ml,14,250,0.269,0.43,us,us6000svvm,2026-05-12T18:10:18.671Z,"54 km SW of Nikolski, Alaska",earthquake,3.35,6.17,0.097,14,reviewed,us,us
2026-05-06T21:00:40.712Z,52.2369,176.2234,10,4.1,mb,45,168,1.389,0.74,us,us6000sxq2,2026-05-27T03:20:47.040Z,"216 km ESE of Attu Station, Alaska",earthquake,9.61,1.932,0.097,29,reviewed,us,us
2026-05-06T20:36:41.092Z,61.3775,-140.1886,9.478,2.5,ml,39,50,0.556,0.64,us,us6000svs8,2026-05-28T18:44:05.040Z,"146 km E of McCarthy, Alaska",earthquake,2.06,6.778,0.041,80,reviewed,us,us
2026-05-06T20:02:26.587Z,53.551,-164.564,13.8,2.5,ml,35,223,0.9,0.9,ak,aka2026iykvus,2026-05-12T17:30:07.286Z,"102 km SE of Akutan, Alaska",earthquake,5.5,3.9304,0.1,25,reviewed,ak,ak
2026-05-06T19:49:54.950Z,40.379666666667,-125.489,10,2.55,md,56,265,0.8811,0.32,nc,nc75358377,2026-05-28T18:42:37.040Z,"102 km W of Petrolia, CA",earthquake,1.5,31.61,0.355,38,reviewed,nc,nc
2026-05-06T19:19:18.087Z,-59.5302,-24.1253,10,4.9,mb,67,81,8.56,0.54,us,us6000svrl,2026-05-28T18:35:08.040Z,"South Sandwich Islands region",earthquake,9.32,2.515,0.079,52,reviewed,us,us
2026-05-06T19:10:08.512Z,15.4746,-95.4858,10,4.4,mb,100,147,3.321,0.94,us,us6000svrf,2026-05-28T18:31:38.040Z,"59 km SE of El Coyul, Mexico",earthquake,9.31,1.894,0.052,107,reviewed,us,us
2026-05-06T19:05:01.246Z,57.924,-136.679,0.9,2.7,ml,15,171,0.2,0.8,ak,aka2026iyixvk,2026-05-12T17:20:24.137Z,"26 km W of Pelican, Alaska",earthquake,5.1,4.9501,0.2,13,reviewed,ak,ak
2026-05-06T18:55:52.399Z,32.2977,-103.737,2.9,3,ml,39,37,0.112,0.4,us,us6000svrb,2026-05-28T18:14:44.040Z,"32 km ENE of Malaga, New Mexico",earthquake,1.45,4.429,0.071,26,reviewed,us,us
2026-05-06T18:35:49.450Z,-18.8574,-177.8591,578.89,4,mb,20,126,4.038,0.52,us,us6000sxq0,2026-05-28T18:13:47.040Z,"Fiji region",earthquake,18.33,10.606,0.125,17,reviewed,us,us
2026-05-06T18:09:41.869Z,-11.6819,166.5311,143.985,4.6,mb,16,231,3.799,0.49,us,us6000sxpy,2026-05-28T16:53:42.040Z,"132 km SE of Lata, Solomon Islands",earthquake,17.19,12.74,0.165,12,reviewed,us,us
2026-05-06T17:19:49.866Z,14.7867,-91.5703,125.373,4,mb,49,196,1.584,0.86,us,us6000sxpx,2026-05-28T16:35:58.040Z,"7 km SW of Quetzaltenango, Guatemala",earthquake,9.18,9.711,0.085,39,reviewed,us,us
2026-05-06T16:56:25.287Z,-43.5674,91.9234,10,4.6,mb,12,164,24.94,1.04,us,us6000sxpw,2026-05-20T16:59:01.040Z,"southeast Indian Ridge",earthquake,11.27,1.938,0.173,10,reviewed,us,us
2026-05-06T16:52:34.970Z,18.684166666667,-66.9155,58.54,2.56,md,11,258,0.2844,0.18,pr,pr71515968,2026-05-06T17:50:43.600Z,"23 km NNE of Isabela, Puerto Rico",earthquake,0.79,1.12,0.031698605590117,4,reviewed,pr,pr
2026-05-06T16:45:15.960Z,34.0025,-117.21133333333,4.46,3.14,ml,119,25,0.06363,0.2,ci,ci41242495,2026-05-13T14:42:29.040Z,"6 km SSW of Redlands, CA",earthquake,0.11,0.36,0.17608206422372,174,reviewed,ci,ci
2026-05-06T16:26:43.817Z,51.4992,-176.7688,62.092,3.1,ml,21,203,0.392,0.3,us,us6000sx6z,2026-05-20T16:46:22.040Z,"42 km SSW of Adak, Alaska",earthquake,9.51,20.756,0.085,18,reviewed,us,us
2026-05-06T15:35:49.132Z,7.5271,126.7728,29,5.5,mww,139,64,11.727,0.88,us,us6000svp9,2026-05-20T15:56:31.336Z,"22 km ENE of Baculin, Philippines",earthquake,8.74,1.78,0.065,23,reviewed,us,us
2026-05-06T15:17:33.655Z,28.8263,95.9696,10,4.6,mb,90,58,4.32,0.74,us,us6000svp7,2026-05-20T15:34:56.823Z,"100 km NW of Hayuliang, India",earthquake,8,1.864,0.067,65,reviewed,us,us
2026-05-06T15:12:20.747Z,51.4582,159.8184,10,4.5,mb,33,158,2.104,1.08,us,us6000sxpu,2026-05-20T15:19:28.040Z,"190 km SSE of Vilyuchinsk, Russia",earthquake,10.19,1.917,0.108,25,reviewed,us,us
2026-05-06T14:56:41.340Z,2.5039,127.6047,91.49,4.4,mb,74,103,7.111,0.8,us,us6000svp1,2026-05-20T15:05:51.040Z,"96 km NNW of Tobelo, Indonesia",earthquake,10.24,6.922,0.067,65,reviewed,us,us
2026-05-06T14:15:32.308Z,52.3404,176.5321,10,5.8,mww,169,71,1.314,0.6,us,us6000svnr,2026-05-20T14:41:22.622Z,"233 km ESE of Attu Station, Alaska",earthquake,6.11,1.754,0.039,64,reviewed,us,us
2026-05-06T14:08:09.081Z,52.1783,-171.5455,10,3.3,ml,25,203,1.165,0.55,us,us6000svr6,2026-05-20T14:25:58.040Z,"181 km E of Atka, Alaska",earthquake,5.13,2.022,0.085,18,reviewed,us,us
2026-05-06T14:08:08.962Z,52.087,-171.581,9.4,3.5,ml,36,207,1.2,0.7,ak,aka2026ixzatb,2026-05-12T16:41:30.904Z,"179 km E of Atka, Alaska",earthquake,18.4,12.4893,0.2,26,reviewed,ak,ak
2026-05-06T14:07:56.125Z,51.7494,176.1538,10,4.1,mb,19,205,1.514,0.81,us,us6000sxps,2026-05-20T14:10:24.040Z,"236 km ESE of Attu Station, Alaska",earthquake,11.03,2.004,0.152,12,reviewed,us,us
2026-05-06T14:06:37.489Z,52.2323,176.5504,10,4.3,mb,68,103,1.277,0.53,us,us6000svnp,2026-05-19T21:45:04.040Z,"238 km ESE of Attu Station, Alaska",earthquake,11.24,1.884,0.074,52,reviewed,us,us
2026-05-06T13:46:37.732Z,17.7037,-82.6495,10,4.2,mb,31,107,4.896,0.56,us,us6000sxpr,2026-05-19T17:39:04.040Z,"220 km SW of George Town, Cayman Islands",earthquake,8.77,1.96,0.121,19,reviewed,us,us
2026-05-06T13:36:23.925Z,39.2785,-119.086,8.1385,2.61,ml,25,69,0.044,0.1637,nn,nn00917901,2026-05-19T16:01:35.040Z,"19 km SE of Silver Springs, Nevada",earthquake,,1.4444,0.41,12,reviewed,nn,nn
2026-05-06T13:33:01.123Z,-32.2521,-178.1353,10,4.3,mb,16,176,3.003,1.1,us,us6000sxpq,2026-05-19T16:00:14.040Z,"south of the Kermadec Islands",earthquake,12.7,1.964,0.178,9,reviewed,us,us
2026-05-06T12:55:50.926Z,-17.798,167.1069,10,4.8,mb,43,132,2.339,0.95,us,us6000svnc,2026-05-27T12:15:56.040Z,"128 km W of Port-Vila, Vanuatu",earthquake,7.91,1.868,0.09,38,reviewed,us,us
2026-05-06T12:53:39.562Z,60.048,-151.453,77.6,2.7,ml,96,57,0.4,0.8,ak,aka2026ixwnwb,2026-05-27T10:20:48.040Z,"11 km E of Ninilchik, Alaska",earthquake,2.2,1.8895,0.2,68,reviewed,ak,ak
2026-05-06T12:40:53.846Z,-5.7193,154.4174,122.192,4,mb,25,157,2.71,0.71,us,us6000sxpn,2026-05-27T12:07:44.040Z,"135 km WNW of Panguna, Papua New Guinea",earthquake,13.55,8.208,0.122,18,reviewed,us,us
2026-05-06T12:26:07.015Z,53.7881,-164.2337,35,2.7,ml,27,206,0.716,0.71,us,us6000sx6i,2026-05-27T12:01:13.040Z,"108 km ESE of Akutan, Alaska",earthquake,4.12,2.012,0.091,16,reviewed,us,us
2026-05-06T12:15:06.518Z,-20.3184,-177.7049,478.034,4.4,mb,37,98,4.76,1.01,us,us6000sxpl,2026-05-27T11:57:57.040Z,"267 km WNW of Houma, Tonga",earthquake,8.07,8.814,0.063,71,reviewed,us,us
2026-05-06T11:46:48.800Z,-32.2013,-177.9213,10,5.1,mww,76,62,2.947,0.65,us,us6000svmz,2026-05-27T12:20:39.040Z,"south of the Kermadec Islands",earthquake,10.92,1.862,0.073,18,reviewed,us,us
2026-05-06T11:41:34.020Z,19.657166666667,-64.4435,49.34,3.42,md,10,298,1.161,0.3,pr,pr71515933,2026-05-27T09:10:21.040Z,"151 km NNE of Cruz Bay, U.S. Virgin Islands",earthquake,4.97,18.7,0.036548238423362,4,reviewed,pr,pr
2026-05-06T11:31:44.078Z,-30.1711,-72.16,10,4.7,mwr,65,138,0.676,1.04,us,us6000svmu,2026-05-27T12:23:49.040Z,"82 km WSW of Coquimbo, Chile",earthquake,2.89,1.813,0.043,53,reviewed,us,us
2026-05-06T11:25:51.808Z,-19.3675,-69.4014,108.296,4.3,mb,20,100,0.804,0.67,us,us6000svmt,2026-05-27T12:26:39.040Z,"6 km SSE of Camiña, Chile",earthquake,5.04,7.986,0.188,8,reviewed,us,us
2026-05-06T11:25:38.390Z,60.75,-147.267,18.7,3.1,ml,163,40,0.2,0.9,ak,aka2026ixtpnr,2026-05-27T10:41:08.040Z,"34 km WSW of Tatitlek, Alaska",earthquake,1.8,1.3351,0.2,113,reviewed,ak,ak
2026-05-06T11:17:21.750Z,39.2704,-119.1016,9.002,2.61,ml,17,87,0.051,0.1378,nn,nn00917888,2026-05-27T09:32:09.040Z,"19 km SSE of Silver Springs, Nevada",earthquake,,1.5388,0.34,13,reviewed,nn,nn
2026-05-06T11:15:59.175Z,-31.5573,-69.5393,124.174,4.2,mb,30,90,0.742,0.88,us,us6000svmp,2026-05-27T12:28:23.040Z,"27 km SSW of Calingasta, Argentina",earthquake,5.43,3.762,0.236,5,reviewed,us,us
2026-05-06T11:10:22.427Z,51.321,-178.147,6.7,2.7,ml,17,236,0.5,0.3,ak,aka2026ixtcgf,2026-05-12T00:13:42.564Z,"121 km WSW of Adak, Alaska",earthquake,6.9,3.0342,0.1,12,reviewed,ak,ak
2026-05-06T10:55:20.900Z,40.345333333333,-124.83466666667,17.13,2.49,md,67,238,0.3805,0.26,nc,nc75358082,2026-05-27T11:46:41.040Z,"47 km W of Petrolia, CA",earthquake,1,0.94,0.391,43,reviewed,nc,nc
2026-05-06T10:52:59.672Z,39.3996,-119.0466,12.0992,2.56,ml,29,97,0.04,0.1496,nn,nn00917880,2026-05-27T09:18:14.040Z,"15 km E of Silver Springs, Nevada",earthquake,,0.87,0.2,14,reviewed,nn,nn
2026-05-06T10:44:35.079Z,-15.234,167.5503,122.9,4.2,mb,17,137,0.396,0.32,us,us6000sxpj,2026-05-27T11:40:22.040Z,"52 km NE of Luganville, Vanuatu",earthquake,14.4,5.406,0.152,12,reviewed,us,us
2026-05-06T10:42:41.787Z,14.8548,-87.2209,10,4.4,mb,55,130,1.744,0.61,us,us6000svmi,2026-05-27T12:33:58.047Z,"6 km ENE of San José del Potrero, Honduras",earthquake,7.22,1.918,0.043,158,reviewed,us,us
2026-05-06T10:16:50.248Z,28.0874,56.6423,10,4,mb,14,142,3.154,0.65,us,us6000sxpi,2026-05-27T11:29:15.040Z,"76 km ESE of Ḩājjīābād, Iran",earthquake,11.93,1.937,0.196,7,reviewed,us,us
2026-05-06T10:06:29.303Z,35.5388,139.417,119.573,4.4,mwr,79,94,1.4,0.84,us,us6000svm7,2026-05-27T12:34:40.040Z,"3 km W of Machida, Japan",earthquake,7.82,6.717,0.086,13,reviewed,us,us
2026-05-06T10:04:22.494Z,28.0493,56.8077,10,4.6,mb,69,96,3.138,0.44,us,us6000svma,2026-05-27T12:36:25.040Z,"93 km ESE of Ḩājjīābād, Iran",earthquake,8.24,1.397,0.065,69,reviewed,us,us
2026-05-06T09:43:13.682Z,-5.7231,154.4237,103.578,5.2,mww,72,67,2.718,0.59,us,us6000svm3,2026-05-27T12:44:52.040Z,"134 km WNW of Panguna, Papua New Guinea",earthquake,10.28,6.803,0.083,14,reviewed,us,us
2026-05-06T09:22:45.069Z,39.6497,143.5293,22.782,4.3,mb,31,142,2.204,0.62,us,us6000sxph,2026-05-27T11:21:40.040Z,"136 km E of Miyako, Japan",earthquake,9.55,6.577,0.126,18,reviewed,us,us
2026-05-06T09:19:00.688Z,39.6008,143.4484,24.516,4.2,mb,30,135,2.178,0.62,us,us6000sxpg,2026-05-27T11:17:00.040Z,"129 km E of Miyako, Japan",earthquake,8.81,5.43,0.125,18,reviewed,us,us
2026-05-06T09:09:03.344Z,-36.7768,177.9705,145.864,4.4,mb,23,243,1.63,0.68,us,us6000svl1,2026-05-27T11:30:07.040Z,"95 km NNW of Hicks Bay, New Zealand",earthquake,10.47,7.383,0.143,14,reviewed,us,us
2026-05-06T08:45:50.666Z,56.009,-159.839,7.7,3.1,ml,15,149,0.3,0.6,ak,aka2026ixogwr,2026-05-11T23:36:57.757Z,"25 km WNW of Ivanof Bay, Alaska",earthquake,11.8,7.0489,0.4,63,reviewed,ak,ak
2026-05-06T08:19:31.412Z,-30.1713,-72.0717,10,4.6,mwr,38,145,0.627,1.03,us,us6000svkt,2026-05-25T14:03:01.040Z,"74 km WSW of Coquimbo, Chile",earthquake,4.79,1.876,0.045,47,reviewed,us,us
2026-05-06T08:12:22.203Z,57.831,-156.451,147.2,2.7,ml,87,66,0.1,0.7,ak,aka2026ixndwx,2026-05-25T13:48:45.040Z,"66 km ENE of Ugashik, Alaska",earthquake,6,1.8476,0.4,64,reviewed,ak,ak
2026-05-06T07:56:04.673Z,61.759,-149.282,29.5,3.4,ml,191,26,0.2,0.9,ak,aka2026ixmpuk,2026-05-25T13:49:53.591Z,"2 km NW of Fishhook, Alaska",earthquake,1.5,1.0146,0.2,132,reviewed,ak,ak
2026-05-06T07:40:09.152Z,-36.7878,177.3073,10,4.7,mb,29,242,1.477,0.89,us,us6000svke,2026-05-28T13:08:59.040Z,"126 km NW of Hicks Bay, New Zealand",earthquake,10.08,1.982,0.147,14,reviewed,us,us
2026-05-06T07:12:19.775Z,-23.2629,172.0771,10,4.5,mb,24,79,4.317,0.84,us,us6000sxpc,2026-05-28T09:35:33.040Z,"southeast of the Loyalty Islands",earthquake,3.89,1.92,0.157,13,reviewed,us,us
2026-05-06T06:23:27.090Z,34.9833,27.6096,38.489,4.2,mb,26,150,0.672,1.31,us,us6000sxpa,2026-05-28T05:22:54.040Z,"68 km SSE of Karpathos, Greece",earthquake,3.95,9.382,0.176,9,reviewed,us,us
2026-05-06T06:10:27.495Z,15.3587,-91.8833,176.089,4.4,mb,57,128,0.95,0.84,us,us6000svjf,2026-05-28T12:02:54.040Z,"8 km SE of Cuilco, Guatemala",earthquake,5.39,6.572,0.047,131,reviewed,us,us
2026-05-06T05:52:27.488Z,48.9704,155.8529,35,4.3,mb,34,135,4.304,0.71,us,us6000svsj,2026-05-22T12:08:00.040Z,"190 km S of Severo-Kuril’sk, Russia",earthquake,8.38,1.923,0.109,24,reviewed,us,us
2026-05-06T05:37:05.782Z,28.3289,52.9169,10,4.1,mb,31,73,4.473,0.63,us,us6000svix,2026-05-22T07:18:27.040Z,"66 km SSE of Fīrūzābād, Iran",earthquake,8.76,1.923,0.131,16,reviewed,us,us
2026-05-06T04:41:44.534Z,-33.6701,179.5039,159.457,4.4,mb,22,131,4.861,1.31,us,us6000svia,2026-05-23T04:38:12.040Z,"south of the Kermadec Islands",earthquake,13.56,9.893,0.134,16,reviewed,us,us
2026-05-06T04:06:07.673Z,29.8059,70.0624,10,5,mb,59,67,8.719,1.1,us,us6000svi6,2026-05-23T04:47:19.040Z,"40 km NW of Dajal, Pakistan",earthquake,8.2,1.811,0.08,49,reviewed,us,us
2026-05-06T04:05:44.969Z,52.1284,-175.6157,169.324,2.9,ml,17,156,0.238,0.4,us,us6000swyr,2026-05-16T03:47:45.040Z,"75 km ENE of Adak, Alaska",earthquake,8.38,5.601,0.128,8,reviewed,us,us
2026-05-06T04:04:13.990Z,39.2775,-119.0822,6,3.36,mwr,23,71,0.042,0.2073,nn,nn00917829,2026-05-26T13:59:45.890Z,"19 km SE of Silver Springs, Nevada",earthquake,,1.1921,,,reviewed,nn,nn
2026-05-06T03:20:59.068Z,-54.2044,-134.0364,10,4.4,mb,12,129,32.256,0.77,us,us6000sxp8,2026-05-16T22:07:54.040Z,"Pacific-Antarctic Ridge",earthquake,19.72,1.925,0.17,10,reviewed,us,us
2026-05-06T03:03:48.959Z,29.2443,142.5269,10,4.8,mb,58,141,7.661,0.74,us,us6000svhx,2026-05-23T21:58:15.040Z,"Izu Islands, Japan region",earthquake,11.52,1.896,0.078,51,reviewed,us,us
2026-05-06T02:58:02.220Z,19.4355,-64.413,26,3.43,md,10,275,0.9403,0.11,pr,pr71515913,2026-05-23T22:21:36.040Z,"128 km NNE of Cruz Bay, U.S. Virgin Islands",earthquake,1.04,10.28,0.0061350020849993,3,reviewed,pr,pr
2026-05-06T02:51:05.880Z,19.5483,-64.1645,43,3.65,md,11,308,1.0843,0.27,pr,pr2026126000,2026-05-23T22:05:40.040Z,"150 km NNE of Cruz Bay, U.S. Virgin Islands",earthquake,4.18,16.82,0.07,5,reviewed,pr,pr
2026-05-06T02:42:43.144Z,-10.3999,161.1647,35,4.3,mb,14,123,7.733,0.73,us,us6000sxp7,2026-05-16T21:42:52.040Z,"82 km W of Kirakira, Solomon Islands",earthquake,9.13,1.891,0.169,10,reviewed,us,us
2026-05-06T02:10:12.990Z,18.773666666667,-68.262333333333,67.51,3.36,md,18,157,0.2813,0.39,pr,pr71515888,2026-05-23T21:48:46.040Z,"25 km NE of Punta Cana, Dominican Republic",earthquake,2.49,2.24,0.026063371218198,5,reviewed,pr,pr
2026-05-06T02:02:42.973Z,37.9669,-104.6343,11.292,2.5,ml,15,58,0.369,0.59,us,us6000svhm,2026-05-16T22:34:57.040Z,"17 km E of Colorado City, Colorado",earthquake,1.92,3.336,0.115,10,reviewed,us,us
2026-05-06T01:19:20.881Z,-31.8481,-65.1886,10,3.3,ml,14,292,2.983,0.66,us,us6000svif,2026-05-06T13:52:49.040Z,"10 km N of Villa Dolores, Argentina",earthquake,6.03,2.027,0.081,20,reviewed,us,us
2026-05-06T01:12:37.075Z,-16.7902,167.7527,32.878,4.4,mb,12,201,1.436,1.13,us,us6000sxp4,2026-05-16T05:26:59.040Z,"84 km SSE of Lakatoro, Vanuatu",earthquake,11.3,4.924,0.218,6,reviewed,us,us
2026-05-06T00:51:09.260Z,42.2085,-121.28216666667,-1.71,2.69,ml,14,111,0.1738,0.35,uw,uw62242312,2026-05-14T21:46:40.040Z,"10 km E of Bonanza, Oregon",explosion,0.89,31.61,0.19906297802532,7,reviewed,uw,uw
2026-05-06T00:31:19.956Z,60.033,-153.356,157.8,2.7,ml,106,36,0.1,0.7,ak,aka2026iwxsqo,2026-05-08T06:04:50.198Z,"50 km ENE of Pedro Bay, Alaska",earthquake,3.3,1.4283,0.4,72,reviewed,ak,ak
2026-05-06T00:08:38.308Z,-4.5476,153.6755,105.758,4.5,mb,38,119,1.548,0.83,us,us6000svh0,2026-05-14T21:38:08.040Z,"157 km E of Kokopo, Papua New Guinea",earthquake,5.94,7.085,0.103,28,reviewed,us,us
2026-05-05T23:38:29.478Z,53.53,-164.723,25.8,2.5,ml,17,278,0.8,0.3,ak,aka2026iwwakv,2026-05-07T21:29:37.089Z,"96 km SE of Akutan, Alaska",earthquake,9.4,6.1712,0.1,13,reviewed,ak,ak
2026-05-05T23:10:51.756Z,7.9419,126.8754,35,4.6,mb,26,123,1.55,0.73,us,us6000svgp,2026-05-26T23:19:14.040Z,"45 km NE of Kinablangan, Philippines",earthquake,10.09,1.933,0.119,21,reviewed,us,us
2026-05-05T23:06:12.245Z,-6.6365,131.2074,35,4.3,mb,18,106,2.468,0.65,us,us6000sxhw,2026-05-14T01:46:21.040Z,"204 km WSW of Tual, Indonesia",earthquake,7.33,1.951,0.188,8,reviewed,us,us
2026-05-05T23:02:32.667Z,39.6922,15.3441,307.255,4.1,mb,42,83,0.471,0.98,us,us6000svgl,2026-05-14T01:30:19.040Z,"34 km S of Marina di Camerota, Italy",earthquake,9.08,6.42,0.123,18,reviewed,us,us
2026-05-05T22:57:40.217Z,60.394,-153.029,141.6,3.5,ml,219,33,0.1,1,ak,aka2026iwurap,2026-05-27T03:14:36.040Z,"74 km ENE of Port Alsworth, Alaska",earthquake,2.1,1.0856,0.3,139,reviewed,ak,ak
2026-05-05T22:55:57.495Z,61.497,-149.762,36.9,2.6,ml,52,28,0.2,0.7,ak,aka2026iwupmw,2026-05-07T21:35:41.901Z,"4 km NNW of Knik, Alaska",earthquake,2.1,1.9473,0.4,39,reviewed,ak,ak
2026-05-05T22:14:53.392Z,-19.9518,133.8912,5,4.3,mb,15,78,0.421,0.7,us,us6000sxhu,2026-05-14T01:18:22.040Z,"45 km SW of Tennant Creek, Australia",earthquake,4.88,1.574,0.238,5,reviewed,us,us
2026-05-05T22:10:09.984Z,61.536,-150.882,60.9,2.5,ml,78,25,0.5,0.7,ak,aka2026iwtbux,2026-05-07T22:08:26.020Z,"19 km W of Susitna, Alaska",earthquake,2.1,2.8317,0.2,56,reviewed,ak,ak
2026-05-05T22:02:01.347Z,60.3021,59.7881,10,4.4,mb,60,71,3.995,0.65,us,us6000svg2,2026-05-26T23:12:54.040Z,"12 km WSW of Cherëmukhovo, Russia",earthquake,6.76,1.769,0.073,54,reviewed,us,us
2026-05-05T21:37:25.235Z,60.3582,60.083,10,4.2,mb,44,80,4.081,0.8,us,us6000svfq,2026-05-14T01:05:39.040Z,"5 km ENE of Cherëmukhovo, Russia",earthquake,9.63,1.929,0.09,34,reviewed,us,us
2026-05-05T21:01:45.386Z,-55.8755,-27.4821,62.545,4.9,mb,67,101,5.414,0.51,us,us6000svfd,2026-05-26T23:09:05.040Z,"South Sandwich Islands region",earthquake,11.24,5.949,0.088,41,reviewed,us,us
2026-05-05T20:54:43.391Z,9.2957,-84.3477,10,4.1,mb,12,154,0.74,0.97,us,us6000svip,2026-05-18T19:48:28.040Z,"25 km S of Parrita, Costa Rica",earthquake,4.1,1.801,0.214,6,reviewed,us,us
2026-05-05T20:53:20.599Z,34.1718,45.6809,10,4.9,mww,97,82,0.55,0.75,us,us6000svfc,2026-05-18T19:38:41.337Z,"36 km SSW of Sarpol-e Z̄ahāb, Iran",earthquake,6.52,1.848,0.083,14,reviewed,us,us
2026-05-05T20:27:48.294Z,1.9664,128.2837,126.749,4.3,mb,82,72,6.266,0.68,us,us6000svf6,2026-05-18T19:32:24.040Z,"40 km NE of Tobelo, Indonesia",earthquake,10.26,5.328,0.066,66,reviewed,us,us
2026-05-05T20:14:02.520Z,36.01,-117.80216666667,1.6,2.86,ml,39,33,0.02798,0.14,ci,ci41241863,2026-05-18T17:41:09.040Z,"12 km NE of Little Lake, CA",earthquake,0.12,0.16,0.18433304069233,90,reviewed,ci,ci
2026-05-05T20:11:08.623Z,58.136,-156.381,5.5,2.8,ml,47,72,0.3,0.6,ak,aka2026iwpcpl,2026-05-18T17:12:30.040Z,"59 km E of Egegik, Alaska",earthquake,3.8,2.102,0.2,37,reviewed,ak,ak
2026-05-05T19:38:40.771Z,34.9461,26.1325,10,4.3,mb,56,103,1.034,0.8,us,us6000svei,2026-05-18T16:35:10.040Z,"29 km S of Sitia, Greece",earthquake,6.15,1.859,0.09,35,reviewed,us,us
2026-05-05T19:35:07.434Z,37.5262,140.5837,107.358,4.2,mwr,89,92,2.139,0.63,us,us6000svel,2026-05-18T15:43:06.901Z,"8 km N of Funehikimachi-funehiki, Japan",earthquake,8.4,5.164,0.08,15,reviewed,us,us
2026-05-05T19:22:58.837Z,19.9914,145.1722,201.666,3.9,mb,17,186,16.976,0.63,us,us6000sxht,2026-05-18T15:17:30.040Z,"Maug Islands region, Northern Mariana Islands",earthquake,18.98,14.235,0.154,11,reviewed,us,us
2026-05-05T18:53:06.244Z,56.402,-156.57,11.1,2.5,ml,25,203,1,0.4,ak,aka2026iwmnaj,2026-05-08T05:45:03.392Z,"114 km E of Chignik, Alaska",earthquake,5.4,3.5578,0.1,19,reviewed,ak,ak
2026-05-05T18:44:49.596Z,54.5891,-160.3031,35.724,3.1,ml,27,225,1.063,0.68,us,us6000sw4s,2026-05-18T14:16:36.040Z,"84 km S of Sand Point, Alaska",earthquake,2.84,27.862,0.091,16,reviewed,us,us
2026-05-05T18:32:45.683Z,-59.5711,-26.1859,87.69,4.9,mb,30,92,7.731,0.62,us,us6000sxhs,2026-05-18T14:09:34.040Z,"South Sandwich Islands region",earthquake,14.7,6.478,0.131,18,reviewed,us,us
2026-05-05T18:23:39.033Z,35.8277,69.4605,10,4.4,mb,31,234,3.464,0.61,us,us6000sve0,2026-05-17T16:49:37.040Z,"39 km SE of Nahrīn, Afghanistan",earthquake,10.32,1.984,0.134,16,reviewed,us,us
2026-05-05T17:10:58.212Z,-36.6825,177.2998,11.227,4.3,mb,26,146,1.581,1.11,us,us6000svdm,2026-05-14T19:47:46.040Z,"133 km ENE of Pauanui, New Zealand",earthquake,8.78,6.715,0.202,7,reviewed,us,us
2026-05-05T16:59:08.206Z,36.9006,71.6113,119.84,4,mb,40,103,1.571,0.58,us,us6000svdk,2026-05-28T16:04:22.040Z,"19 km N of Ishqoshim, Tajikistan",earthquake,9.14,8.842,0.103,27,reviewed,us,us
2026-05-05T16:58:26.990Z,60.579,-150.614,13.7,2.7,ml,76,55,0.7,0.8,ak,aka2026iwirnu,2026-05-28T15:59:35.040Z,"9 km ENE of Sterling, Alaska",earthquake,1.9,1.774,0.1,56,reviewed,ak,ak
2026-05-05T16:54:56.782Z,52.2835,176.4641,6.459,3.7,ml,10,171,1.34,0.88,us,us6000sxhn,2026-05-28T15:52:54.040Z,"230 km ESE of Attu Station, Alaska",earthquake,7.61,4.443,0.085,18,reviewed,us,us
2026-05-05T16:50:25.563Z,53.1245,-166.9581,22.824,3.5,mb,55,195,0.64,0.86,us,us6000svgt,2026-05-28T15:32:00.040Z,"88 km SSW of Unalaska, Alaska",earthquake,4.76,9.231,0.108,21,reviewed,us,us
2026-05-05T15:58:27.101Z,-3.5485,-80.6374,51.058,5.1,mwr,164,84,0.569,0.65,us,us6000svc4,2026-05-28T15:33:18.484Z,"15 km NNE of Zorritos, Peru",earthquake,7.44,5.238,0.098,10,reviewed,us,us
2026-05-05T15:38:02.993Z,-7.5963,129.7908,63.673,4.5,mb,62,98,3.056,1.11,us,us6000svbx,2026-05-28T15:17:59.040Z,"Kepulauan Babar, Indonesia",earthquake,6.97,7.547,0.079,50,reviewed,us,us
2026-05-05T15:37:43.401Z,50.4011,178.9056,10,3,ml,19,287,1.01,0.52,us,us6000sw3h,2026-05-28T15:13:56.040Z,"Rat Islands, Aleutian Islands, Alaska",earthquake,6.33,2.024,0.091,16,reviewed,us,us
2026-05-05T15:30:35.102Z,53.128,-166.353,15.2,2.6,ml,23,228,0.7,0.5,ak,aka2026iwftiw,2026-05-08T01:44:13.980Z,"83 km S of Unalaska, Alaska",earthquake,5,4.1749,0.2,18,reviewed,ak,ak
2026-05-05T15:09:37.597Z,-35.2228,78.6045,10,5.1,mww,101,31,24.458,0.37,us,us6000svbv,2026-05-28T14:33:23.040Z,"Mid-Indian Ridge",earthquake,10.14,1.779,0.11,8,reviewed,us,us
2026-05-05T14:58:57.240Z,58.129,-151.525,22.3,2.7,ml,51,156,0.7,0.6,ak,aka2026iwerxz,2026-05-28T14:29:39.040Z,"62 km ENE of Ouzinkie, Alaska",earthquake,4.5,4.2365,0.1,38,reviewed,ak,ak
2026-05-05T14:57:01.000Z,38,-122.28666666667,7.01,2.46,md,143,20,0.01248,0.16,nc,nc75357477,2026-05-14T12:32:21.806Z,"1 km ESE of Pinole, CA",earthquake,0.09,0.19,0.116,100,reviewed,nc,nc
2026-05-05T14:45:58.737Z,18.4451,145.3887,263.798,3.8,mb,35,104,4.854,0.71,us,us6000sxhm,2026-05-28T14:28:07.040Z,"Pagan region, Northern Mariana Islands",earthquake,12.92,9.124,0.095,31,reviewed,us,us
2026-05-05T14:37:26.125Z,-23.5935,-179.9993,534.153,4.3,mb,23,197,6.098,0.73,us,us6000sxhl,2026-05-28T13:45:27.040Z,"south of the Fiji Islands",earthquake,9.53,15.71,0.109,24,reviewed,us,us
2026-05-05T14:23:05.516Z,53.5817,-164.8602,35,3.2,ml,36,207,0.726,0.95,us,us6000sw3k,2026-05-28T13:35:59.040Z,"86 km SE of Akutan, Alaska",earthquake,1.78,2.013,0.077,22,reviewed,us,us
2026-05-05T13:46:52.913Z,-6.5784,130.1335,156.227,4.5,mb,51,76,2.055,1,us,us7000siex,2026-05-27T17:18:20.040Z,"Banda Sea",earthquake,7.63,6.836,0.086,42,reviewed,us,us
2026-05-05T13:24:14.310Z,-18.4548,-69.1792,124.484,4.2,mb,64,67,0.334,0.96,us,us7000siew,2026-05-27T17:13:33.040Z,"98 km NNE of Camiña, Chile",earthquake,5.74,5.045,0.075,49,reviewed,us,us
2026-05-05T12:43:22.579Z,51.4956,-176.8773,52.515,2.6,ml,30,202,0.347,0.41,us,us6000sw39,2026-05-28T11:28:13.040Z,"45 km SSW of Adak, Alaska",earthquake,4.46,12.713,0.097,14,reviewed,us,us
2026-05-05T12:31:08.403Z,-36.69,177.2096,10,4.5,mb,31,225,1.568,0.66,us,us7000sier,2026-05-27T11:22:01.040Z,"125 km ENE of Pauanui, New Zealand",earthquake,7.13,1.935,0.221,6,reviewed,us,us
2026-05-05T10:30:07.474Z,53.5478,-164.884,35,2.9,ml,33,208,0.742,0.73,us,us6000sw36,2026-05-28T11:33:52.040Z,"87 km SE of Akutan, Alaska",earthquake,4.64,2.014,0.081,20,reviewed,us,us
2026-05-05T10:27:04.617Z,28.8697,47.7122,10,4.2,mb,27,107,5.682,0.74,us,us6000sxhi,2026-05-28T13:20:26.098Z,"33 km NW of Al Wafrah, Kuwait",earthquake,8.54,1.94,0.158,11,reviewed,us,us
2026-05-05T10:25:56.506Z,53.5362,-164.8364,35,3.2,ml,41,209,0.769,1.08,us,us6000sw35,2026-05-28T11:39:12.040Z,"90 km SE of Akutan, Alaska",earthquake,4.32,2.012,0.085,18,reviewed,us,us
2026-05-05T10:12:37.710Z,53.9004,-162.5208,10,2.6,ml,23,230,1.034,0.79,us,us6000sw34,2026-05-28T11:44:24.040Z,"120 km SSE of False Pass, Alaska",earthquake,2.87,1.791,0.105,12,reviewed,us,us
2026-05-05T09:37:39.102Z,-36.5735,177.2913,10,4.5,mwr,47,185,1.689,0.54,us,us7000sie8,2026-05-27T11:47:26.040Z,"136 km ENE of Pauanui, New Zealand",earthquake,6.92,1.923,0.083,14,reviewed,us,us
2026-05-05T09:13:59.663Z,1.2452,125.8365,35,4.4,mb,22,106,7.629,0.45,us,us6000sxhh,2026-05-28T13:45:04.040Z,"81 km ESE of Bitung, Indonesia",earthquake,11.27,1.958,0.139,15,reviewed,us,us
2026-05-05T09:03:28.728Z,34.6477,25.9333,10,4.3,mb,50,173,1.069,0.59,us,us6000sxhg,2026-05-28T13:36:34.040Z,"44 km SSE of Ierápetra, Greece",earthquake,6.85,1.93,0.102,27,reviewed,us,us
2026-05-05T08:43:45.642Z,-36.639,177.3361,10,4.9,mww,38,211,1.627,0.75,us,us7000sidy,2026-05-27T08:13:47.968Z,"136 km NW of Hicks Bay, New Zealand",earthquake,6.6,1.95,0.069,20,reviewed,us,us
2026-05-05T08:31:14.597Z,-6.8678,125.0104,532.942,4.4,mb,27,59,2.962,0.86,us,us6000sxhb,2026-05-28T11:34:53.040Z,"193 km N of Likisá, Timor Leste",earthquake,13.27,5.648,0.138,16,reviewed,us,us
2026-05-05T08:00:43.173Z,-36.6471,177.2131,10,5.8,mww,69,63,1.611,0.93,us,us7000sidq,2026-05-27T08:11:58.518Z,"126 km ENE of Pauanui, New Zealand",earthquake,6.91,1.794,0.041,56,reviewed,us,us
2026-05-05T07:21:13.275Z,34.8854,25.946,10,4.4,mb,56,60,0.955,0.92,us,us7000sidc,2026-05-27T07:40:27.040Z,"23 km SE of Ierápetra, Greece",earthquake,6.06,1.898,0.103,27,reviewed,us,us
2026-05-05T07:16:32.484Z,1.2799,126.4461,35,4.5,mb,38,105,5.816,1.01,us,us7000side,2026-05-28T09:11:06.040Z,"117 km WNW of Ternate, Indonesia",earthquake,7.89,1.867,0.118,25,reviewed,us,us
2026-05-05T07:10:07.806Z,-24.0296,179.9727,527.623,4.4,mb,25,233,5.523,0.56,us,us6000sxh6,2026-05-28T08:42:27.040Z,"south of the Fiji Islands",earthquake,16.36,17.358,0.12,20,reviewed,us,us
2026-05-05T06:58:53.785Z,24.5382,123.6399,40.37,4.4,mb,43,89,0.577,0.89,us,us6000sxh4,2026-05-26T12:47:35.040Z,"56 km WNW of Ishigaki, Japan",earthquake,7.29,8.08,0.103,27,reviewed,us,us
2026-05-05T06:56:41.781Z,54.5668,-161.6622,35,3.1,ml,44,209,0.558,0.98,us,us6000sw17,2026-05-25T11:59:42.040Z,"69 km SE of King Cove, Alaska",earthquake,3.89,1.999,0.074,24,reviewed,us,us
2026-05-05T06:44:49.944Z,-10.0638,119.3249,22,5.8,mww,106,39,1.96,0.96,us,us7000sicu,2026-05-26T18:13:58.478Z,"70 km S of Tambolaka, Indonesia",earthquake,8.7,1.79,0.065,23,reviewed,us,us
2026-05-05T06:42:12.889Z,-36.7802,177.2581,10,4.4,mb,22,124,1.692,0.67,us,us7000sics,2026-05-26T13:35:04.040Z,"126 km ENE of Pauanui, New Zealand",earthquake,9.1,1.957,0.202,7,reviewed,us,us
2026-05-05T06:42:11.405Z,51.5718,179.3871,73.722,2.8,ml,15,112,0.201,0.41,us,us6000sw2z,2026-05-25T12:17:42.040Z,"276 km W of Adak, Alaska",earthquake,8.04,6.426,0.097,14,reviewed,us,us
2026-05-05T06:40:43.856Z,38.5553,-116.3529,0.003,2.56,ml,8,238,1.13,0.2201,nn,nn00917706,2026-05-05T06:43:22.779Z,"93 km NE of Tonopah, Nevada",earthquake,,5.2704,0,1,automatic,nn,nn
2026-05-05T06:05:42.535Z,59.416,-152.841,79.7,2.6,ml,100,82,0.3,0.6,ak,aka2026ivmxnt,2026-05-26T13:25:14.040Z,"52 km W of Nanwalek, Alaska",earthquake,2.6,1.6296,0.3,73,reviewed,ak,ak
2026-05-05T05:01:05.817Z,-10.4152,119.1325,23.135,4.2,mb,16,143,2.068,0.99,us,us6000sxh3,2026-05-26T12:40:42.040Z,"109 km S of Tambolaka, Indonesia",earthquake,9.25,6.317,0.159,11,reviewed,us,us
2026-05-05T04:57:57.903Z,-10.3839,119.1739,35,4.4,mb,25,102,2.071,0.59,us,us7000sic3,2026-05-28T04:35:24.040Z,"105 km S of Tambolaka, Indonesia",earthquake,8.26,1.006,0.126,18,reviewed,us,us
2026-05-05T04:44:08.362Z,54.452,-160.469,17.5,2.7,ml,13,272,1.1,0.4,ak,aka2026ivkeuz,2026-05-07T19:59:50.809Z,"98 km S of Sand Point, Alaska",earthquake,12.6,10.8822,0.1,10,reviewed,ak,ak
2026-05-05T04:23:27.200Z,36.601666666667,-121.21116666667,6.03,2.67,md,71,99,0.03639,0.11,nc,nc75357202,2026-05-28T04:23:50.040Z,"10 km NW of Pinnacles, CA",earthquake,0.16,0.33,0.116,119,reviewed,nc,nc
2026-05-05T04:20:44.270Z,17.947333333333,-66.958,9.59,3.02,md,20,205,0.07986,0.11,pr,pr71515688,2026-05-05T04:47:57.580Z,"5 km WSW of Guánica, Puerto Rico",earthquake,0.39,0.36,0.082822991732808,14,reviewed,pr,pr
2026-05-05T04:13:45.979Z,38.449,-116.514,6.0672,2.91,ml,8,198,0.224,0.1029,nn,nn00917675,2026-05-28T04:14:10.040Z,"75 km NE of Tonopah, Nevada",earthquake,,2.8694,0.2,5,reviewed,nn,nn
2026-05-05T04:10:49.225Z,25.3328,96.5593,10,4.5,mb,62,78,4.377,0.48,us,us7000sibr,2026-05-28T04:09:55.040Z,"84 km W of Myitkyina, Burma (Myanmar)",earthquake,9.04,1.896,0.081,45,reviewed,us,us
2026-05-05T04:10:19.520Z,18.5825,-64.754666666667,24.21,2.61,md,4,223,0.2058,0.06,pr,pr71515683,2026-05-06T03:26:21.671Z,"28 km N of Cruz Bay, U.S. Virgin Islands",earthquake,4.37,5.13,0.07690412314709,4,reviewed,pr,pr
2026-05-05T04:08:40.669Z,-23.0278,-179.9018,559.334,4.4,mb,45,122,5.595,0.69,us,us7000sibq,2026-05-28T03:57:22.040Z,"south of the Fiji Islands",earthquake,13.88,8.346,0.086,39,reviewed,us,us
2026-05-05T03:32:55.796Z,1.3299,126.6506,35,4.5,mb,33,101,5.801,0.53,us,us7000sibh,2026-05-28T03:50:51.040Z,"101 km NW of Ternate, Indonesia",earthquake,10.59,1.903,0.102,28,reviewed,us,us
2026-05-05T03:04:12.160Z,51.5503,-174.1034,1.412,3.1,ml,13,275,0.655,0.4,us,us6000sw0w,2026-05-28T03:35:04.040Z,"72 km S of Atka, Alaska",earthquake,4.08,11.464,0.128,8,reviewed,us,us
2026-05-05T02:50:38.792Z,38.454,-116.5068,5.669,3.38,ml,7,197,0.227,0.1038,nn,nn00917650,2026-05-29T03:06:55.950Z,"76 km NE of Tonopah, Nevada",earthquake,,2.6274,0.16,3,reviewed,nn,nn
2026-05-05T02:49:11.109Z,38.4428,-116.5057,5.306,2.9,ml,6,219,0.216,0.1528,nn,nn00917649,2026-05-29T03:05:46.273Z,"75 km ENE of Tonopah, Nevada",earthquake,,2.9867,0.05,2,reviewed,nn,nn
2026-05-05T02:47:42.337Z,38.4557,-116.5227,5.8507,2.81,ml,10,196,0.232,0.1427,nn,nn00917645,2026-05-28T02:58:23.040Z,"75 km NE of Tonopah, Nevada",earthquake,,2.1375,0.22,5,reviewed,nn,nn
2026-05-05T02:43:09.112Z,38.4477,-116.5233,0,2.89,ml,8,196,0.225,0.3703,nn,nn00917641,2026-05-29T03:02:02.688Z,"74 km NE of Tonopah, Nevada",earthquake,,0,0.07,3,reviewed,nn,nn
2026-05-05T02:39:52.449Z,38.4568,-116.5006,10,4.47,mwr,7,183,0.229,0.1954,nn,nn00917635,2026-05-30T02:49:55.110Z,"77 km NE of Tonopah, Nevada",earthquake,,6.2568,,,reviewed,nn,nn
2026-05-05T02:38:50.761Z,-6.3609,130.1036,160.922,5,mww,142,17,1.837,0.47,us,us7000siat,2026-05-28T01:31:59.040Z,"Banda Sea",earthquake,2.55,4.694,0.089,12,reviewed,us,us
2026-05-05T02:38:45.825Z,53.4439,-165.5159,43.613,4.7,mwr,161,159,0.676,0.68,us,us7000siar,2026-05-27T05:09:10.040Z,"78 km SSE of Akutan, Alaska",earthquake,4.39,5.831,0.062,25,reviewed,us,us
2026-05-05T02:25:16.839Z,42.3904,-126.0315,10,2.5,ml,34,236,1.25,0.46,us,us7000siam,2026-05-27T04:16:12.040Z,"132 km WSW of Port Orford, Oregon",earthquake,6.71,2.014,0.042,74,reviewed,us,us
2026-05-05T02:13:21.746Z,-17.4696,-178.8312,557.515,4.2,mb,22,167,2.984,0.61,us,us6000sxgx,2026-05-27T04:10:30.040Z,"207 km ENE of Levuka, Fiji",earthquake,18.43,9.388,0.132,16,reviewed,us,us
2026-05-05T02:01:18.625Z,47.9105,156.0723,10,4.6,mb,71,138,5.306,0.57,us,us7000siaj,2026-05-27T03:58:25.040Z,"east of the Kuril Islands",earthquake,12.21,1.916,0.073,56,reviewed,us,us
2026-05-05T01:57:39.796Z,51.923,176.2166,10,3.9,mb,61,178,1.421,0.77,us,us7000sibz,2026-05-27T03:42:22.040Z,"230 km ESE of Attu Station, Alaska",earthquake,7.38,1.956,0.082,39,reviewed,us,us
2026-05-05T01:29:46.372Z,-7.5997,129.1738,91.331,4.2,mb,33,64,3.142,0.62,us,us7000siab,2026-05-27T03:29:04.040Z,"260 km ENE of Lospalos, Timor Leste",earthquake,8.62,7.806,0.112,22,reviewed,us,us
2026-05-05T00:35:51.520Z,45.7688,18.8936,10,4,mb,60,22,1.844,0.89,us,us7000sia3,2026-05-26T23:05:25.040Z,"9 km WNW of Kupusina, Serbia",earthquake,4.94,1.908,0.15,12,reviewed,us,us
2026-05-05T00:35:47.887Z,54.4664,-159.6419,35,2.5,ml,30,247,1.457,0.55,us,us6000sw0t,2026-05-14T00:47:33.040Z,"111 km SSE of Sand Point, Alaska",earthquake,6.33,2.022,0.128,8,reviewed,us,us
2026-05-05T00:34:49.985Z,60.324,-139.398,1.2,3,ml,14,98,0.7,0.5,ak,aka2026ivbwse,2026-05-27T03:12:14.040Z,"88 km NNE of Yakutat, Alaska",earthquake,4.2,3.1816,0.1,11,reviewed,ak,ak
2026-05-05T00:16:51.628Z,-25.9562,130.7032,10,4.5,mb,16,116,3.695,0.52,us,us7000si9y,2026-05-26T23:01:52.040Z,"84 km SSW of Yulara, Australia",earthquake,6.53,1.8,0.164,11,reviewed,us,us
2026-05-05T00:08:11.341Z,-21.7064,-67.1036,248.109,4.4,mb,19,120,1.59,0.48,us,us7000si9v,2026-05-26T22:57:05.040Z,"125 km SW of Atocha, Bolivia",earthquake,12.6,12.394,0.189,8,reviewed,us,us
2026-05-05T00:04:28.739Z,62.986,-150.302,92.4,2.7,ml,90,46,0.5,0.7,ak,aka2026ivawiz,2026-05-14T00:33:46.040Z,"59 km NNE of Petersville, Alaska",earthquake,2.1,2.3603,0.3,60,reviewed,ak,ak
2026-05-04T23:54:07.597Z,39.9553,143.0788,40.128,5.2,mww,120,40,1.75,0.64,us,us7000si9t,2026-05-26T22:48:01.040Z,"103 km ENE of Miyako, Japan",earthquake,5.61,4.68,0.086,13,reviewed,us,us
2026-05-04T23:49:41.887Z,-11.6307,117.9094,10,4,mb,16,121,2.789,0.96,us,us6000sxgj,2026-05-14T00:11:49.040Z,"283 km SSW of Tambolaka, Indonesia",earthquake,9.99,1.931,0.164,10,reviewed,us,us
2026-05-04T23:20:24.590Z,19.6896,-64.5321,8,3.54,md,16,295,1.2061,0.46,pr,pr2026124000,2026-05-05T01:55:50.040Z,"152 km N of Cruz Bay, U.S. Virgin Islands",earthquake,10.64,15.56,0.14,9,reviewed,pr,pr
2026-05-04T23:12:08.328Z,31.168,-103.003,5.5872,3.1,ml,22,76,0,0.2,tx,tx2026itolhm,2026-05-14T00:06:37.040Z,"10 km SE of Coyanosa, Texas",earthquake,1.0272534381067,1.3644539895882,0.2,25,reviewed,tx,tx
2026-05-04T22:58:52.777Z,-6.5631,129.8923,153.631,4.5,mb,13,98,4.315,0.24,us,us6000sxgi,2026-05-13T23:43:35.040Z,"Banda Sea",earthquake,9.88,9.045,0.172,10,reviewed,us,us
2026-05-04T22:49:07.582Z,54.04,-164.314,69,2.5,ml,19,215,0.5,0.4,ak,aka2026iuyjaf,2026-05-05T22:41:16.383Z,"96 km E of Akutan, Alaska",earthquake,22.6,11.1355,0.1,14,reviewed,ak,ak
2026-05-04T22:29:46.870Z,-15.6861,-174.8116,300.155,4.3,mb,24,119,3.421,0.53,us,us6000sxgh,2026-05-13T23:24:05.040Z,"112 km WNW of Hihifo, Tonga",earthquake,10.15,10.209,0.122,19,reviewed,us,us
2026-05-04T22:14:40.018Z,-8.0922,107.8336,56.664,4.3,mb,18,118,0.652,0.92,us,us6000sxgf,2026-05-13T23:06:39.040Z,"87 km SSW of Singaparna, Indonesia",earthquake,7.8,7.268,0.138,15,reviewed,us,us
2026-05-04T22:06:51.622Z,-2.0681,138.9247,35,4.4,mb,26,77,1.831,0.71,us,us6000sxgg,2026-05-13T22:47:49.040Z,"198 km WNW of Abepura, Indonesia",earthquake,8.04,1.617,0.123,19,reviewed,us,us
2026-05-04T21:42:01.027Z,39.8746,143.3624,19.52,4.8,mb,62,110,1.98,0.63,us,us7000si98,2026-05-26T22:24:53.040Z,"124 km ENE of Miyako, Japan",earthquake,7.04,4.315,0.058,91,reviewed,us,us
2026-05-04T21:32:00.840Z,42.0715,-83.4652,6.811,2.7,mb_lg,31,45,0.27,0.67,us,us7000si8z,2026-05-28T02:21:20.517Z,"6 km WNW of Carleton, Michigan",earthquake,3.05,3.453,0.066,59,reviewed,us,us
2026-05-04T21:31:44.491Z,-21.7043,-179.32,578.513,4.3,mb,28,110,9.189,0.55,us,us6000sxge,2026-05-26T22:04:31.040Z,"Fiji region",earthquake,12.4,13.698,0.108,24,reviewed,us,us
2026-05-04T21:11:26.002Z,52.0842,176.3211,43.222,4.3,mb,68,162,1.396,0.83,us,us7000si8v,2026-05-13T21:45:48.040Z,"229 km ESE of Attu Station, Alaska",earthquake,8.51,8.076,0.067,62,reviewed,us,us
2026-05-04T20:57:58.724Z,56.2036,-149.6835,10,3.1,ml,40,212,2.242,0.5,us,us6000svga,2026-05-07T16:45:32.040Z,"222 km SE of Chiniak, Alaska",earthquake,6.73,1.992,0.057,40,reviewed,us,us
2026-05-04T20:52:23.538Z,32.096,-102.087,8.667,2.5,ml,85,47,0,0.1,tx,tx2026itjvis,2026-05-05T14:38:09.040Z,"10 km N of Midland, Texas",earthquake,0.22207073937341,0.40575426174656,0.2,43,reviewed,tx,tx
2026-05-04T20:39:33.292Z,28.3447,54.1781,10,4.5,mb,87,57,3.84,0.75,us,us7000si8q,2026-05-17T15:24:54.234Z,"57 km SW of Dārāb, Iran",earthquake,8.52,1.873,0.059,83,reviewed,us,us
2026-05-04T19:45:29.183Z,-27.0624,-71.0221,30.443,4,mwr,26,143,0.159,1.22,us,us7000si88,2026-05-14T16:00:51.040Z,"76 km WNW of Copiapó, Chile",earthquake,3.85,5.706,0.048,42,reviewed,us,us
2026-05-04T19:42:19.802Z,59.873,-152.521,92.6,2.6,ml,88,61,0.3,0.8,ak,aka2026iusdbg,2026-05-17T15:20:13.040Z,"40 km WNW of Anchor Point, Alaska",earthquake,2.4,1.7799,0.2,65,reviewed,ak,ak
2026-05-04T19:14:25.180Z,51.7585,176.1302,10,4.5,mb,74,193,1.522,0.74,us,us7000si80,2026-05-17T15:16:40.040Z,"234 km ESE of Attu Station, Alaska",earthquake,7.15,1.952,0.059,84,reviewed,us,us
2026-05-04T17:59:15.276Z,51.3892,-175.4093,35,2.6,ml,12,229,0.679,0.57,us,us6000svg0,2026-05-07T16:41:20.040Z,"100 km ESE of Adak, Alaska",earthquake,5.83,2.017,0.128,8,reviewed,us,us
2026-05-04T17:38:27.636Z,-4.623,153.4628,80.036,4.5,mb,38,130,1.364,0.7,us,us7000si7l,2026-05-17T15:07:31.040Z,"136 km ESE of Kokopo, Papua New Guinea",earthquake,10.98,6.658,0.096,32,reviewed,us,us
2026-05-04T17:29:01.297Z,53.697,-164.1055,35,3.5,mb,28,204,0.876,1.03,us,us7000si7h,2026-05-17T15:04:47.040Z,"120 km ESE of Akutan, Alaska",earthquake,6.16,2.01,0.137,13,reviewed,us,us
2026-05-04T17:25:09.306Z,51.5732,179.7468,73.757,3.2,ml,21,144,0.335,0.52,us,us6000svfk,2026-05-07T16:33:01.040Z,"252 km W of Adak, Alaska",earthquake,10.91,10.32,0.091,16,reviewed,us,us
2026-05-04T17:25:05.260Z,36.691,-121.31666666667,2.52,2.45,md,65,82,0.02907,0.13,nc,nc75356897,2026-05-17T15:02:56.040Z,"11 km S of Tres Pinos, CA",earthquake,0.17,0.37,0.22,78,reviewed,nc,nc
2026-05-04T17:16:27.820Z,51.8735,179.7571,164.765,3.3,ml,17,114,0.056,0.49,us,us6000svfy,2026-05-07T16:36:06.040Z,"248 km W of Adak, Alaska",earthquake,8.89,4.333,0.097,14,reviewed,us,us
2026-05-04T16:47:47.029Z,30.6178,60.1214,10,4.8,mb,60,92,6.63,1.29,us,us7000si6f,2026-05-14T20:28:22.040Z,"80 km N of Noşratābād, Iran",earthquake,8.76,1.887,0.067,68,reviewed,us,us
2026-05-04T16:45:08.865Z,54.5828,-162.4841,58.916,2.6,ml,14,217,0.4,0.29,us,us6000svfw,2026-05-24T14:19:58.040Z,"54 km S of King Cove, Alaska",earthquake,5.15,5.026,0.115,10,reviewed,us,us
2026-05-04T16:30:25.007Z,51.309,-175.296,23.8,2.7,ml,13,252,0.8,0.3,ak,aka2026iulsqx,2026-05-05T22:04:33.107Z,"112 km SE of Adak, Alaska",earthquake,11.1,5.0486,0.1,9,reviewed,ak,ak
2026-05-04T16:30:05.920Z,39.2685,-119.1116,7.2747,2.45,ml,21,91,0.058,0.161,nn,nn00917611,2026-05-10T19:24:26.040Z,"19 km SSE of Silver Springs, Nevada",earthquake,,1.3401,0.35,14,reviewed,nn,nn
2026-05-04T16:27:48.404Z,51.4174,-175.4223,35,3.3,ml,17,208,0.65,0.86,us,us6000svfm,2026-05-24T14:18:25.040Z,"98 km ESE of Adak, Alaska",earthquake,4.87,2.014,0.105,12,reviewed,us,us
2026-05-04T16:14:43.456Z,59.176,-153.598,111.7,2.6,ml,99,59,0.2,0.7,ak,aka2026iulfdm,2026-05-24T14:17:24.040Z,"66 km SE of Pope-Vannoy Landing, Alaska",earthquake,3.1,1.4459,0.3,73,reviewed,ak,ak
2026-05-04T16:03:03.665Z,29.5951,102.0832,10,4.6,mb,63,116,6.468,0.95,us,us7000si5h,2026-05-14T20:19:55.040Z,"46 km SSE of Kangding, China",earthquake,10.13,1.892,0.073,59,reviewed,us,us
2026-05-04T15:54:52.042Z,54.1882,-162.8624,35,2.9,ml,22,207,0.688,0.99,us,us6000svhf,2026-05-10T19:21:48.040Z,"82 km SSE of False Pass, Alaska",earthquake,4.59,2.012,0.081,20,reviewed,us,us
2026-05-04T15:50:57.650Z,18.258166666667,-66.8465,13.25,2.71,md,31,65,0.1184,0.24,pr,pr71515628,2026-05-14T20:08:55.040Z,"5 km SE of Lares, Puerto Rico",earthquake,0.28,0.37,0.11895543066389,13,reviewed,pr,pr
2026-05-04T15:30:01.993Z,16.5031,-98.0645,35,4.5,mb,30,248,1.158,0.89,us,us6000sxga,2026-05-14T20:12:47.155Z,"4 km S of San Antonio Tepetlapa, Mexico",earthquake,10.59,2.007,0.104,27,reviewed,us,us
2026-05-04T15:19:24.589Z,16.4698,-98.0183,18,5.5,mww,87,79,1.207,0.84,us,us7000si51,2026-05-14T20:00:20.532Z,"0 km SW of San Juan Jicayán, Mexico",earthquake,9.11,1.771,0.051,37,reviewed,us,us
2026-05-04T15:13:48.480Z,40.903,-124.26833333333,18.42,2.62,md,40,177,0.147,0.1,nc,nc75356772,2026-05-10T19:19:00.040Z,"15 km WSW of McKinleyville, CA",earthquake,0.44,0.24,0.123,31,reviewed,nc,nc
2026-05-04T15:06:43.902Z,51.284,-175.424,12.9,2.5,ml,8,325,0.8,0.1,ak,aka2026iuiycr,2026-05-06T00:58:56.183Z,"106 km SE of Adak, Alaska",earthquake,19.3,8.2339,0.1,6,reviewed,ak,ak
2026-05-04T15:03:00.555Z,29.5089,102.1086,10,4.8,mb,42,54,6.458,0.77,us,us7000si54,2026-05-14T19:32:07.040Z,"56 km SSE of Kangding, China",earthquake,5.11,1.887,0.097,34,reviewed,us,us
2026-05-04T14:15:54.476Z,23.5812,126.1596,10,4.2,mb,23,144,3.011,0.92,us,us7000si55,2026-05-14T19:34:21.040Z,"159 km SSE of Miyakojima, Japan",earthquake,8.33,1.941,0.176,9,reviewed,us,us
2026-05-04T14:04:12.268Z,5.3975,123.5227,556.564,4.3,mb,88,55,2.634,0.77,us,us7000si4w,2026-05-14T19:28:07.040Z,"116 km SW of Palimbang, Philippines",earthquake,10.99,7.861,0.065,66,reviewed,us,us
2026-05-04T13:52:25.761Z,51.4443,-179.9722,63.015,3,ml,18,181,0.459,0.35,us,us6000svha,2026-05-14T19:21:42.040Z,"235 km WSW of Adak, Alaska",earthquake,3.84,6.872,0.085,18,reviewed,us,us
2026-05-04T13:50:43.819Z,11.5618,-86.9192,45.775,4.5,mb,76,164,1.709,0.82,us,us7000si4v,2026-05-14T16:59:04.040Z,"50 km WSW of Masachapa, Nicaragua",earthquake,11.85,8.124,0.043,155,reviewed,us,us
2026-05-04T13:09:32.203Z,51.9325,176.2467,37.127,3.9,mb,51,196,1.437,0.59,us,us7000si7k,2026-05-14T16:53:49.040Z,"231 km ESE of Attu Station, Alaska",earthquake,9.67,12.226,0.083,38,reviewed,us,us
2026-05-04T12:51:22.919Z,40.1801,143.4677,35,4.1,mb,55,126,1.848,0.78,us,us6000sxg6,2026-05-26T12:26:02.040Z,"140 km E of Noda, Japan",earthquake,7.01,1.911,0.084,39,reviewed,us,us
2026-05-04T11:47:29.877Z,30.0681,102.814,10,4.2,mb,26,133,5.788,0.87,us,us6000sxg5,2026-05-26T12:17:56.040Z,"20 km WNW of Ya'an, China",earthquake,12.92,1.93,0.128,17,reviewed,us,us
2026-05-04T11:27:53.299Z,51.011,-177.999,3.7,2.7,ml,14,277,0.8,0.4,ak,aka2026iubqja,2026-05-06T00:37:30.881Z,"134 km SW of Adak, Alaska",earthquake,7.4,4.1709,0.1,12,reviewed,ak,ak
2026-05-04T11:17:19.117Z,51.8195,-173.1283,35,3,ml,16,207,0.753,0.67,us,us6000svgn,2026-05-24T13:52:14.040Z,"84 km ESE of Atka, Alaska",earthquake,6.61,2.016,0.128,8,reviewed,us,us
2026-05-04T10:55:11.212Z,64.472,-146.948,3.9,2.8,ml,45,40,0.1,0.5,ak,aka2026iuanzr,2026-05-05T23:14:38.660Z,"6 km SSW of Salcha, Alaska",earthquake,2.2,1.7318,0.1,34,reviewed,ak,ak
2026-05-04T10:54:28.965Z,64.47,-146.949,5.2,2.9,ml,20,45,0.1,0.5,ak,aka2026iuanjs,2026-05-05T23:04:49.209Z,"6 km SSW of Salcha, Alaska",earthquake,2.5,1.9368,0.1,15,reviewed,ak,ak
2026-05-04T10:37:41.417Z,63.218,-148.544,80.2,2.9,ml,126,18,0.2,0.8,ak,aka2026itzyuz,2026-05-27T07:28:25.040Z,"28 km SE of Cantwell, Alaska",earthquake,1.9,2.5189,0.2,89,reviewed,ak,ak
2026-05-04T10:37:36.063Z,53.8128,-164.6164,35,3,ml,27,201,0.661,0.5,us,us6000svgf,2026-05-22T06:40:35.040Z,"84 km ESE of Akutan, Alaska",earthquake,5.5,5.987,0.085,18,reviewed,us,us
2026-05-04T10:02:29.077Z,46.7345,152.867,35,4.6,mb,58,93,7.1,0.87,us,us7000si47,2026-05-04T14:06:23.040Z,"Kuril Islands",earthquake,9.97,1.911,0.047,136,reviewed,us,us
2026-05-04T09:59:35.975Z,28.852,-99.033,7.7876,2.6,ml,22,82,0.1,0.3,tx,tx2026isoezd,2026-05-05T07:53:14.040Z,"7 km SE of Pearsall, Texas",earthquake,1.8805905968178,0.86825062361693,0.1,15,reviewed,tx,tx
2026-05-04T09:27:24.741Z,-23.7882,-13.3991,10,4.7,mb,37,63,10.603,0.9,us,us6000svkh,2026-05-28T08:13:45.040Z,"southern Mid-Atlantic Ridge",earthquake,4.59,1.865,0.096,33,reviewed,us,us
2026-05-04T09:06:20.389Z,-29.4719,-68.0272,10,4.6,mb,32,70,1.867,0.94,us,us7000si40,2026-05-28T06:09:19.040Z,"61 km WSW of Chilecito, Argentina",earthquake,5.23,1.926,0.207,7,reviewed,us,us
2026-05-04T08:37:15.604Z,39.2696,-119.106,7.4229,2.51,ml,27,89,0.054,0.1438,nn,nn00917567,2026-05-05T07:34:49.040Z,"19 km SSE of Silver Springs, Nevada",earthquake,,0.9852,0.27,15,reviewed,nn,nn
2026-05-04T08:22:01.592Z,-26.9994,-71.2877,17.389,4.7,mwr,66,139,0.403,0.63,us,us7000si3t,2026-05-28T11:10:35.040Z,"103 km WNW of Copiapó, Chile",earthquake,4.02,3.977,0.061,26,reviewed,us,us
2026-05-04T08:21:51.437Z,36.6464,-106.8487,9.5,2.6,ml,27,76,1.098,1.13,us,us7000si3s,2026-05-05T06:35:29.040Z,"26 km WSW of Los Ojos, New Mexico",earthquake,3.67,7.799,0.045,64,reviewed,us,us
2026-05-04T07:57:59.903Z,55.353,-156.817,10,2.5,ml,9,320,1.4,0.5,ak,aka2026ituqgt,2026-05-04T21:49:16.341Z,"144 km SE of Chignik, Alaska",earthquake,11.8,0,0.1,7,reviewed,ak,ak
2026-05-04T07:37:09.724Z,42.8009,142.6282,99.085,4.4,mb,107,94,0.878,0.51,us,us6000sxg0,2026-05-28T11:59:22.040Z,"28 km SE of Shimukappu, Japan",earthquake,6.61,6.485,0.054,99,reviewed,us,us
2026-05-04T07:14:31.715Z,61.323,-152.441,133.5,2.5,ml,82,63,0.1,0.7,ak,aka2026itteru,2026-05-04T21:43:13.120Z,"75 km WNW of Tyonek, Alaska",earthquake,2.7,1.7057,0.4,56,reviewed,ak,ak
2026-05-04T06:59:22.076Z,24.6926,121.8648,10,4.4,mb,42,67,0.436,0.32,us,us7000si3h,2026-05-27T15:26:09.040Z,"13 km ESE of Yilan, Taiwan",earthquake,9.06,1.883,0.096,31,reviewed,us,us
2026-05-04T06:41:06.686Z,-4.2366,152.7379,67.58,4.7,mb,40,95,0.574,0.62,us,us7000si3e,2026-05-28T07:08:47.040Z,"53 km ENE of Kokopo, Papua New Guinea",earthquake,10.58,6.9,0.093,35,reviewed,us,us
2026-05-04T06:09:47.173Z,11.7423,125.3411,43,6,mww,306,13,4.649,0.52,us,us7000si2z,2026-05-28T08:31:59.721Z,"8 km WSW of Nena, Philippines",earthquake,7.98,1.85,0.052,36,reviewed,us,us
2026-05-04T06:01:17.279Z,51.1415,151.8629,396.067,4,mb,36,136,4.1,0.56,us,us6000sxfx,2026-05-28T13:11:23.040Z,"Sea of Okhotsk",earthquake,14.01,9.444,0.119,19,reviewed,us,us
2026-05-04T05:55:42.308Z,38.6216,73.7438,106.076,4.5,mb,101,39,1.035,0.54,us,us7000si2w,2026-05-28T08:37:19.040Z,"53 km NNW of Murghob, Tajikistan",earthquake,6.33,6.344,0.059,86,reviewed,us,us
2026-05-04T05:54:59.776Z,64.486,-146.954,1.6,3.2,ml,103,25,0.1,1,ak,aka2026itqnsh,2026-05-27T10:49:31.040Z,"4 km SSW of Salcha, Alaska",earthquake,1.9,1.4884,0.2,72,reviewed,ak,ak
2026-05-04T05:42:39.479Z,-32.7235,-178.6234,35,4.5,mb,12,170,3.518,0.73,us,us6000sxfw,2026-05-28T12:30:33.040Z,"south of the Kermadec Islands",earthquake,12.11,1.993,0.191,8,reviewed,us,us
2026-05-04T05:11:08.264Z,51.336,-176.033,19.4,2.5,ml,17,248,0.6,0.3,ak,aka2026itpbrn,2026-05-04T20:06:23.913Z,"72 km SE of Adak, Alaska",earthquake,8,5.232,0.2,12,reviewed,ak,ak
2026-05-04T04:29:21.193Z,52.212,176.3524,10,3.7,mb,27,191,1.393,0.81,us,us6000sxfv,2026-05-27T02:25:34.040Z,"226 km ESE of Attu Station, Alaska",earthquake,8.46,1.883,0.122,17,reviewed,us,us
2026-05-04T04:28:52.780Z,52.1951,176.3687,10,3.5,mb,22,178,1.38,0.78,us,us7000snse,2026-05-27T02:31:22.040Z,"227 km ESE of Attu Station, Alaska",earthquake,9.54,1.982,0.137,13,reviewed,us,us
2026-05-04T04:07:15.486Z,50.3421,-175.0103,10,3,ml,16,286,1.744,1.01,us,us7000si8c,2026-05-27T02:16:45.040Z,"204 km SSE of Adak, Alaska",earthquake,5,2.024,0.115,10,reviewed,us,us
2026-05-04T04:00:57.013Z,53.006,-166.539,29.8,2.6,ml,30,227,0.8,0.5,ak,aka2026itmszy,2026-05-04T19:52:35.004Z,"96 km S of Unalaska, Alaska",earthquake,6.4,3.4439,0.1,23,reviewed,ak,ak
2026-05-04T03:58:51.590Z,-18.6961,-175.5269,203.111,4.3,mb,29,85,5.315,0.45,us,us7000si2g,2026-05-27T02:01:22.040Z,"162 km W of Neiafu, Tonga",earthquake,14.51,8.178,0.109,24,reviewed,us,us
2026-05-04T03:37:08.558Z,3.0874,126.507,52.712,4.7,mb,66,90,4.062,1.28,us,us7000si2c,2026-05-27T01:53:21.040Z,"224 km NW of Tobelo, Indonesia",earthquake,11.57,7.208,0.075,54,reviewed,us,us
2026-05-04T03:12:04.169Z,39.281,-119.1003,4,3.63,mwr,27,60,0.055,0.183,nn,nn00917529,2026-05-27T01:27:41.044Z,"18 km SE of Silver Springs, Nevada",earthquake,,1.1878,,,reviewed,nn,nn
2026-05-04T03:08:14.344Z,52.2318,176.385,10,4.2,mb,65,176,1.34,0.69,us,us7000si2a,2026-05-27T00:47:07.040Z,"227 km ESE of Attu Station, Alaska",earthquake,6.82,1.922,0.077,47,reviewed,us,us
2026-05-04T03:04:57.645Z,52.163,176.3678,10,3.9,mb,38,180,1.376,0.71,us,us6000sxfs,2026-05-27T00:35:08.040Z,"229 km ESE of Attu Station, Alaska",earthquake,7.03,1.944,0.099,27,reviewed,us,us
2026-05-04T02:59:02.114Z,52.4665,176.5471,10,3.6,ml,6,175,1.346,0.69,us,us6000sxfr,2026-05-15T23:01:27.040Z,"231 km ESE of Attu Station, Alaska",earthquake,5.79,1.987,0.105,12,reviewed,us,us
2026-05-04T01:30:56.240Z,53.0271,161.2551,10,4.2,mb,36,133,2.147,0.56,us,us6000sxfq,2026-05-15T23:52:37.040Z,"176 km E of Petropavlovsk-Kamchatsky, Russia",earthquake,11.54,1.918,0.106,25,reviewed,us,us
2026-05-04T01:21:51.490Z,18.556,-66.9745,82.3,3.33,md,22,209,0.08535,0.22,pr,pr71515558,2026-05-04T02:06:57.680Z,"8 km NE of Isabela, Puerto Rico",earthquake,0.95,0.63,0.12745816020477,16,reviewed,pr,pr
2026-05-04T01:07:49.985Z,39.8076,143.1626,30.404,4.2,mb,14,172,1.88,0.38,us,us6000sxfn,2026-05-16T03:54:31.040Z,"106 km E of Miyako, Japan",earthquake,8.48,5.162,0.237,5,reviewed,us,us
2026-05-04T01:05:12.089Z,24.5967,121.8578,10,4.3,mb,16,105,0.445,0.71,us,us6000sxfp,2026-05-16T00:43:50.040Z,"20 km SSE of Yilan, Taiwan",earthquake,1.64,1.929,0.217,6,reviewed,us,us
2026-05-04T00:43:31.135Z,51.5617,178.7932,69.472,3,ml,20,219,0.367,0.39,us,us7000si7y,2026-05-04T22:42:17.040Z,"Rat Islands, Aleutian Islands, Alaska",earthquake,21.29,24.055,0.105,12,reviewed,us,us
2026-05-04T00:33:51.498Z,39.3381,-119.0187,7,3.32,mwr,34,55,0.07,0.1684,nn,nn00917520,2026-05-05T00:53:01.069Z,"19 km ESE of Silver Springs, Nevada",earthquake,,0.9528,,,reviewed,nn,nn
2026-05-04T00:00:17.930Z,37.911166666667,-112.22566666667,8.31,3.05,ml,26,64,0.1342,0.22,uu,uu80138736,2026-05-05T00:21:29.970Z,"20 km ENE of Panguitch, Utah",earthquake,0.39,0.92,0.2365916178794,23,reviewed,uu,uu
2026-05-03T23:48:09.122Z,-12.1905,41.1086,10,4.2,mb,13,118,4.075,0.54,us,us6000sx6d,2026-05-26T21:51:26.040Z,"107 km NE of Pemba, Mozambique",earthquake,11.93,1.95,0.186,8,reviewed,us,us
2026-05-03T23:42:50.950Z,32.234833333333,-115.2675,14.9,2.53,ml,21,95,0.09578,0.25,ci,ci41240743,2026-05-04T16:51:31.474Z,"9 km W of Alberto Oviedo Mota, B.C., MX",earthquake,0.36,0.67,0.14035446991593,16,reviewed,ci,ci
2026-05-03T23:30:40.055Z,49.3754,93.5749,10,4.3,mb,47,139,7.112,0.74,us,us7000si19,2026-05-26T21:47:22.040Z,"128 km ESE of Ulaangom, Mongolia",earthquake,10.75,1.955,0.081,43,reviewed,us,us
2026-05-03T23:14:35.649Z,59.599,-151.817,66.9,2.9,ml,125,104,0.1,0.8,ak,aka2026itdeni,2026-05-11T21:25:52.040Z,"15 km WSW of Homer, Alaska",earthquake,2.4,2.0439,0.2,71,reviewed,ak,ak
2026-05-03T22:47:31.870Z,-5.5486,147.2442,199.371,4.2,mb,13,245,3.832,0.2,us,us6000sx6c,2026-05-12T20:50:10.040Z,"130 km NNW of Finschhafen, Papua New Guinea",earthquake,15.73,13.607,0.176,9,reviewed,us,us
2026-05-03T22:17:55.312Z,51.9584,176.237,10,3.9,mb,41,195,1.407,0.85,us,us6000swdb,2026-05-12T20:40:44.040Z,"229 km ESE of Attu Station, Alaska",earthquake,6.92,1.956,0.137,14,reviewed,us,us
2026-05-03T21:31:09.119Z,-5.6277,151.3805,35,4.3,mb,13,133,1.626,0.49,us,us6000sx6b,2026-05-27T21:42:26.040Z,"137 km E of Kimbe, Papua New Guinea",earthquake,9.23,1.864,0.168,10,reviewed,us,us
2026-05-03T21:13:43.946Z,56.037,-153.493,20.1,3.1,ml,22,257,1.2,0.6,ak,aka2026iszdyz,2026-05-11T20:21:17.040Z,"109 km SSE of Akhiok, Alaska",earthquake,16.3,19.2368,0.1,20,reviewed,ak,ak
2026-05-03T20:55:00.018Z,3.6792,126.8358,51.654,4.5,mb,32,124,3.593,0.79,us,us7000si0r,2026-05-17T14:55:52.040Z,"244 km SE of Sarangani, Philippines",earthquake,8.99,7.32,0.099,30,reviewed,us,us
2026-05-03T20:19:58.241Z,54.2465,-162.9051,35,2.7,ml,30,213,0.631,0.53,us,us6000swcz,2026-05-10T16:13:39.040Z,"75 km SSE of False Pass, Alaska",earthquake,2.57,1.979,0.085,18,reviewed,us,us
2026-05-03T20:19:31.845Z,31.671,-104.425,6.0999,2.7,ml,57,59,0,0.2,tx,tx2026irmxkh,2026-05-16T16:11:31.040Z,"56 km S of Whites City, New Mexico",earthquake,0.81394596630507,0.52535396388673,0.1,24,reviewed,tx,tx
2026-05-03T20:16:59.309Z,31.665,-104.428,6.087,2.6,ml,51,64,0,0.2,tx,tx2026irmwes,2026-05-16T15:57:26.040Z,"56 km S of Whites City, New Mexico",earthquake,0.62604795582541,0.38854523156072,0.1,27,reviewed,tx,tx
2026-05-03T20:10:27.109Z,54.454,-161.747,12.1,2.5,ml,21,232,0.6,0.4,ak,aka2026isxawl,2026-05-08T22:19:25.997Z,"76 km SSE of King Cove, Alaska",earthquake,6.6,3.5652,0.1,13,reviewed,ak,ak
2026-05-03T20:05:11.120Z,39.0573,-119.0114,9.707,2.6,ml,29,88,0.192,0.1295,nn,nn00917507,2026-05-16T15:55:38.040Z,"15 km ENE of Yerington, Nevada",earthquake,,1.3253,0.24,16,reviewed,nn,nn
2026-05-03T19:33:30.490Z,54.874,-158.81,7.3,2.5,ml,16,267,1.2,0.9,ak,aka2026isvvay,2026-05-08T22:17:26.727Z,"117 km S of Perryville, Alaska",earthquake,9.3,4.0544,0.3,13,reviewed,ak,ak
2026-05-03T19:20:09.519Z,54.1507,-162.8952,41.255,4.6,mwr,86,151,0.7,1.01,us,us7000si08,2026-05-16T15:54:00.040Z,"85 km SSE of False Pass, Alaska",earthquake,4.63,6.174,0.059,28,reviewed,us,us
2026-05-03T18:39:57.869Z,41.3308,83.9777,10,4.6,mb,76,93,3.883,0.61,us,us7000si03,2026-05-16T15:47:42.040Z,"97 km ESE of Kuqa, China",earthquake,7.58,1.828,0.066,68,reviewed,us,us
2026-05-03T18:38:47.507Z,51.5787,16.0376,5,4.2,mb,37,45,1.243,0.8,us,us7000shzx,2026-05-16T16:13:08.040Z,"6 km E of Radwanice, Poland",earthquake,4.39,1.802,0.146,13,reviewed,us,us
2026-05-03T18:32:21.914Z,39.3065,-119.069,7.5922,2.77,ml,32,60,0.06,0.1614,nn,nn00917489,2026-05-16T15:18:31.040Z,"18 km SE of Silver Springs, Nevada",earthquake,,0.8637,0.43,18,reviewed,nn,nn
2026-05-03T17:43:17.016Z,-14.7807,-175.4861,10,4.3,mb,19,86,2.594,0.81,us,us6000svk9,2026-05-15T17:38:41.040Z,"181 km SSE of Mata-Utu, Wallis and Futuna",earthquake,9.14,1.9,0.178,9,reviewed,us,us
2026-05-03T17:29:39.380Z,53.917,-162.937,2.6,2.5,ml,19,244,0.9,0.4,ak,aka2026isrrmg,2026-05-08T21:13:38.259Z,"108 km SSE of False Pass, Alaska",earthquake,8.9,5.3154,0.2,13,reviewed,ak,ak
2026-05-03T17:29:19.510Z,34.921333333333,-119.0195,8.32,3.14,ml,88,21,0.06605,0.31,ci,ci41240575,2026-05-16T14:26:55.040Z,"9 km WSW of Grapevine, CA",earthquake,0.22,0.67,0.16242358488925,186,reviewed,ci,ci
2026-05-03T16:52:59.986Z,58.845,-134.404,1.4,2.8,ml,10,162,0.4,0.4,ak,aka2026isqltw,2026-05-24T14:15:35.040Z,"60 km N of Juneau, Alaska",earthquake,6.8,3.8532,0.1,12,reviewed,ak,ak
2026-05-03T16:51:55.062Z,1.0726,126.7291,53.18,4.6,mb,47,92,6.067,0.65,us,us7000shzi,2026-05-14T19:24:05.040Z,"79 km WNW of Ternate, Indonesia",earthquake,9.82,7.654,0.083,44,reviewed,us,us
2026-05-03T16:36:35.436Z,27.9023,139.7703,468.595,4,mb,40,141,7.783,1.26,us,us7000shzf,2026-05-14T19:20:20.040Z,"Bonin Islands, Japan region",earthquake,11.67,9.203,0.086,38,reviewed,us,us
2026-05-03T16:36:11.891Z,-18.5701,-175.6284,265.157,4.6,mb,47,53,4.866,0.88,us,us7000shze,2026-05-14T19:17:31.040Z,"173 km W of Neiafu, Tonga",earthquake,11.39,7.576,0.054,102,reviewed,us,us
2026-05-03T16:18:54.151Z,24.8291,123.2581,140.564,4.9,mb,77,66,0.425,1.16,us,us7000shza,2026-05-14T19:10:32.040Z,"47 km NNE of Yonakuni, Japan",earthquake,7.5,4.931,0.036,239,reviewed,us,us
2026-05-03T15:04:48.270Z,19.499834060669,-155.54316711426,9.5500001907349,2.5,ml,8,340,0.2504,0.25999999,hv,hv74951197,2026-05-03T15:08:21.060Z,"33 km W of Volcano, Hawaii",earthquake,12.95,19.3899994,0.36,8,automatic,hv,hv
2026-05-03T15:02:24.938Z,51.7301,-174.0914,25.824,3.3,ml,20,201,0.477,0.81,us,us6000swb0,2026-05-24T14:12:13.040Z,"52 km S of Atka, Alaska",earthquake,4.97,12.111,0.097,14,reviewed,us,us
2026-05-03T14:37:51.912Z,32.0215,-93.5339,5,2.5,mb_lg,17,65,0.082,1.13,us,us7000shz0,2026-05-24T14:08:26.040Z,"15 km E of Mansfield, Louisiana",earthquake,1.99,1.776,0.098,27,reviewed,us,us
2026-05-03T13:52:16.206Z,53.4863,-165.9023,33.252,2.9,ml,22,212,0.508,0.38,us,us6000swas,2026-05-24T13:25:47.040Z,"60 km SE of Unalaska, Alaska",earthquake,4.94,15.268,0.105,12,reviewed,us,us
2026-05-03T12:53:00.737Z,52.1222,-166.0712,10,2.9,ml,23,231,1.708,0.49,us,us6000sw4b,2026-05-25T12:34:00.040Z,"197 km S of Unalaska, Alaska",earthquake,3.92,1.998,0.091,16,reviewed,us,us
2026-05-03T12:52:47.680Z,39.798333333333,-123.199,6.16,3.27,ml,55,34,0.136,0.17,nc,nc75356182,2026-05-26T14:46:08.040Z,"4 km E of Covelo, CA",earthquake,0.22,0.76,0.254,49,reviewed,nc,nc
2026-05-03T12:21:48.583Z,5.6048,126.9594,10,4.4,mb,31,114,2,0.61,us,us6000sx5y,2026-05-26T10:04:08.040Z,"120 km SE of Pondaguitan, Philippines",earthquake,8.05,1.819,0.103,27,reviewed,us,us
2026-05-03T12:15:26.081Z,51.2994,176.4399,10,3.1,ml,16,229,1.445,0.43,us,us7000shzt,2026-05-26T13:19:18.040Z,"281 km SE of Attu Station, Alaska",earthquake,6.27,2.009,0.091,16,reviewed,us,us
2026-05-03T12:10:49.610Z,31.611333333333,-115.628,2.08,3.83,ml,17,148,0.2566,0.28,ci,ci41240383,2026-05-26T14:38:16.040Z,"81 km SSW of Alberto Oviedo Mota, B.C., MX",earthquake,0.56,2.47,0.19290291380318,84,reviewed,ci,ci
2026-05-03T12:09:47.336Z,-16.8067,-174.4117,131.204,4.4,mb,57,61,3.838,0.41,us,us7000shyi,2026-05-26T14:42:04.040Z,"114 km SW of Hihifo, Tonga",earthquake,10.9,7.554,0.076,49,reviewed,us,us
2026-05-03T11:43:53.169Z,53.6158,-164.7837,35,3.4,ml,27,206,0.734,0.9,us,us6000sw3s,2026-05-25T12:31:34.040Z,"87 km SE of Akutan, Alaska",earthquake,4.75,2.014,0.077,22,reviewed,us,us
2026-05-03T11:06:58.584Z,68.597,-144.957,1.2,2.7,ml,20,66,0.5,0.9,ak,aka2026isesfv,2026-05-26T14:22:01.040Z,"57 km NNE of Arctic Village, Alaska",earthquake,4.8,3.6843,0.1,15,reviewed,ak,ak
2026-05-03T11:01:23.982Z,-21.3362,-178.1812,492.045,4.3,mb,52,104,8.07,1.09,us,us7000shya,2026-05-26T14:30:44.040Z,"299 km W of Houma, Tonga",earthquake,13.44,8.755,0.086,38,reviewed,us,us
2026-05-03T10:47:01.301Z,-18.7898,168.8633,117.94,4.3,mb,56,107,3.683,0.63,us,us6000sx5w,2026-05-26T09:51:00.040Z,"94 km NNW of Isangel, Vanuatu",earthquake,2.95,7.794,0.08,44,reviewed,us,us
2026-05-03T10:33:34.042Z,8.1018,91.9353,10,4.2,mb,17,102,11.163,0.65,us,us6000sx5v,2026-05-26T09:39:27.040Z,"Nicobar Islands, India region",earthquake,14.02,1.92,0.167,10,reviewed,us,us
2026-05-03T10:30:33.068Z,52.3643,-169.724,10,2.8,ml,18,215,0.423,0.58,us,us6000sw3c,2026-05-25T12:21:32.040Z,"86 km SW of Nikolski, Alaska",earthquake,2.86,1.749,0.091,16,reviewed,us,us
2026-05-03T10:26:17.793Z,-24.0188,-179.9223,526.809,4,mb,23,95,10.519,0.61,us,us6000sx5u,2026-05-26T09:11:31.040Z,"south of the Fiji Islands",earthquake,15.42,12.027,0.13,16,reviewed,us,us
2026-05-03T10:00:34.627Z,42.1818,88.1975,10,5.1,mb,102,40,6.252,0.63,us,us7000shy4,2026-05-26T14:18:25.040Z,"117 km SW of Turpan, China",earthquake,8.97,1.809,0.041,192,reviewed,us,us
2026-05-03T08:13:57.560Z,19.4158,-63.5091,29,3.92,md,19,260,1.2862,0.51,pr,pr2026123000,2026-05-03T10:04:21.788Z,"140 km NNW of The Valley, Anguilla",earthquake,2.71,30.6,0.09,14,reviewed,pr,pr
2026-05-03T08:07:27.974Z,51.416,-176.354,22,2.5,ml,18,217,0.4,0.4,ak,aka2026iryxzx,2026-05-08T01:05:40.822Z,"54 km SSE of Adak, Alaska",earthquake,9.4,5.2965,0.1,12,reviewed,ak,ak
2026-05-03T07:59:10.417Z,52.471,-169.85,24.8,2.6,ml,13,214,0.3,0.7,ak,aka2026iryqwq,2026-05-08T01:01:42.417Z,"84 km SW of Nikolski, Alaska",earthquake,13.1,4.8233,0.2,11,reviewed,ak,ak
2026-05-03T07:39:26.785Z,52.3986,-169.7271,10,2.9,ml,14,217,0.389,0.5,us,us7000si50,2026-05-26T05:42:04.040Z,"83 km SW of Nikolski, Alaska",earthquake,2.67,2.001,0.115,10,reviewed,us,us
2026-05-03T07:36:07.282Z,53.6283,-164.7705,35,2.6,ml,20,216,0.731,0.85,us,us6000sw2k,2026-05-08T07:24:26.040Z,"86 km SE of Akutan, Alaska",earthquake,2.44,2.017,0.105,12,reviewed,us,us
2026-05-03T07:11:02.340Z,18.838166666667,-67.296333333333,18.2,3.05,md,13,272,0.4084,0.36,pr,pr71515538,2026-05-03T07:34:12.360Z,"43 km NNW of San Antonio, Puerto Rico",earthquake,1.29,1.74,0.059377091353074,6,reviewed,pr,pr
2026-05-03T07:07:10.391Z,28.9796,142.554,10,4.5,mb,44,128,7.889,0.53,us,us7000shxg,2026-05-14T09:04:20.040Z,"Bonin Islands, Japan region",earthquake,12.44,1.906,0.068,63,reviewed,us,us
2026-05-03T06:57:42.701Z,1.4364,126.2841,35,4.8,mb,57,92,7.367,0.88,us,us7000shxd,2026-05-14T09:02:17.040Z,"128 km E of Bitung, Indonesia",earthquake,7.37,1.836,0.08,49,reviewed,us,us
2026-05-03T06:38:11.164Z,-31.6865,-72.0969,11.784,4.4,mb,31,136,1.019,0.81,us,us7000shxa,2026-05-14T08:55:36.040Z,"88 km W of Illapel, Chile",earthquake,3.81,5.036,0.162,11,reviewed,us,us
2026-05-03T06:37:03.740Z,18.022,-67.140666666667,14.34,2.57,md,18,166,0.02595,0.25,pr,pr71515528,2026-05-03T06:51:35.260Z,"3 km E of Boquerón, Puerto Rico",earthquake,0.57,0.67,0.053913438865745,6,reviewed,pr,pr
2026-05-03T06:16:44.801Z,60.296,-152.583,114.5,2.8,ml,131,33,0.2,0.7,ak,aka2026irvfzz,2026-05-14T08:53:55.040Z,"57 km WNW of Ninilchik, Alaska",earthquake,2.5,1.4702,0.2,85,reviewed,ak,ak
2026-05-03T06:04:41.166Z,-17.4621,-174.2899,138.01,4.1,mb,16,131,4.279,0.37,us,us6000sx5s,2026-05-14T08:44:22.040Z,"135 km NNW of Neiafu, Tonga",earthquake,14.28,14.468,0.166,10,reviewed,us,us
2026-05-03T05:38:52.890Z,47.3854,152.4625,101.173,4.2,mb,28,135,6.639,0.7,us,us7000shx6,2026-05-14T08:38:17.040Z,"Kuril Islands",earthquake,14.93,8.808,0.108,24,reviewed,us,us
2026-05-03T05:34:38.612Z,39.3308,-119.0377,9.8396,2.45,ml,30,68,0.08,0.1644,nn,nn00917419,2026-05-14T08:18:01.040Z,"18 km ESE of Silver Springs, Nevada",earthquake,,0.8943,0.15,16,reviewed,nn,nn
2026-05-03T05:30:34.055Z,39.321,-119.0511,7.3331,2.63,ml,30,61,0.07,0.155,nn,nn00917416,2026-05-14T08:08:17.040Z,"18 km SE of Silver Springs, Nevada",earthquake,,1.0033,0.36,15,reviewed,nn,nn
2026-05-03T04:40:18.713Z,-4.6701,152.8769,10,4.6,mb,20,125,0.856,0.84,us,us7000shwv,2026-05-23T23:24:52.040Z,"76 km ESE of Kokopo, Papua New Guinea",earthquake,4.86,1.911,0.129,18,reviewed,us,us
2026-05-03T04:06:52.180Z,19.410166666667,-65.833166666667,61.13,3.43,md,19,216,1.121,0.32,pr,pr71515518,2026-05-23T23:20:23.040Z,"108 km NNE of San Juan, Puerto Rico",earthquake,2.46,7.88,0.057519142122925,10,reviewed,pr,pr
2026-05-03T03:36:22.650Z,9.0346,126.0569,10,4.2,mb,17,135,2.009,1.03,us,us6000sx5q,2026-05-16T05:17:50.040Z,"12 km WNW of Gamut, Philippines",earthquake,10.65,1.73,0.153,12,reviewed,us,us
2026-05-03T03:12:58.899Z,52.4086,-169.7551,13.599,2.7,ml,15,215,0.379,0.5,us,us6000sw2a,2026-05-23T22:28:27.040Z,"84 km SW of Nikolski, Alaska",earthquake,2.75,8.243,0.115,10,reviewed,us,us
2026-05-03T03:06:12.094Z,52.4585,-169.8312,20.235,3.8,mb,49,176,0.335,1.21,us,us7000shzr,2026-05-23T23:26:46.040Z,"84 km SW of Nikolski, Alaska",earthquake,5.45,8.637,0.136,14,reviewed,us,us
2026-05-03T02:32:56.130Z,52.3865,-169.7611,10,2.9,ml,18,214,0.401,0.65,us,us6000sw27,2026-05-23T22:23:22.040Z,"86 km SW of Nikolski, Alaska",earthquake,2.91,1.739,0.105,12,reviewed,us,us
2026-05-03T02:22:02.049Z,59.369,-153.298,108.5,3.2,ml,168,52,0.1,0.9,ak,aka2026irnkob,2026-05-23T23:15:41.040Z,"65 km SE of Pedro Bay, Alaska",earthquake,2.4,1.2897,0.2,101,reviewed,ak,ak
2026-05-03T00:58:43.776Z,-5.9862,152.2224,10,4.5,mb,30,89,1.784,0.9,us,us6000sx5m,2026-05-16T04:08:07.040Z,"181 km S of Kokopo, Papua New Guinea",earthquake,5.43,1.868,0.115,24,reviewed,us,us
2026-05-03T00:37:43.750Z,39.795833333333,-123.1995,6.16,3.05,ml,56,23,0.1349,0.15,nc,nc75355867,2026-05-16T05:11:37.040Z,"4 km E of Covelo, CA",earthquake,0.18,0.54,0.227,38,reviewed,nc,nc
2026-05-03T00:35:22.420Z,18.890833333333,-67.311833333333,6.08,3.23,md,24,208,0.4238,0.32,pr,pr71515503,2026-05-18T00:12:05.040Z,"49 km NNW of San Antonio, Puerto Rico",earthquake,0.68,1.02,0.032724765870248,7,reviewed,pr,pr
2026-05-03T00:26:12.327Z,52.5033,-169.7323,15.418,2.7,ml,15,214,0.284,0.99,us,us6000swau,2026-05-12T04:23:04.040Z,"76 km SW of Nikolski, Alaska",earthquake,3.64,8.332,0.097,14,reviewed,us,us
2026-05-03T00:13:54.659Z,-27.6736,-176.8638,27.904,4.5,mb,19,137,1.825,0.95,us,us6000svjx,2026-05-18T00:08:03.040Z,"Kermadec Islands region",earthquake,8.53,5.391,0.131,17,reviewed,us,us
2026-05-03T00:06:48.040Z,39.793666666667,-123.19933333333,7.55,2.47,md,39,33,0.1336,0.12,nc,nc75355847,2026-05-16T05:10:42.040Z,"4 km E of Covelo, CA",earthquake,0.21,0.7,0.13,14,reviewed,nc,nc
2026-05-02T23:30:17.140Z,18.009666666667,-66.727666666667,11.61,2.71,md,12,168,0.1202,0.09,pr,pr71515483,2026-05-02T23:50:53.540Z,"2 km NW of Tallaboa, Puerto Rico",earthquake,0.34,0.42,0.052977627229152,8,reviewed,pr,pr
2026-05-02T23:27:42.970Z,37.5735,-121.59116666667,2.98,2.52,md,117,60,0.04129,0.15,nc,nc75355817,2026-05-08T00:08:06.040Z,"20 km SE of Livermore, CA",earthquake,0.12,0.56,0.139,119,reviewed,nc,nc
2026-05-02T23:05:58.186Z,3.6696,122.2075,601.606,4,mb,50,73,10.052,0.77,us,us7000shvf,2026-05-18T00:05:29.040Z,"250 km SE of Latung, Philippines",earthquake,12.82,9.578,0.084,38,reviewed,us,us
2026-05-02T22:48:17.300Z,18.3275,-64.992166666667,119.54,3.05,md,10,177,0.04197,0.21,pr,pr71515473,2026-05-17T23:57:19.040Z,"6 km WSW of Charlotte Amalie, U.S. Virgin Islands",earthquake,4.93,1.08,0.11741397962185,4,reviewed,pr,pr
2026-05-02T22:42:18.349Z,28.852,-99.029,6.8655,2.5,ml,28,82,0.1,0.3,tx,tx2026ipwale,2026-05-03T21:28:17.040Z,"7 km SE of Pearsall, Texas",earthquake,1.8587602853817,0.6890998454271,0.1,14,reviewed,tx,tx
2026-05-02T22:39:14.904Z,1.0677,126.6804,35,4.2,mb,19,97,6.831,0.75,us,us6000swy0,2026-05-17T03:50:42.040Z,"84 km WNW of Ternate, Indonesia",earthquake,8.24,1.845,0.141,17,reviewed,us,us
2026-05-02T21:51:42.003Z,56.3692,-149.4018,10,3,ml,36,216,2.242,0.78,us,us6000sw57,2026-05-12T04:41:12.040Z,"223 km SE of Chiniak, Alaska",earthquake,8.68,2.016,0.058,42,reviewed,us,us
2026-05-02T21:50:48.230Z,34.405,-118.9095,9.87,2.53,ml,94,19,0.01034,0.26,ci,ci41239999,2026-05-16T05:09:46.040Z,"1 km NE of Fillmore, CA",earthquake,0.19,0.44,0.13907179997115,187,reviewed,ci,ci
2026-05-02T21:19:12.865Z,-37.4519,178.2764,35,5.1,mww,40,121,1.548,1.04,us,us7000shut,2026-05-18T00:02:21.502Z,"16 km N of Hicks Bay, New Zealand",earthquake,8.08,1.9,0.083,14,reviewed,us,us
2026-05-02T21:07:57.914Z,-6.9398,125.6104,483.487,4.1,mb,33,54,3.097,0.79,us,us7000shur,2026-05-17T23:42:26.040Z,"176 km N of Metinaro, Timor Leste",earthquake,12.74,7.716,0.127,20,reviewed,us,us
2026-05-02T20:33:55.263Z,52.3565,-169.7587,10,3.1,ml,15,217,0.431,0.56,us,us7000shvq,2026-05-03T19:06:59.730Z,"88 km SW of Nikolski, Alaska",earthquake,3.02,1.976,0.105,12,reviewed,us,us
2026-05-02T20:33:03.465Z,52.3968,-169.724,15.75,3.1,ml,19,213,0.39,0.58,us,us7000shvn,2026-05-03T18:51:58.880Z,"83 km SW of Nikolski, Alaska",earthquake,3.53,8.564,0.105,12,reviewed,us,us
2026-05-02T20:32:20.070Z,36.6465,-121.29633333333,6.68,2.8,md,91,24,0.0385,0.28,nc,nc75355712,2026-05-11T16:34:55.040Z,"16 km S of Tres Pinos, CA",earthquake,0.24,0.79,0.105,85,reviewed,nc,nc
2026-05-02T20:29:54.091Z,-15.0835,-175.5446,10,4.6,mb,31,111,2.61,0.69,us,us7000shup,2026-05-11T16:49:45.040Z,"210 km SSE of Mata-Utu, Wallis and Futuna",earthquake,9.38,1.883,0.108,26,reviewed,us,us
2026-05-02T20:24:40.667Z,52.3535,-169.6704,10,3,ml,7,216,0.794,0.44,us,us7000si4x,2026-05-17T14:58:03.040Z,"85 km SW of Nikolski, Alaska",earthquake,5.24,2.006,0.097,14,reviewed,us,us
2026-05-02T20:21:30.372Z,52.4265,-169.7596,10,3.7,mb,41,177,0.361,0.63,us,us7000shvk,2026-05-11T16:53:45.040Z,"83 km SW of Nikolski, Alaska",earthquake,2.1,1.942,0.135,14,reviewed,us,us
2026-05-02T19:50:46.388Z,-63.0509,146.0546,10,4.6,mb,21,161,14.405,0.73,us,us7000shyf,2026-05-16T14:24:19.040Z,"south of Australia",earthquake,12.93,1.893,0.125,19,reviewed,us,us
2026-05-02T19:35:47.440Z,18.980166666667,-67.243666666667,13.13,3.17,md,7,322,0.5252,0.14,pr,pr71515463,2026-05-02T19:53:31.340Z,"56 km NNW of San Antonio, Puerto Rico",earthquake,2.29,2.79,0.012043600360278,5,reviewed,pr,pr
2026-05-02T19:16:19.196Z,20.25,121.175,29.301,4.3,mb,49,119,2.557,0.57,us,us7000shug,2026-05-11T16:32:55.040Z,"85 km WSW of Basco, Philippines",earthquake,11.94,6.259,0.09,35,reviewed,us,us
2026-05-02T19:01:08.940Z,34.406333333333,-118.91316666667,10.44,2.57,ml,87,19,0.00703,0.32,ci,ci41239895,2026-05-08T16:13:16.040Z,"1 km NNE of Fillmore, CA",earthquake,0.21,0.51,0.12585351698725,19,reviewed,ci,ci
2026-05-02T18:54:35.699Z,-14.9018,-175.6617,10,4.2,mb,14,137,2.453,0.38,us,us7000shyd,2026-05-11T17:31:02.040Z,"187 km SSE of Mata-Utu, Wallis and Futuna",earthquake,11.76,1.915,0.167,10,reviewed,us,us
2026-05-02T18:01:13.809Z,49.9612,156.7565,35,4.3,mb,40,165,3.206,0.64,us,us6000swxv,2026-05-11T16:20:16.040Z,"91 km SSE of Severo-Kuril’sk, Russia",earthquake,9.32,1.97,0.098,29,reviewed,us,us
2026-05-02T16:46:07.905Z,10.9086,126.5974,10,4.4,mb,25,131,13.574,0.44,us,us6000swxt,2026-05-27T16:53:12.040Z,"84 km E of Sulangan, Philippines",earthquake,15.35,1.922,0.134,18,reviewed,us,us
2026-05-02T16:44:29.200Z,36.652166666667,-121.294,7.23,2.56,md,65,28,0.04445,0.2,nc,nc75355622,2026-05-27T17:05:15.040Z,"16 km S of Tres Pinos, CA",earthquake,0.24,0.67,0.14,71,reviewed,nc,nc
2026-05-02T16:21:31.515Z,51.3973,-176.0886,35,3.5,ml,32,203,0.506,0.54,us,us6000sw4x,2026-05-27T16:20:32.040Z,"65 km SE of Adak, Alaska",earthquake,3.77,2.011,0.085,18,reviewed,us,us
2026-05-02T16:21:05.432Z,12.7358,-90.8121,10,4.1,mb,44,162,1.534,0.98,us,us7000shtx,2026-05-27T15:58:17.040Z,"131 km S of Puerto San José, Guatemala",earthquake,7.05,1.955,0.094,31,reviewed,us,us
2026-05-02T16:12:19.537Z,16.6596,-48.0834,10,4.5,mb,94,119,11.628,0.74,us,us7000shxy,2026-05-27T15:51:57.040Z,"North Atlantic Ocean",earthquake,10.99,1.896,0.059,86,reviewed,us,us
2026-05-02T15:27:01.758Z,51.7862,-176.1884,73.705,2.9,ml,18,197,0.155,0.56,us,us6000sw4v,2026-05-27T15:29:44.040Z,"32 km ESE of Adak, Alaska",earthquake,14.13,19.156,0.115,10,reviewed,us,us
2026-05-02T15:15:18.128Z,-41.1821,174.859,43.786,4.3,mb,30,95,0.172,0.71,us,us7000shtp,2026-05-27T15:18:54.760Z,"1 km ENE of Grenada North, New Zealand",earthquake,3.21,9.415,0.375,2,reviewed,us,us
2026-05-02T15:00:32.065Z,-9.7524,107.9878,10,4.6,mb,32,122,2.299,0.8,us,us7000shtq,2026-05-27T15:16:43.040Z,"250 km SSW of Cilacap, Indonesia",earthquake,6.63,1.63,0.105,27,reviewed,us,us
2026-05-02T14:43:04.019Z,-21.613,-174.3404,10,4.2,mb,12,120,4.849,1.01,us,us6000swxs,2026-05-27T15:13:06.040Z,"70 km ESE of ‘Ohonua, Tonga",earthquake,14.78,1.926,0.215,7,reviewed,us,us
