time,latitude,longitude,depth,mag,magType,nst,gap,dmin,rms,net,id,updated,place,type,horizontalError,depthError,magError,magNst,status,locationSource,magSource
2026-06-01T14:23:55.320Z,38.803165435791,-122.77950286865,3.1099998950958,1.07,md,19,68,0.01012,0.02,nc,nc75369281,2026-06-01T14:25:32.158Z,"4 km NW of The Geysers, CA",earthquake,0.27,0.620000005,0.3,19,automatic,nc,nc
2026-06-01T14:07:38.590Z,19.259666442871,-155.37699890137,31.920000076294,1.7,md,26,159,0.02935,0.119999997,hv,hv74973532,2026-06-01T14:12:17.960Z,"12 km ENE of Pāhala, Hawaii",earthquake,0.54,0.620000005,0.13472402690802,18,automatic,hv,hv
2026-06-01T13:43:28.356Z,28.509,-98.158,9.0907,1.6,ml,11,105,0,0.2,tx,tx2026ksfyml,2026-06-01T14:02:20.432Z,"5 km NNE of Three Rivers, Texas",earthquake,12.620298818117,1.6960324199315,0.1,13,reviewed,tx,tx
2026-06-01T13:41:00.120Z,34.846,-117.14,8.05,1.33,ml,40,39,0.01021,0.14,ci,ci41477944,2026-06-01T13:51:51.370Z,"12 km WSW of Barstow, CA",earthquake,0.16,0.33,0.1465108039261,25,automatic,ci,ci
2026-06-01T13:38:59.680Z,17.4195,-67.763666666667,27.72,3.43,md,17,243,0.854,0.19,pr,pr71518493,2026-06-01T14:34:40.620Z,"86 km SW of Pole Ojea, Puerto Rico",earthquake,0.91,9.59,0.12810929226211,10,reviewed,pr,pr
2026-06-01T13:34:38.090Z,38.841331481934,-122.81900024414,16.430000305176,0.54,md,7,188,0.01316,0.07,nc,nc75369276,2026-06-01T13:52:21.611Z,"9 km WNW of Cobb, CA",earthquake,3.16,9.61999989,0.21,8,automatic,nc,nc
2026-06-01T13:23:02.274Z,58.057,-153.752,63.4,1.8,ml,26,142,0.6,0.5,ak,aka2026ktycen,2026-06-01T13:24:58.476Z,"49 km W of Aleneva, Alaska",earthquake,6.6,5.5915,0.1,6,automatic,ak,ak
2026-06-01T13:05:21.935Z,31.614,-104.51,2.8164,1.6,ml,17,105,0.1,0.3,tx,tx2026kserrk,2026-06-01T14:00:17.454Z,"63 km SSW of Whites City, New Mexico",earthquake,0,1.7036544084549,0.2,12,automatic,tx,tx
2026-06-01T12:53:40.574Z,60.484,-139.9664,5,3.1,ml,29,116,0.615,1.1,us,us7000spu0,2026-06-01T14:07:30.040Z,"105 km N of Yakutat, Alaska",earthquake,3.73,1.983,0.04,84,reviewed,us,us
2026-06-01T12:41:50.575Z,32.193,-100.974,1.4496,1.8,ml,16,77,0.3,0.6,tx,tx2026ksdxgx,2026-06-01T12:45:29.453Z,"18 km SSE of Westbrook, Texas",earthquake,0,1.5128926038742,0.2,9,automatic,tx,tx
2026-06-01T12:41:49.040Z,35.919833333333,-117.70083333333,9.28,0.44,ml,18,49,0.04961,0.09,ci,ci41477936,2026-06-01T13:07:31.175Z,"19 km E of Little Lake, CA",earthquake,0.18,0.39,0.059095570113745,5,reviewed,ci,ci
2026-06-01T12:22:36.140Z,35.301166666667,-117.80266666667,6.69,1.38,ml,42,59,0.04878,0.22,ci,ci41477920,2026-06-01T13:07:47.178Z,"17 km WSW of Johannesburg, CA",earthquake,0.22,0.47,0.16584550621438,25,reviewed,ci,ci
2026-06-01T12:20:29.730Z,35.300833333333,-117.80283333333,6.84,1.26,ml,42,59,0.04845,0.21,ci,ci41477904,2026-06-01T13:08:01.089Z,"17 km WSW of Johannesburg, CA",earthquake,0.21,0.46,0.1519009165937,26,reviewed,ci,ci
2026-06-01T12:12:40.220Z,35.302666666667,-117.80216666667,6.57,1.66,ml,51,36,0.05012,0.19,ci,ci41477888,2026-06-01T13:08:20.184Z,"17 km WSW of Johannesburg, CA",earthquake,0.17,0.42,0.19238791012298,25,reviewed,ci,ci
2026-06-01T12:12:37.760Z,35.194499969482,-117.91883087158,5.1199998855591,1.5818579212664,ml,13,122,0.09416,0.280000001,ci,ci41477896,2026-06-01T12:14:45.965Z,"10 km NE of California City, CA",earthquake,1.23,4.32000017,0.30204054713249,8,automatic,ci,ci
2026-06-01T12:08:45.270Z,35.888666666667,-117.678,4.01,0.44,ml,19,55,0.06322,0.21,ci,ci41477880,2026-06-01T13:08:47.483Z,"21 km ESE of Little Lake, CA",earthquake,0.26,0.64,0.090159560292236,7,reviewed,ci,ci
2026-06-01T11:58:41.392Z,60.473,-141.534,5.5,2.1,ml,25,103,0.3,0.9,ak,aka2026ktvgzo,2026-06-01T12:00:23.456Z,"130 km SE of McCarthy, Alaska",earthquake,5.3,3.3321,0.2,8,automatic,ak,ak
2026-06-01T11:49:42.992Z,60.707,-149.728,29.2,1.7,ml,27,47,0.3,0.7,ak,aka2026ktuzee,2026-06-01T11:51:22.779Z,"23 km SSW of Hope, Alaska",earthquake,3.2,2.1866,0.4,4,automatic,ak,ak
2026-06-01T11:46:45.910Z,38.826499938965,-122.81500244141,2.2300000190735,1.02,md,11,49,0.004943,0.01,nc,nc75369246,2026-06-01T12:12:19.960Z,"7 km NW of The Geysers, CA",earthquake,0.33,1.04999995,0.28,12,automatic,nc,nc
2026-06-01T11:40:29.544Z,31.64,-104.339,0,1.3,ml,18,139,0.1,0.9,tx,tx2026ksbwku,2026-06-01T11:50:18.320Z,"59 km S of Whites City, New Mexico",earthquake,0,,0.4,13,automatic,tx,tx
2026-06-01T11:35:30.590Z,35.306,-117.80333333333,6.79,2.02,ml,57,33,0.05186,0.18,ci,ci41477872,2026-06-01T13:09:12.188Z,"17 km WSW of Johannesburg, CA",earthquake,0.14,0.38,0.18260389348771,25,reviewed,ci,ci
2026-06-01T11:23:27.300Z,38.807334899902,-122.81683349609,2.8499999046326,1.82,md,38,54,0.01683,0.05,nc,nc75369236,2026-06-01T12:52:24.223Z,"6 km WNW of The Geysers, CA",earthquake,0.17,0.310000002,0.11,37,automatic,nc,nc
2026-06-01T11:18:58.670Z,33.477,-116.41483333333,9.88,1.25,ml,72,25,0.1443,0.19,ci,ci41477864,2026-06-01T13:10:16.310Z,"23 km SSW of La Quinta, CA",earthquake,0.14,0.39,0.18418354952568,26,reviewed,ci,ci
2026-06-01T11:13:03.430Z,19.191667556763,-155.36917114258,31.479999542236,1.94,md,29,208,0.05287,0.140000001,hv,hv74973457,2026-06-01T11:17:33.930Z,"11 km E of Pāhala, Hawaii",earthquake,0.49,0.529999971,0.056626297852779,15,automatic,hv,hv
2026-06-01T11:12:47.070Z,38.818332672119,-122.78133392334,-0.14000000059605,0.7,md,6,100,0.01504,0.05,nc,nc75369231,2026-06-01T11:52:19.829Z,"5 km NNW of The Geysers, CA",earthquake,0.41,1.38,0.35,9,automatic,nc,nc
2026-06-01T11:10:07.319Z,32.189,-100.97,9.2041,2.5,ml,20,77,0.3,0.1,tx,tx2026ksaweu,2026-06-01T13:24:17.262Z,"18 km SSE of Westbrook, Texas",earthquake,0.71223957983554,3.0451741949918,0.2,18,reviewed,tx,tx
2026-06-01T10:47:05.290Z,36.552166666667,-89.638,7.47,1.69,md,23,51,0.03336,0.04,nm,nm60622131,2026-06-01T12:57:08.020Z,"3 km WSW of Howardville, Missouri",earthquake,0.26,0.57,0.060018482878661,12,reviewed,nm,nm
2026-06-01T10:33:23.720Z,38.816165924072,-122.81116485596,2.6900000572205,1.08,md,16,79,0.007269,0.04,nc,nc75369221,2026-06-01T11:37:22.754Z,"6 km NW of The Geysers, CA",earthquake,0.32,0.50999999,0.16,15,automatic,nc,nc
2026-06-01T10:32:50.126Z,-57.8585,157.7638,10,4.9,mb,28,86,3.432,0.65,us,us7000spti,2026-06-01T10:55:28.040Z,"Macquarie Island region",earthquake,11.56,1.808,0.119,22,reviewed,us,us
2026-06-01T10:27:57.326Z,32.311,-101.04,2.9706,1.6,ml,18,110,0.2,0.2,tx,tx2026krzmbb,2026-06-01T10:31:14.957Z,"5 km SSW of Westbrook, Texas",earthquake,0,1.6024166345596,0.1,13,automatic,tx,tx
2026-06-01T10:27:57.320Z,32.302,-101.045,2.7014,1.5,ml,31,93,0.2,0.5,tx,tx2026krzlwu,2026-06-01T11:18:27.264Z,"6 km SSW of Westbrook, Texas",earthquake,0,1.2241971492767,0.2,19,automatic,tx,tx
2026-06-01T10:18:29.000Z,38.817333221435,-122.80616760254,3.3800001144409,0.77,md,15,70,0.006779,0.01,nc,nc75369216,2026-06-01T11:12:23.614Z,"6 km NW of The Geysers, CA",earthquake,0.33,0.680000007,0.15,17,automatic,nc,nc
2026-06-01T10:06:05.080Z,38.838001251221,-122.82749938965,11.859999656677,0.56,md,9,94,0.006266,0.05,nc,nc75369211,2026-06-01T10:47:24.445Z,"9 km NW of The Geysers, CA",earthquake,2.11,7.67999983,0.3,12,automatic,nc,nc
2026-06-01T09:52:30.950Z,31.63,-104.441,3.2294,1.9,ml,28,74,0,0.4,tx,tx2026kryhmt,2026-06-01T09:56:41.109Z,"60 km S of Whites City, New Mexico",earthquake,0,1.2282133102417,0.1,19,automatic,tx,tx
2026-06-01T09:36:13.880Z,32.851833333333,-116.29033333333,13.9,2.37,ml,77,56,0.1031,0.24,ci,ci41477856,2026-06-01T13:10:12.060Z,"23 km E of Pine Valley, CA",earthquake,0.18,0.44,0.26775002813588,26,reviewed,ci,ci
2026-06-01T09:21:09.083Z,63.268,-151.657,5,1.9,ml,28,67,0.2,0.7,ak,aka2026ktqajt,2026-06-01T09:24:06.543Z,"30 km S of Denali National Park, Alaska",earthquake,3.5,,0.1,10,automatic,ak,ak
2026-06-01T08:55:04.978Z,13.4154,-90.0795,58.722,4.1,mb,65,152,0.658,0.59,us,us7000spt8,2026-06-01T13:47:50.040Z,"33 km SW of Acajutla, El Salvador",earthquake,8,11.345,0.075,49,reviewed,us,us
2026-06-01T08:49:13.980Z,38.828666687012,-122.81500244141,2.329999923706,0.72,md,9,95,0.006521,0.02,nc,nc75369191,2026-06-01T09:27:19.944Z,"8 km NW of The Geysers, CA",earthquake,0.45,1.09000003,0.33,9,automatic,nc,nc
2026-06-01T08:44:02.560Z,38.831665039062,-122.80966949463,1.9199999570847,0.53,md,11,62,0.008264,0.01,nc,nc75369186,2026-06-01T09:17:29.877Z,"8 km W of Cobb, CA",earthquake,0.4,0.779999971,0.34,12,automatic,nc,nc
2026-06-01T08:43:57.188Z,62.19,-152.079,108.9,1.6,ml,28,120,0.3,0.7,ak,aka2026ktotcz,2026-06-01T08:46:21.583Z,"41 km WNW of Skwentna, Alaska",earthquake,4.4,3.6136,0.2,7,automatic,ak,ak
2026-06-01T08:35:55.430Z,37.479999542236,-118.84300231934,14.920000076294,1.75,md,25,112,0.1104,0.07,nc,nc75369176,2026-06-01T09:57:22.124Z,"17 km WSW of Toms Place, CA",earthquake,0.45,1.42999995,0.15,20,automatic,nc,nc
2026-06-01T08:32:28.009Z,32.178,-101.402,2.8962,1,ml,14,80,0.1,0.5,tx,tx2026krvqle,2026-06-01T11:18:25.173Z,"8 km NNW of Forsan, Texas",earthquake,0,1.4546200037003,0.2,10,automatic,tx,tx
2026-06-01T08:28:02.990Z,33.9285,-118.302,19.73,1.66,ml,89,47,0.02157,0.25,ci,ci41477840,2026-06-01T08:39:08.360Z,"5 km N of Gardena, CA",earthquake,0.18,0.29,0.15035285910044,29,automatic,ci,ci
2026-06-01T08:24:51.830Z,62.196,-148.561,19.7,1.9,ml,43,65,0.4,0.9,ak,aka2026ktodol,2026-06-01T08:26:42.352Z,"44 km N of Chickaloon, Alaska",earthquake,2.2,2.1489,0.3,6,automatic,ak,ak
2026-06-01T08:15:29.850Z,19.398834228516,-155.87150573731,21.840000152588,2.08,md,18,201,0.1907,0.180000007,hv,hv74973347,2026-06-01T08:19:32.610Z,"6 km S of Honaunau-Napoopoo, Hawaii",earthquake,0.79,2.01999998,0.1524271885679,16,automatic,hv,hv
2026-06-01T08:13:53.585Z,32.517,-101.16,2.5758,1,ml,11,153,0,0.7,tx,tx2026krvamx,2026-06-01T08:27:49.139Z,"22 km NW of Westbrook, Texas",earthquake,0,1.7274068593979,0.1,7,automatic,tx,tx
2026-06-01T08:06:56.899Z,28.515,-98.175,8.5259,1.5,ml,36,87,0,0.3,tx,tx2026kruumn,2026-06-01T10:55:30.681Z,"6 km N of Three Rivers, Texas",earthquake,0.69601039935255,0.92161412292178,0.1,21,reviewed,tx,tx
2026-06-01T08:04:07.100Z,37.480167388916,-118.84349822998,14.470000267029,3.57,ml,32,61,,0.08,nc,nc75369166,2026-06-01T14:21:28.577Z,"17 km WSW of Toms Place, CA",earthquake,0.32,1.11000001,0.27,35,reviewed,nc,nc
2026-06-01T08:00:06.660Z,34.515666666667,-118.83783333333,5.58,1.25,ml,42,41,0.0746,0.28,ci,ci41477824,2026-06-01T08:03:32.473Z,"12 km NNW of Piru, CA",earthquake,0.28,1.33,0.20344519922542,30,automatic,ci,ci
2026-06-01T07:57:05.660Z,38.834331512451,-122.81466674805,1.8400000333786,1.53,md,32,45,0.01149,0.03,nc,nc75369161,2026-06-01T09:17:30.876Z,"8 km W of Cobb, CA",earthquake,0.17,0.300000012,0.15,30,automatic,nc,nc
2026-06-01T07:51:46.230Z,35.2995,-117.8055,7.06,1.95,ml,57,33,0.04596,0.18,ci,ci41477816,2026-06-01T13:10:22.914Z,"18 km WSW of Johannesburg, CA",earthquake,0.15,0.49,0.19216437896261,26,reviewed,ci,ci
2026-06-01T07:50:04.630Z,34.191666666667,-117.4445,6.45,0.66,ml,49,36,0.01417,0.19,ci,ci41477808,2026-06-01T13:10:39.423Z,"5 km SW of Devore, CA",earthquake,0.19,0.37,0.20467089057458,18,reviewed,ci,ci
2026-06-01T07:40:28.330Z,38.832332611084,-122.78500366211,2.670000076294,0.73,md,15,82,0.007363,0.02,nc,nc75369151,2026-06-01T07:57:22.422Z,"5 km WNW of Cobb, CA",earthquake,0.46,0.99000001,0.1,16,automatic,nc,nc
2026-06-01T07:38:17.248Z,62.188,-149.935,17.1,1.6,ml,13,108,0.3,0.7,ak,aka2026ktmpem,2026-06-01T07:39:45.186Z,"5 km NW of Susitna North, Alaska",earthquake,5.3,2.741,0.2,4,automatic,ak,ak
2026-06-01T07:32:51.643Z,28.739,-99.136,6.4134,1.8,ml,35,78,0.1,0.4,tx,tx2026krtrei,2026-06-01T09:55:55.347Z,"6 km NE of Hilltop, Texas",earthquake,1.3615033647042,1.1811168071913,0.1,13,reviewed,tx,tx
2026-06-01T07:20:21.470Z,36.52783203125,-121.12850189209,6.5100002288818,1.35,md,7,87,0.06337,0.05,nc,nc75369146,2026-06-01T08:37:21.613Z,"1 km ESE of Pinnacles, CA",earthquake,0.43,1.42999995,0.14,6,automatic,nc,nc
2026-06-01T07:20:03.685Z,66.043,-150.545,14.5,1.4,ml,11,102,0.4,0.7,ak,aka2026ktlzju,2026-06-01T07:21:44.977Z,"62 km NNW of Rampart, Alaska",earthquake,4.3,2.9085,0.2,4,automatic,ak,ak
2026-06-01T07:04:54.480Z,35.299666666667,-117.8045,7.12,1.9,ml,52,35,0.04666,0.18,ci,ci41477792,2026-06-01T13:10:43.529Z,"17 km WSW of Johannesburg, CA",earthquake,0.15,0.46,0.15471662234913,26,reviewed,ci,ci
2026-06-01T06:56:36.840Z,17.9445,-66.981166666667,7.52,2.4,md,16,205,0.06494,0.11,pr,pr71518483,2026-06-01T10:14:56.400Z,"7 km ESE of La Parguera, Puerto Rico",earthquake,0.49,0.18,0.27488461887247,12,reviewed,pr,pr
2026-06-01T06:52:59.900Z,33.931,-118.30166666667,19.63,1.29,ml,57,42,0.02271,0.24,ci,ci41477784,2026-06-01T07:03:45.090Z,"5 km WNW of Willowbrook, CA",earthquake,0.24,0.38,0.20408023300911,33,automatic,ci,ci
2026-06-01T06:43:52.900Z,33.891,-116.1715,2.28,0.89,ml,41,48,0.2522,0.16,ci,ci41477776,2026-06-01T06:47:22.829Z,"19 km NNE of Indio, CA",earthquake,0.18,0.8,0.17335532926579,20,automatic,ci,ci
2026-06-01T06:37:28.720Z,33.9305,-117.0685,13.5,2.11,ml,116,17,0.07367,0.17,ci,ci41477768,2026-06-01T13:13:33.840Z,"7 km SSW of Calimesa, CA",earthquake,0.1,0.27,0.12432468203742,25,reviewed,ci,ci
2026-06-01T06:31:31.714Z,32.11,-101.954,8.5693,1.6,ml,83,37,0,0.2,tx,tx2026krrqah,2026-06-01T13:14:51.010Z,"15 km W of Stanton, Texas",earthquake,0.25545656177757,0.4714527658407,0.1,42,reviewed,tx,tx
2026-06-01T06:19:23.650Z,38.793998718262,-122.75966644287,0.18999999761581,1.57,md,24,71,0.006617,0.04,nc,nc75369126,2026-06-01T07:42:20.252Z,"2 km N of The Geysers, CA",earthquake,0.2,0.409999996,0.14,24,automatic,nc,nc
2026-06-01T06:17:43.830Z,38.826667785645,-122.81316375732,2.2799999713898,1.82,md,37,40,0.004063,0.03,nc,nc75369121,2026-06-01T07:17:25.101Z,"7 km NW of The Geysers, CA",earthquake,0.17,0.270000011,0.14,36,automatic,nc,nc
2026-06-01T06:05:35.260Z,41.6925,-112.62066666667,5.03,1.92,ml,24,135,0.1259,0.16,uu,uu80141401,2026-06-01T13:22:11.200Z,"18 km SW of Howell, Utah",earthquake,0.44,1.24,0.12458942100565,5,reviewed,uu,uu
2026-06-01T05:53:38.360Z,40.484001159668,-120.54416656494,1.5199999809265,2.57,md,31,87,0.199,0.15,nc,nc75369116,2026-06-01T06:52:22.949Z,"11 km NE of Susanville, CA",earthquake,0.25,4.69999981,0.07,22,automatic,nc,nc
2026-06-01T05:51:43.580Z,38.81266784668,-122.7919998169,3.3399999141693,0.89,md,11,54,0.005356,0.02,nc,nc75369111,2026-06-01T05:53:18.676Z,"5 km NW of The Geysers, CA",earthquake,0.35,0.930000007,0.17,10,automatic,nc,nc
2026-06-01T05:45:13.028Z,32.276,-101.102,7.5684,1.3,ml,33,68,0.2,0.2,tx,tx2026krqcjv,2026-06-01T13:44:18.826Z,"12 km SW of Westbrook, Texas",earthquake,0.69153803211015,1.1520491456967,0.2,18,reviewed,tx,tx
2026-06-01T05:43:55.900Z,17.904833333333,-66.939,16.38,2.19,md,3,329,0.119,0.04,pr,pr71518478,2026-06-01T10:27:58.770Z,"8 km SSW of Guánica, Puerto Rico",earthquake,1.52,1.05,0.05384908661427,3,reviewed,pr,pr
2026-06-01T05:30:44.640Z,19.446166992188,-155.61549377441,33.119998931885,1.93,md,15,101,0.04244,0.25999999,hv,hv74973232,2026-06-01T05:34:22.900Z,"26 km E of Honaunau-Napoopoo, Hawaii",earthquake,0.92,2.02999997,0.1465756467207,12,automatic,hv,hv
2026-06-01T05:28:34.690Z,38.81583404541,-122.81066894531,4.2300000190735,0.49,md,8,133,0.01435,0.02,nc,nc75369106,2026-06-01T06:07:22.647Z,"6 km NW of The Geysers, CA",earthquake,0.74,2.25999999,0.23,9,automatic,nc,nc
2026-06-01T05:25:54.020Z,38.821166992188,-122.80799865723,2.710000038147,1.08,md,10,74,0.002753,0.02,nc,nc75369101,2026-06-01T05:52:22.534Z,"7 km NW of The Geysers, CA",earthquake,0.42,0.829999983,0.24,12,automatic,nc,nc
2026-06-01T05:18:32.520Z,38.826499938965,-122.85350036621,2.2200000286102,0.22,md,6,159,0.002834,0.01,nc,nc75369096,2026-06-01T05:42:27.466Z,"10 km WNW of The Geysers, CA",earthquake,0.5,1.29999995,0.1,7,automatic,nc,nc
2026-06-01T05:16:15.532Z,-18.1208,-178.1836,567.977,5,mb,44,96,2.851,0.93,us,us7000sps9,2026-06-01T05:29:53.040Z,"264 km E of Levuka, Fiji",earthquake,13.46,10.258,0.117,23,reviewed,us,us
2026-06-01T05:08:45.590Z,19.406665802002,-155.58866882324,46.259998321533,2.28,md,24,77,0.03695,0.189999998,hv,hv74973202,2026-06-01T05:12:16.040Z,"25 km NNW of Pāhala, Hawaii",earthquake,0.75,1.24000001,0.1552961695614,14,automatic,hv,hv
2026-06-01T05:02:34.170Z,17.936333333333,-66.947333333333,7.65,2.27,md,6,231,0.07538,0.08,pr,pr71518473,2026-06-01T10:22:12.270Z,"5 km SW of Guánica, Puerto Rico",earthquake,0.61,0.3,0.095891568638549,5,reviewed,pr,pr
2026-06-01T04:58:27.320Z,17.967166666667,-66.976833333333,7.98,3.03,md,30,173,0.06418,0.26,pr,pr71518468,2026-06-01T10:22:24.110Z,"6 km WSW of Fuig, Puerto Rico",earthquake,0.41,0.99,0.10470693064532,10,reviewed,pr,pr
2026-06-01T04:46:32.070Z,19.06533241272,-155.37483215332,31.770000457764,2.63,md,43,236,0.1726,0.170000002,hv,hv74973192,2026-06-01T04:50:27.970Z,"18 km SE of Pāhala, Hawaii",earthquake,0.57,0.870000005,0.1312593268753,14,automatic,hv,hv
2026-06-01T04:45:42.030Z,34.0195,-116.34183333333,2.28,0.97,ml,38,39,0.06375,0.17,ci,ci41477752,2026-06-01T13:12:22.900Z,"13 km SSW of Joshua Tree, CA",earthquake,0.17,0.3,0.16827605805397,23,reviewed,ci,ci
2026-06-01T04:30:25.950Z,38.821834564209,-122.79433441162,2.9400000572205,0.71,md,10,91,0.01239,0.02,nc,nc75369086,2026-06-01T04:47:26.097Z,"6 km NNW of The Geysers, CA",earthquake,0.43,0.610000014,0.4,12,automatic,nc,nc
2026-06-01T04:22:18.042Z,28.741,-99.136,4.6022,1.8,ml,38,51,0.1,0.4,tx,tx2026krniyq,2026-06-01T10:43:37.709Z,"6 km NE of Hilltop, Texas",earthquake,1.5348647163016,0.94668016664216,0.2,19,reviewed,tx,tx
2026-06-01T04:02:50.500Z,35.837,-117.7145,6.34,1.23,ml,30,28,0.04982,0.14,ci,ci41477744,2026-06-01T13:12:31.693Z,"21 km ESE of Little Lake, CA",earthquake,0.15,0.43,0.23442087850478,22,reviewed,ci,ci
2026-06-01T03:58:03.565Z,30.6884,141.869,10,4.4,mb,28,135,6.174,1.04,us,us7000sps0,2026-06-01T04:17:30.040Z,"Izu Islands, Japan region",earthquake,10.66,1.568,0.123,19,reviewed,us,us
2026-06-01T03:40:11.053Z,-35.387,-104.6576,10,5.3,mww,56,137,9.153,0.51,us,us7000sprv,2026-06-01T05:39:48.040Z,"southeast of Easter Island",earthquake,12.85,1.896,0.083,14,reviewed,us,us
2026-06-01T03:34:30.871Z,30.7158,141.7476,11,5.7,mww,114,38,6.086,0.83,us,us7000spru,2026-06-01T05:58:36.310Z,"Izu Islands, Japan region",earthquake,9.51,1.762,0.052,36,reviewed,us,us
2026-06-01T03:25:21.924Z,39.3281,-119.0159,1.6219,1.98,ml,22,55,0.079,0.2246,nn,nn00919501,2026-06-01T03:27:44.561Z,"20 km ESE of Silver Springs, Nevada",earthquake,,2.2927,0.31,10,automatic,nn,nn
2026-06-01T03:15:13.330Z,38.464332580566,-119.48966979981,6.789999961853,2.08,md,11,128,0.05678,0.04,nc,nc75369071,2026-06-01T06:07:23.695Z,"6 km S of Walker, CA",earthquake,0.45,0.689999998,0.2,7,automatic,nc,nc
2026-06-01T03:11:06.100Z,38.462665557861,-119.50833129883,6.0500001907349,2.21,md,16,108,0.1236,0.24,nc,nc75369066,2026-06-01T05:52:21.534Z,"6 km SSW of Walker, CA",earthquake,0.74,3.43000007,0.32,5,automatic,nc,nc
2026-06-01T03:10:21.590Z,35.893333333333,-117.74133333333,7.55,1.35,ml,33,34,0.08349,0.12,ci,ci41477736,2026-06-01T13:13:28.370Z,"16 km ESE of Little Lake, CA",earthquake,0.13,0.38,0.23678712839417,23,reviewed,ci,ci
2026-06-01T03:08:37.440Z,37.552833557129,-121.92266845703,12.539999961853,1.61,md,9,160,0.3068,0.39,nc,nc75369056,2026-06-01T05:17:28.302Z,"5 km ENE of Fremont, CA",earthquake,2.63,8.18999958,0.22,3,automatic,nc,nc
2026-06-01T03:08:07.870Z,37.33466720581,-121.69816589356,7.4000000953674,1.66,md,26,46,0.04485,0.06,nc,nc75369051,2026-06-01T04:52:21.131Z,"12 km ESE of Alum Rock, CA",earthquake,0.17,0.569999993,0.17,20,automatic,nc,nc
2026-06-01T02:56:48.220Z,36.192001342773,-120.14800262451,3.079999923706,1.99,md,10,167,0.1055,0.09,nc,nc75369041,2026-06-01T04:27:21.963Z,"4 km WSW of Huron, CA",earthquake,0.67,1.44000006,0.26,7,automatic,nc,nc
2026-06-01T02:35:02.281Z,28.739,-99.146,5.6711,1.9,ml,38,48,0.1,0.4,tx,tx2026krjunq,2026-06-01T07:35:40.624Z,"5 km NNE of Hilltop, Texas",earthquake,1.5415075663751,1.0655081380078,0.1,13,reviewed,tx,tx
2026-06-01T02:31:33.153Z,32.286,-101.793,9.2529,0.9,ml,26,28,0,0.1,tx,tx2026krjrmx,2026-06-01T13:46:26.839Z,"17 km N of Stanton, Texas",earthquake,0.28671701134962,0.37609054549398,0.2,18,reviewed,tx,tx
2026-06-01T02:30:12.800Z,34.013666666667,-117.219,10.87,0.74,ml,28,72,0.09116,0.18,ci,ci41477728,2026-06-01T13:12:53.552Z,"5 km SE of Loma Linda, CA",earthquake,0.24,0.53,0.27336165227092,21,reviewed,ci,ci
2026-06-01T02:10:09.505Z,32.325,-101.066,7.9102,2.1,ml,50,71,0.2,0.2,tx,tx2026kriwez,2026-06-01T08:16:46.534Z,"5 km SW of Westbrook, Texas",earthquake,0.59356301113235,1.0685691366035,0.1,22,reviewed,tx,tx
2026-06-01T01:42:56.071Z,60.22,-153.021,146.3,2.2,ml,72,115,0.2,0.7,ak,aka2026ktatbi,2026-06-01T01:47:35.002Z,"71 km E of Port Alsworth, Alaska",earthquake,4.5,2.0263,0.3,51,automatic,ak,ak
2026-06-01T01:42:53.950Z,33.268,-116.40966666667,5.18,0.09,ml,7,123,0.006281,0.13,ci,ci41477712,2026-06-01T01:46:21.045Z,"3 km WNW of Borrego Springs, CA",earthquake,0.44,0.56,0.045576020132536,2,automatic,ci,ci
2026-06-01T01:40:06.650Z,38.832164764404,-122.81517028809,2.579999923706,0.76,md,9,108,0.009619,0.01,nc,nc75369016,2026-06-01T02:17:28.128Z,"8 km NW of The Geysers, CA",earthquake,0.45,1.25999999,0.16,10,automatic,nc,nc
2026-06-01T01:30:10.430Z,33.332666666667,-116.78333333333,16.93,0.57,ml,18,60,0.0696,0.12,ci,ci41477704,2026-06-01T13:13:38.312Z,"8 km ESE of Palomar Observatory, CA",earthquake,0.27,0.48,0.12516282261152,9,reviewed,ci,ci
2026-06-01T01:17:05.440Z,33.915166666667,-117.04116666667,15.76,0.93,ml,22,58,0.1966,0.15,ci,ci41477696,2026-06-01T13:13:42.473Z,"6 km WSW of Beaumont, CA",earthquake,0.22,0.86,0.3732333839669,26,reviewed,ci,ci
2026-06-01T01:07:58.520Z,39.859001159668,-123.21783447266,-1.039999961853,2.45,md,46,34,0.1324,0.25,nc,nc75369011,2026-06-01T01:52:23.968Z,"8 km NNE of Covelo, CA",earthquake,0.3,2.27999997,0.16,32,automatic,nc,nc
2026-06-01T00:58:01.567Z,66.374,-147.631,5,1.4,ml,11,89,0.5,0.6,ak,aka2026kszgdl,2026-06-01T00:59:53.519Z,"10 km W of Beaver, Alaska",earthquake,3.5,,0.2,4,automatic,ak,ak
2026-06-01T00:54:50.648Z,59.44,-152.791,77.8,2,ml,63,83,0.3,0.6,ak,aka2026kszdji,2026-06-01T00:58:37.702Z,"50 km W of Nanwalek, Alaska",earthquake,3.6,2.3087,0.2,36,automatic,ak,ak
2026-06-01T00:47:46.150Z,38.79683303833,-122.74749755859,1.6100000143051,0.77,md,13,96,0.01027,0.03,nc,nc75369006,2026-06-01T01:07:20.681Z,"2 km NNE of The Geysers, CA",earthquake,0.28,0.569999993,0.26,12,automatic,nc,nc
2026-06-01T00:33:28.750Z,18.909333333333,-64.831833333333,34.17,3.39,md,23,236,0.5263,0.25,pr,pr71518453,2026-06-01T02:48:31.040Z,"63 km N of Charlotte Amalie, U.S. Virgin Islands",earthquake,2.05,6.25,0.13031832429825,15,reviewed,pr,pr
2026-06-01T00:28:28.350Z,37.501667022705,-121.67266845703,8.6199998855591,1.26,md,11,97,0.02872,0.06,nc,nc75369001,2026-06-01T01:37:22.872Z,"20 km NE of Alum Rock, CA",earthquake,0.36,1.13999999,0.08,9,automatic,nc,nc
2026-06-01T00:25:16.705Z,59.767,-153.786,152.3,2.1,ml,72,66,0.3,0.6,ak,aka2026ksydrc,2026-06-01T00:27:26.565Z,"18 km E of Pedro Bay, Alaska",earthquake,5.5,2.8938,0.3,4,automatic,ak,ak
2026-06-01T00:21:00.300Z,35.7655,-117.57633333333,6.38,0.82,ml,24,56,0.05301,0.16,ci,ci41477688,2026-06-01T13:13:58.026Z,"16 km W of Searles Valley, CA",earthquake,0.23,0.53,0.12596374460808,11,reviewed,ci,ci
2026-06-01T00:08:41.621Z,-57.8645,157.424,10,4.9,mb,32,99,3.479,0.8,us,us7000spra,2026-06-01T02:31:17.040Z,"Macquarie Island region",earthquake,10.47,1.894,0.1,31,reviewed,us,us
2026-05-31T23:53:41.229Z,32.004,-103.805,7.8687,1.7,ml,34,41,0,0.2,tx,tx2026krelma,2026-06-01T11:05:46.566Z,"35 km SE of Malaga, New Mexico",earthquake,0.69114208893925,0.69584005689935,0.2,13,reviewed,tx,tx
2026-05-31T23:49:47.140Z,64.23,-149.632,5,1.7,ml,19,80,0.4,0.7,ak,aka2026kswyyz,2026-05-31T23:51:48.651Z,"21 km W of Clear, Alaska",earthquake,3.8,,0.2,10,automatic,ak,ak
2026-05-31T23:43:43.250Z,34.029,-119.0265,10.93,1.75,ml,33,208,0.1437,0.23,ci,ci41477680,2026-05-31T23:47:44.369Z,"20 km W of Malibu, CA",earthquake,0.88,0.61,0.16108854546786,27,automatic,ci,ci
2026-05-31T23:42:01.310Z,35.026666666667,-117.67833333333,-0.71,1.28,ml,38,82,0.09324,0.31,ci,ci41477664,2026-05-31T23:45:27.356Z,"4 km NW of Boron, CA",earthquake,0.47,1.1,0.086284104400201,29,automatic,ci,ci
2026-05-31T23:34:34.220Z,38.826000213623,-122.85416412353,2.2999999523163,0.28,md,8,165,0.002618,0.01,nc,nc75368996,2026-06-01T00:57:22.628Z,"10 km WNW of The Geysers, CA",earthquake,0.56,1.11000001,0.16,10,automatic,nc,nc
2026-05-31T23:29:48.270Z,18.502,-67.4915,9.83,3.43,md,31,179,0.1175,0.36,pr,pr71518443,2026-06-01T01:52:13.040Z,"31 km NW of Rincón, Puerto Rico",earthquake,0.76,0.52,0.0656622568781,12,reviewed,pr,pr
2026-05-31T23:22:30.800Z,38.824333190918,-122.85500335693,2.1800000667572,0.71,md,7,114,0.003524,0.02,nc,nc75368991,2026-05-31T23:57:22.243Z,"10 km WNW of The Geysers, CA",earthquake,1.16,0.930000007,0.28,9,automatic,nc,nc
2026-05-31T23:01:57.280Z,36.778831481934,-121.44683074951,10.310000419617,1.88,md,18,146,0.01478,0.13,nc,nc75368986,2026-06-01T00:32:19.460Z,"8 km WSW of Ridgemark, CA",earthquake,0.42,0.649999976,0.24,16,automatic,nc,nc
2026-05-31T23:00:18.730Z,38.826332092285,-122.85433197022,2.1800000667572,1.08,md,15,146,0.002325,0.01,nc,nc75368981,2026-05-31T23:01:56.268Z,"10 km WNW of The Geysers, CA",earthquake,0.3,0.610000014,0.23,17,automatic,nc,nc
2026-05-31T22:56:35.436Z,32.5508,-104.4723,6.52,2.6,ml,37,78,0.19,0.43,us,us7000spqw,2026-06-01T01:15:58.040Z,"25 km SSW of Atoka, New Mexico",earthquake,1.86,4.75,0.081,20,reviewed,us,us
2026-05-31T22:52:44.970Z,38.819831848145,-122.76316833496,1.6799999475479,0.75,md,9,121,0.01186,0.01,nc,nc75368976,2026-05-31T22:54:21.306Z,"3 km W of Cobb, CA",earthquake,0.41,0.660000026,0.14,9,automatic,nc,nc
2026-05-31T22:52:38.472Z,60.574,-151.766,71.4,1.4,ml,23,81,0.3,0.4,ak,aka2026ksvbkh,2026-05-31T22:55:07.785Z,"24 km W of Salamatof, Alaska",earthquake,5,4.3537,0.2,7,automatic,ak,ak
2026-05-31T22:27:09.020Z,19.269832611084,-155.40299987793,30.059999465942,2.07,md,37,84,0.03258,0.129999995,hv,hv74973007,2026-05-31T22:32:29.550Z,"10 km NE of Pāhala, Hawaii",earthquake,0.57,0.670000017,0.12373134544831,14,automatic,hv,hv
2026-05-31T22:18:33.973Z,-31.2166,-68.3238,109.29,4.2,mb,35,52,0.442,0.87,us,us7000spqp,2026-06-01T00:53:50.040Z,"28 km NE of San Martín, Argentina",earthquake,6.92,6.043,0.152,12,reviewed,us,us
2026-05-31T22:16:30.470Z,38.823001861572,-122.85433197022,2.2200000286102,0.76,md,13,157,0.004952,0.02,nc,nc75368961,2026-05-31T22:18:06.160Z,"10 km WNW of The Geysers, CA",earthquake,0.34,0.589999974,0.4,13,automatic,nc,nc
2026-05-31T22:12:47.570Z,35.295833333333,-117.803,7.09,1.41,ml,41,35,0.04506,0.15,ci,ci41477640,2026-06-01T13:15:19.055Z,"17 km WSW of Johannesburg, CA",earthquake,0.15,0.44,0.17291663042781,25,reviewed,ci,ci
2026-05-31T22:09:58.193Z,-32.7583,-71.7857,10,4.4,mb,31,179,0.739,0.37,us,us7000spql,2026-06-01T00:45:13.040Z,"34 km NNW of Valparaíso, Chile",earthquake,3.76,1.495,0.268,4,reviewed,us,us
2026-05-31T22:03:10.377Z,31.961,-103.812,4.9275,1.4,ml,14,212,0,0.5,tx,tx2026kratmh,2026-05-31T23:00:41.103Z,"34 km NW of Mentone, Texas",earthquake,0,2.0829358100891,0.1,9,automatic,tx,tx
2026-05-31T21:55:49.300Z,35.299,-117.807,7.23,1.36,ml,49,35,0.04473,0.19,ci,ci41477632,2026-06-01T13:15:41.210Z,"18 km WSW of Johannesburg, CA",earthquake,0.16,0.49,0.13320979846573,26,reviewed,ci,ci
2026-05-31T21:52:11.763Z,-32.7963,-71.8152,27.609,4.8,mwr,75,139,0.733,0.64,us,us7000spqh,2026-06-01T00:33:32.040Z,"31 km NNW of Valparaíso, Chile",earthquake,4.38,2.896,0.038,66,reviewed,us,us
2026-05-31T21:51:39.060Z,38.794998168945,-122.80933380127,20.25,0.99,md,8,197,0.008267,0.05,nc,nc75368956,2026-05-31T21:53:16.918Z,"5 km WNW of The Geysers, CA",earthquake,3.42,9.18000031,0.24,11,automatic,nc,nc
2026-05-31T21:46:54.407Z,-32.7215,-71.8986,10,4.9,mb,70,136,0.834,0.77,us,us7000spqg,2026-06-01T00:07:15.374Z,"43 km NW of Valparaíso, Chile",earthquake,4.19,1.816,0.08,49,reviewed,us,us
2026-05-31T21:45:20.780Z,33.532,-116.724,5.63,0.63,ml,25,50,0.0351,0.14,ci,ci41477624,2026-05-31T21:48:47.136Z,"5 km WSW of Anza, CA",earthquake,0.18,0.4,0.17628413363721,13,automatic,ci,ci
2026-05-31T21:43:39.809Z,60.663,-151.662,75.6,1.4,ml,24,120,0.4,0.6,ak,aka2026ksstpu,2026-05-31T21:45:53.297Z,"19 km WNW of Salamatof, Alaska",earthquake,8,5.1964,0.1,14,automatic,ak,ak
2026-05-31T21:41:54.861Z,-19.7215,-177.7737,559.645,4.6,mb,64,67,4.217,0.86,us,us7000spqe,2026-05-31T23:53:11.040Z,"Fiji region",earthquake,10.46,5.811,0.06,82,reviewed,us,us
2026-05-31T21:36:42.020Z,14.9181,54.7953,10,4.5,mb,48,62,12.253,0.57,us,us7000spqf,2026-05-31T23:48:37.040Z,"243 km SSE of Şalālah, Oman",earthquake,11.68,1.907,0.087,39,reviewed,us,us
2026-05-31T21:34:18.026Z,-32.8047,-71.8593,25,6,mww,126,64,0.757,0.7,us,us7000spqc,2026-06-01T06:32:33.670Z,"33 km NW of Valparaíso, Chile",earthquake,4.39,1.18,0.047,44,reviewed,us,us
2026-05-31T20:59:49.130Z,38.821998596191,-122.8073348999,2.8099999427795,1.86,md,31,36,0.002554,0.02,nc,nc75368936,2026-05-31T21:03:24.540Z,"7 km NW of The Geysers, CA",earthquake,0.2,0.340000004,0.13,32,automatic,nc,nc
2026-05-31T20:54:40.131Z,37.369,138.2057,25.174,4.4,mwr,32,140,0.822,1.04,us,us7000spqa,2026-05-31T21:13:13.040Z,"24 km N of Jōetsu, Japan",earthquake,5.57,5.163,0.068,21,reviewed,us,us
2026-05-31T20:50:52.730Z,38.822666168213,-122.85250091553,1.8899999856949,0.28,md,11,176,0.00595,0.02,nc,nc75368931,2026-05-31T20:52:27.545Z,"10 km WNW of The Geysers, CA",earthquake,0.5,0.699999988,0.16,12,automatic,nc,nc
2026-05-31T20:44:35.480Z,38.822666168213,-122.85416412353,2.75,1.09,md,20,94,0.005311,0.03,nc,nc75368926,2026-05-31T20:46:11.326Z,"10 km WNW of The Geysers, CA",earthquake,0.27,0.49000001,0.15,20,automatic,nc,nc
2026-05-31T20:44:03.020Z,38.822166442871,-122.85350036621,2.6300001144409,1.04,md,19,92,0.005982,0.02,nc,nc75368921,2026-05-31T20:45:36.456Z,"10 km WNW of The Geysers, CA",earthquake,0.26,0.5,0.26,20,automatic,nc,nc
2026-05-31T20:43:56.516Z,-5.4792,146.9647,194.659,4.3,mb,24,100,3.436,0.99,us,us7000spq9,2026-05-31T21:05:29.040Z,"133 km ESE of Madang, Papua New Guinea",earthquake,9.55,8.591,0.129,17,reviewed,us,us
2026-05-31T20:42:24.130Z,38.825500488281,-122.85500335693,2.3900001049042,1.32,md,22,95,0.00251,0.02,nc,nc75368916,2026-05-31T21:17:25.184Z,"10 km WNW of The Geysers, CA",earthquake,0.24,0.419999987,0.2,23,automatic,nc,nc
2026-05-31T20:40:42.510Z,33.531,-116.72233333333,6.08,0.59,ml,31,35,0.0365,0.14,ci,ci41477600,2026-06-01T13:15:53.165Z,"5 km WSW of Anza, CA",earthquake,0.15,0.34,0.18890116044828,18,reviewed,ci,ci
2026-05-31T20:37:12.410Z,38.826831817627,-122.85483551025,2.4900000095367,0.52,md,11,94,0.001744,0.02,nc,nc75368911,2026-05-31T21:07:24.114Z,"10 km WNW of The Geysers, CA",earthquake,0.37,0.660000026,0.24,11,automatic,nc,nc
2026-05-31T20:36:02.710Z,38.825500488281,-122.85500335693,2.2599999904633,1.07,md,15,120,0.00251,0.01,nc,nc75368901,2026-05-31T20:37:36.478Z,"10 km WNW of The Geysers, CA",earthquake,0.26,0.460000008,0.13,17,automatic,nc,nc
2026-05-31T20:35:10.310Z,38.825332641602,-122.85366821289,2.4100000858307,0.36,md,8,147,0.003339,0.01,nc,nc75368896,2026-05-31T20:36:46.081Z,"10 km WNW of The Geysers, CA",earthquake,0.56,1.13,0.24,9,automatic,nc,nc
2026-05-31T20:34:43.940Z,38.826831817627,-122.85099792481,3.1300001144409,0.81,md,6,172,0.004644,0.02,nc,nc75368891,2026-05-31T20:36:21.166Z,"10 km NW of The Geysers, CA",earthquake,2.65,1.13999999,0.22,9,automatic,nc,nc
2026-05-31T20:34:27.860Z,38.825164794922,-122.85466766357,2.4100000858307,1.32,md,25,82,0.002935,0.02,nc,nc75368886,2026-05-31T20:57:21.049Z,"10 km WNW of The Geysers, CA",earthquake,0.25,0.389999986,0.19,26,automatic,nc,nc
2026-05-31T20:34:07.420Z,38.819831848145,-122.85516357422,2.1800000667572,1.07,md,22,70,0.007817,0.04,nc,nc75368881,2026-05-31T20:35:41.327Z,"10 km WNW of The Geysers, CA",earthquake,0.23,0.449999988,0.14,23,automatic,nc,nc
2026-05-31T20:33:20.350Z,38.820835113525,-122.85500335693,2.5899999141693,2.62,md,57,42,0.006857,0.05,nc,nc75368871,2026-06-01T04:27:21.711Z,"10 km WNW of The Geysers, CA",earthquake,0.15,0.230000004,0.16,72,automatic,nc,nc
2026-05-31T20:32:21.577Z,39.34,-119.0262,8.0669,1.87,ml,20,73,0.07,0.1028,nn,nn00919467,2026-06-01T00:21:34.048Z,"19 km ESE of Silver Springs, Nevada",earthquake,,1.1034,0.26,14,reviewed,nn,nn
2026-05-31T20:24:40.610Z,40.222667694092,-124.16500091553,15.25,1.54,md,8,103,0.03668,0.08,nc,nc75368856,2026-05-31T21:07:23.114Z,"15 km SE of Petrolia, CA",earthquake,0.74,1.65999997,0.13,6,automatic,nc,nc
2026-05-31T19:46:48.141Z,26.468,143.6635,10,4.7,mb,70,92,10.524,0.74,us,us7000sppz,2026-05-31T20:10:31.040Z,"Bonin Islands, Japan region",earthquake,11.55,1.878,0.045,153,reviewed,us,us
2026-05-31T19:46:45.279Z,38.3848,-116.5429,3.9185,1.7,ml,14,179,1.224,0.26,nn,nn00919461,2026-05-31T19:50:50.318Z,"69 km ENE of Tonopah, Nevada",earthquake,,1.6816,0.48,6,automatic,nn,nn
2026-05-31T19:37:42.520Z,18.007666666667,-67.144,14.28,1.87,md,8,255,0.03276,0.11,pr,pr71518428,2026-05-31T20:03:18.440Z,"3 km SE of Boquerón, Puerto Rico",earthquake,0.64,0.47,0.013844944051558,4,reviewed,pr,pr
2026-05-31T19:36:46.810Z,17.947333333333,-66.916666666667,10.99,1.98,md,7,229,0.04503,0.13,pr,pr71518423,2026-05-31T19:55:46.560Z,"2 km SSW of Guánica, Puerto Rico",earthquake,0.75,0.72,0.00032612102652641,3,reviewed,pr,pr
2026-05-31T19:34:07.795Z,28.894,-98.996,6.6811,1.8,ml,6,221,0.2,0.5,tx,tx2026kqvvsm,2026-05-31T19:37:08.448Z,"9 km E of Pearsall, Texas",earthquake,0,11.4959897995,0.3,6,automatic,tx,tx
2026-05-31T19:32:37.920Z,38.837501525879,-122.79550170898,2.4400000572205,0.74,md,9,83,0.004129,0.02,nc,nc75368851,2026-05-31T20:12:21.747Z,"7 km WNW of Cobb, CA",earthquake,0.41,1.30999994,0.51,9,automatic,nc,nc
2026-05-31T19:26:49.040Z,38.83150100708,-122.81900024414,1.7300000190735,0.27,md,10,80,0.01068,0.01,nc,nc75368841,2026-05-31T19:56:40.649Z,"8 km NW of The Geysers, CA",earthquake,0.38,0.75,0.18,10,automatic,nc,nc
2026-05-31T19:15:53.660Z,36.217333333333,-118.3355,4.46,0.98,ml,19,91,0.06758,0.21,ci,ci41477576,2026-05-31T19:34:14.216Z,"30 km WSW of Olancha, CA",earthquake,0.4,0.9,0.18729065618835,5,reviewed,ci,ci
2026-05-31T19:15:39.818Z,-30.5996,-179.0432,98.548,5,mb,24,126,1.661,0.99,us,us7000sppt,2026-05-31T19:33:36.040Z,"Kermadec Islands region",earthquake,12.43,10.18,0.133,18,reviewed,us,us
2026-05-31T19:14:02.000Z,33.470666666667,-116.51366666667,12.74,0.87,ml,44,56,0.07778,0.19,ci,ci41477568,2026-05-31T19:41:33.401Z,"18 km ESE of Anza, CA",earthquake,0.2,0.44,0.13850069276537,25,reviewed,ci,ci
2026-05-31T19:11:32.650Z,35.745334625244,-121.29650115967,9.6099996566772,2.23,md,37,173,0.04128,0.14,nc,nc75368836,2026-05-31T20:37:20.914Z,"15 km NW of San Simeon, CA",earthquake,0.34,0.639999986,0.13,34,automatic,nc,nc
2026-05-31T19:09:47.800Z,38.826499938965,-122.85500335693,2.6900000572205,1.05,md,10,94,0.001795,0.01,nc,nc75368831,2026-05-31T20:22:19.814Z,"10 km WNW of The Geysers, CA",earthquake,0.41,0.769999981,0.23,9,automatic,nc,nc
2026-05-31T18:57:07.607Z,61.194,-147.896,29.9,1.1,ml,9,85,0.1,0.9,ak,aka2026ksnfex,2026-05-31T18:58:26.973Z,"61 km ESE of Knik River, Alaska",earthquake,13.6,7.8879,0.4,4,automatic,ak,ak
2026-05-31T18:54:22.960Z,33.194166666667,-115.60266666667,2.37,1.19,ml,24,44,0.01999,0.2,ci,ci41477560,2026-05-31T19:26:54.154Z,"9 km WSW of Niland, CA",earthquake,0.24,0.34,0.15316318004259,18,reviewed,ci,ci
2026-05-31T18:51:28.560Z,38.843334197998,-122.82366943359,1.4500000476837,0.26,md,9,117,0.01037,0.02,nc,nc75368826,2026-05-31T19:12:21.368Z,"9 km WNW of Cobb, CA",earthquake,0.41,0.99000001,0.17,10,automatic,nc,nc
2026-05-31T18:47:26.530Z,19.322666168213,-155.18200683594,1.4800000190735,1.7,md,35,191,0.05763,0.25999999,hv,hv74972847,2026-05-31T18:51:17.530Z,"14 km SSE of Volcano, Hawaii",earthquake,0.46,0.540000021,0.03719277201792,9,automatic,hv,hv
2026-05-31T18:45:30.510Z,28.822,-99.014,8.6785,1.9,ml,18,93,0.1,0.3,tx,tx2026kqufxn,2026-06-01T14:29:10.162Z,"11 km SE of Pearsall, Texas",earthquake,1.5631365357468,0.87732783322899,0.1,14,reviewed,tx,tx
2026-05-31T18:39:00.630Z,38.409000396729,-122.61783599853,6.8099999427795,1.7,md,20,75,0.0406,0.08,nc,nc75368821,2026-05-31T19:56:41.639Z,"6 km W of Kenwood, CA",earthquake,0.22,0.560000002,0.19,17,automatic,nc,nc
2026-05-31T18:36:29.118Z,63.581,-149.663,128.7,2.1,ml,59,31,0.4,0.6,ak,aka2026ksmnhy,2026-05-31T18:40:55.088Z,"40 km WSW of Denali Park, Alaska",earthquake,3.1,3.1312,0.3,41,automatic,ak,ak
2026-05-31T18:36:04.710Z,35.310666666667,-117.80433333333,7.22,0.96,ml,27,88,0.05489,0.17,ci,ci41477552,2026-05-31T18:47:22.379Z,"17 km WSW of Johannesburg, CA",earthquake,0.23,0.57,0.19545933213616,11,reviewed,ci,ci
2026-05-31T18:21:00.370Z,55.942,-159.945,7.5,2,ml,16,161,0.3,0.5,ak,aka2026kslzxa,2026-05-31T18:24:21.940Z,"29 km W of Ivanof Bay, Alaska",earthquake,20.9,5.1372,0.3,12,automatic,ak,ak
2026-05-31T18:19:09.999Z,1.6328,32.5621,10,4.4,mb,40,58,3.313,0.78,us,us7000sppn,2026-06-01T07:44:34.189Z,"37 km NNE of Nakasongola, Uganda",earthquake,10.64,1.906,0.095,32,reviewed,us,us
2026-05-31T18:10:07.460Z,38.834999084473,-122.79566955566,1.9800000190735,1.6,md,30,34,0.005375,0.03,nc,nc75368816,2026-05-31T19:32:21.495Z,"6 km WNW of Cobb, CA",earthquake,0.19,0.300000012,0.09,32,automatic,nc,nc
2026-05-31T18:09:48.704Z,17.3065,-84.3026,10,4.3,mb,32,72,5.44,0.49,us,us7000sppk,2026-05-31T19:06:45.040Z,"166 km N of Barra Patuca, Honduras",earthquake,9.39,1.955,0.074,51,reviewed,us,us
2026-05-31T18:09:07.760Z,38.830165863037,-122.81216430664,1.9500000476837,0.76,md,9,85,0.006955,0.07,nc,nc75368811,2026-05-31T18:27:22.099Z,"8 km NW of The Geysers, CA",earthquake,0.44,1.17999995,0.14,10,automatic,nc,nc
2026-05-31T17:48:07.220Z,38.838001251221,-122.79467010498,1.9500000476837,0.39,md,8,90,0.003403,0.02,nc,nc75368796,2026-05-31T19:07:23.343Z,"6 km WNW of Cobb, CA",earthquake,0.41,1.00999999,0.31,9,automatic,nc,nc
2026-05-31T17:47:32.380Z,19.424499511719,-154.91966247559,2.7699999809265,1.87,ml,22,198,0.03109,0.209999993,hv,hv74972772,2026-05-31T17:51:04.070Z,"5 km S of Leilani Estates, Hawaii",earthquake,0.67,0.589999974,0.67,3,automatic,hv,hv
2026-05-31T17:43:46.643Z,-21.819,-67.3987,192.122,4.3,mb,29,66,1.339,0.64,us,us7000sppj,2026-05-31T18:12:01.040Z,"110 km SE of Ollagüe, Chile",earthquake,7.9,6.997,0.13,17,reviewed,us,us
2026-05-31T17:26:30.530Z,33.056333333333,-116.46616666667,8.08,1.03,ml,46,38,0.03144,0.16,ci,ci41477536,2026-05-31T18:41:05.180Z,"13 km E of Julian, CA",earthquake,0.15,0.52,0.1745926449875,26,reviewed,ci,ci
2026-05-31T17:17:19.110Z,38.818332672119,-122.81400299072,3.1199998855591,0.77,md,10,81,0.005914,0.02,nc,nc75368786,2026-05-31T18:17:24.034Z,"7 km NW of The Geysers, CA",earthquake,0.33,1.30999994,0.11,13,automatic,nc,nc
2026-05-31T17:14:01.231Z,11.2068,-86.632,35,4.7,mb,70,172,1.326,1.01,us,us7000sppi,2026-05-31T17:40:11.040Z,"65 km SSW of Masachapa, Nicaragua",earthquake,10.45,1.959,0.031,312,reviewed,us,us
2026-05-31T17:01:54.804Z,58.869,-153.835,21.8,1.1,ml,9,166,0.1,0.7,ak,aka2026ksjjff,2026-05-31T17:04:39.727Z,"83 km SE of Kokhanok, Alaska",earthquake,20.4,8.3842,0.5,4,automatic,ak,ak
2026-05-31T16:53:39.960Z,19.407833099365,-155.27716064453,0.28999999165535,1.83,ml,21,50,0.01177,0.150000006,hv,hv74972687,2026-05-31T16:57:07.330Z,"5 km SW of Volcano, Hawaii",earthquake,0.15,0.200000003,0.34,9,automatic,hv,hv
2026-05-31T16:48:01.814Z,32.512,-101.144,0,1.2,ml,8,158,0,0.6,tx,tx2026kqqimw,2026-05-31T17:18:05.162Z,"21 km NW of Westbrook, Texas",earthquake,0,,0.2,7,automatic,tx,tx
2026-05-31T16:46:34.265Z,55.846,-157.754,28,2.3,ml,9,293,0.6,0.2,ak,aka2026ksivzz,2026-05-31T16:48:52.572Z,"64 km SE of Chignik, Alaska",earthquake,20.2,9.3644,0.2,7,automatic,ak,ak
2026-05-31T16:37:50.270Z,38.817665100098,-122.80200195312,3.5299999713898,0.35,md,10,87,0.008514,0.01,nc,nc75368771,2026-05-31T17:17:23.624Z,"6 km NW of The Geysers, CA",earthquake,0.47,1.08000004,0.2,11,automatic,nc,nc
2026-05-31T16:36:22.763Z,61.651,-149.516,17.2,2.3,ml,71,44,0.2,0.9,ak,aka2026ksineb,2026-06-01T03:45:38.860Z,"5 km WNW of Tanaina, Alaska",earthquake,2.2,1.8571,0.1,20,automatic,ak,ak
2026-05-31T16:32:43.980Z,36.766498565674,-121.42716979981,5.1900000572205,1.35,md,8,76,0.01629,0.12,nc,nc75368766,2026-05-31T17:52:20.868Z,"7 km SW of Ridgemark, CA",earthquake,0.54,1.01999998,0.04,6,automatic,nc,nc
2026-05-31T16:28:56.600Z,38.83150100708,-122.81549835205,1.8999999761581,1.33,md,24,46,0.009136,0.02,nc,nc75368761,2026-05-31T17:27:21.691Z,"8 km NW of The Geysers, CA",earthquake,0.19,0.360000014,0.13,24,automatic,nc,nc
2026-05-31T16:28:24.511Z,63.402,-151.479,0,1.8,ml,22,61,0.3,0.7,ak,aka2026ksigjp,2026-05-31T16:30:47.419Z,"19 km SE of Denali National Park, Alaska",earthquake,3.9,3.0781,0.2,4,automatic,ak,ak
2026-05-31T16:25:53.230Z,38.831001281738,-122.81616973877,2.0199999809265,0.76,md,8,153,0.008964,0.02,nc,nc75368756,2026-05-31T17:07:21.564Z,"8 km NW of The Geysers, CA",earthquake,0.41,0.860000014,0.14,8,automatic,nc,nc
2026-05-31T16:25:13.186Z,60.132,-140.935,5,1.9,ml,20,152,0.7,0.7,ak,aka2026ksidmf,2026-05-31T16:27:00.104Z,"93 km NW of Yakutat, Alaska",earthquake,6.7,,0.3,4,automatic,ak,ak
2026-05-31T16:15:52.055Z,61.375,-147.342,20,1.9,ml,39,38,0.5,0.8,ak,aka2026kshvjf,2026-05-31T16:17:09.625Z,"50 km SSE of Glacier View, Alaska",earthquake,2.4,1.8126,0.3,4,automatic,ak,ak
2026-05-31T16:14:51.443Z,31.624,-104.447,6.3562,1.7,ml,27,75,0,0.2,tx,tx2026kqpfwg,2026-06-01T09:39:38.501Z,"61 km S of Whites City, New Mexico",earthquake,1.1957817970176,0.82220649669523,0.1,15,reviewed,tx,tx
2026-05-31T16:12:21.030Z,17.9515,-66.915166666667,13.72,2.48,md,12,207,0.04144,0.18,pr,pr71518413,2026-05-31T16:58:34.400Z,"2 km SSW of Guánica, Puerto Rico",earthquake,0.63,0.32,0.10648917523641,6,reviewed,pr,pr
2026-05-31T16:07:10.140Z,34.0035,-117.21566666667,6.28,0.7,ml,27,125,0.06636,0.13,ci,ci41477520,2026-05-31T20:09:31.880Z,"7 km SE of Loma Linda, CA",earthquake,0.21,0.65,0.21817879133713,10,reviewed,ci,ci
2026-05-31T16:06:48.633Z,60.919,-147.069,34.6,1.5,ml,10,75,0,0.8,ak,aka2026kshnnp,2026-05-31T16:08:02.575Z,"22 km WNW of Tatitlek, Alaska",earthquake,7.6,4.9361,0.4,4,automatic,ak,ak
2026-05-31T16:05:39.143Z,61.637,-146.475,47.9,1.1,ml,5,182,0.3,0.2,ak,aka2026kshmnr,2026-05-31T16:07:08.828Z,"42 km SSE of Nelchina, Alaska",earthquake,16.7,10.3325,0.4,4,automatic,ak,ak
2026-05-31T16:05:32.600Z,19.3275,-66.1578,9,3.57,md,22,215,0.928,0.42,pr,pr2026151001,2026-05-31T16:27:40.433Z,"95 km N of San Juan, Puerto Rico",earthquake,1.66,3.06,0.18,14,reviewed,pr,pr
2026-05-31T15:58:44.699Z,31.596,-104.399,2.6631,1.2,ml,19,96,0.1,1.4,tx,tx2026kqosfe,2026-05-31T16:02:11.323Z,"64 km S of Whites City, New Mexico",earthquake,0,1.4414683580399,0.1,15,automatic,tx,tx
2026-05-31T15:30:33.580Z,33.154,-116.63083333333,15.63,0.9,ml,39,29,0.04709,0.2,ci,ci41477504,2026-05-31T17:57:26.789Z,"9 km NNW of Julian, CA",earthquake,0.21,0.54,0.21712341305945,23,reviewed,ci,ci
2026-05-31T15:13:18.420Z,34.2515,-117.68666666667,8.63,0.52,ml,13,115,0.02651,0.14,ci,ci41477488,2026-05-31T18:16:52.897Z,"13 km SSW of Wrightwood, CA",earthquake,0.33,0.57,0.17080370484028,7,reviewed,ci,ci
2026-05-31T15:04:25.480Z,36.790832519531,-121.41549682617,8.170000076294,1.14,md,8,107,0.03694,0.07,nc,nc75368746,2026-05-31T16:07:21.183Z,"5 km WSW of Ridgemark, CA",earthquake,0.44,1.22000003,0.03,7,automatic,nc,nc
2026-05-31T15:03:32.196Z,7.5655,91.8273,10,4.6,mb,25,97,5.592,1.01,us,us7000spp6,2026-05-31T15:30:06.040Z,"Nicobar Islands, India region",earthquake,9.74,1.9,0.158,13,reviewed,us,us
2026-05-31T14:39:57.910Z,33.034833333333,-116.29416666667,7.08,0.51,ml,32,56,0.1163,0.18,ci,ci41477480,2026-05-31T20:02:29.403Z,"19 km SW of Ocotillo Wells, CA",earthquake,0.22,0.65,0.073767800023671,6,reviewed,ci,ci
2026-05-31T14:39:27.017Z,63.264,-150.633,131.1,1.6,ml,39,57,0.7,0.5,ak,aka2026ksepuq,2026-05-31T14:41:34.410Z,"62 km ESE of Denali National Park, Alaska",earthquake,4,3.559,0.2,4,automatic,ak,ak
2026-05-31T14:27:32.984Z,19.4425,-68.7259,10,2.8,ml,10,315,0.979,1.02,us,us7000spp2,2026-05-31T15:06:12.040Z,"61 km NNE of Miches, Dominican Republic",earthquake,5.06,2.027,0.081,20,reviewed,us,us
2026-05-31T14:26:39.572Z,27.4636,139.8402,508.465,4.5,mb,67,113,8.088,0.71,us,us7000spp3,2026-05-31T14:49:11.040Z,"Bonin Islands, Japan region",earthquake,11.52,8.434,0.033,276,reviewed,us,us
2026-05-31T14:25:30.090Z,31.651,-104.436,5.177,1.9,ml,30,72,0,0.2,tx,tx2026kqlpvq,2026-06-01T08:32:51.727Z,"58 km S of Whites City, New Mexico",earthquake,1.1863712958858,0.6155300389713,0.2,19,reviewed,tx,tx
2026-05-31T14:22:47.960Z,31.624,-104.443,4.0972,0.8,ml,10,195,0,0.3,tx,tx2026kqlmks,2026-05-31T14:27:34.643Z,"61 km S of Whites City, New Mexico",earthquake,0,1.9704769849777,0.2,7,automatic,tx,tx
2026-05-31T14:21:34.253Z,62.974,-150.95,110.9,1.6,ml,36,60,0.5,0.6,ak,aka2026kseaiu,2026-05-31T14:23:42.072Z,"54 km N of Petersville, Alaska",earthquake,4.1,4.0736,0.3,4,automatic,ak,ak
2026-05-31T14:13:17.266Z,58.365,-152.695,25.3,1.5,ml,35,142,0.3,0.6,ak,aka2026ksdtat,2026-05-31T14:15:24.937Z,"36 km NNE of Aleneva, Alaska",earthquake,5.6,3.9922,0.1,4,automatic,ak,ak
2026-05-31T14:11:58.610Z,35.907833333333,-117.68833333333,2.42,1.03,ml,27,42,0.05047,0.13,ci,ci41477464,2026-05-31T17:57:43.416Z,"20 km E of Little Lake, CA",earthquake,0.14,0.2,0.1835085306069,16,reviewed,ci,ci
2026-05-31T14:10:45.900Z,19.139999389648,-155.50900268555,31.64999961853,1.9,md,32,162,0.1082,0.140000001,hv,hv74972627,2026-05-31T14:15:51.490Z,"7 km SSW of Pāhala, Hawaii",earthquake,0.8,1.12,0.10182249465652,17,automatic,hv,hv
2026-05-31T14:01:59.460Z,33.522666666667,-116.52,14.18,0.07,ml,15,70,0.07413,0.13,ci,ci10241342,2026-05-31T18:10:34.719Z,"15 km ESE of Anza, CA",earthquake,0.29,0.61,0.085837275450266,9,reviewed,ci,ci
2026-05-31T14:01:51.130Z,33.5225,-116.51916666667,12.97,0.58,ml,30,55,0.07471,0.14,ci,ci41477456,2026-05-31T18:04:16.608Z,"15 km ESE of Anza, CA",earthquake,0.18,0.37,0.14652813392858,12,reviewed,ci,ci
2026-05-31T13:58:30.008Z,32.068,-101.633,1.3465,1.1,ml,18,94,0,0.4,tx,tx2026kqksnw,2026-05-31T23:16:05.059Z,"16 km ESE of Stanton, Texas",earthquake,0,1.3493010997772,0.2,11,automatic,tx,tx
2026-05-31T13:49:52.010Z,38.819332122803,-122.80500030518,2.7799999713898,1.11,md,20,51,0.01364,0.03,nc,nc75368736,2026-05-31T15:12:23.855Z,"6 km NW of The Geysers, CA",earthquake,0.23,0.479999989,0.22,20,automatic,nc,nc
2026-05-31T13:41:39.120Z,38.818000793457,-122.80549621582,3.3499999046326,2.11,md,45,53,0.0128,0.06,nc,nc75368731,2026-05-31T14:47:24.695Z,"6 km NW of The Geysers, CA",earthquake,0.17,0.270000011,0.13,48,automatic,nc,nc
2026-05-31T13:38:50.030Z,19.703,-63.5678,63,4.07,md,24,317,1.472,0.57,pr,pr2026151000,2026-05-31T14:09:14.907Z,"173 km NNW of The Valley, Anguilla",earthquake,6.81,22.34,0.11,17,reviewed,pr,pr
2026-05-31T13:25:55.700Z,38.825332641602,-122.80899810791,1.7000000476837,0.71,md,10,68,0.002109,0.01,nc,nc75368721,2026-05-31T14:32:23.601Z,"7 km NW of The Geysers, CA",earthquake,0.37,0.829999983,0.09,10,automatic,nc,nc
2026-05-31T13:17:04.250Z,28.721,-98.475,8.2451,1.5,ml,21,54,0,0.1,tx,tx2026kqjiwl,2026-06-01T14:09:09.124Z,"7 km SSE of Christine, Texas",earthquake,0.55466406793335,0.70163571867261,0.1,15,reviewed,tx,tx
2026-05-31T13:04:28.120Z,18.1645,-66.920333333333,16.36,2.46,md,18,72,0.0618,0.26,pr,pr71518373,2026-05-31T13:16:05.370Z,"6 km ESE of Maricao, Puerto Rico",earthquake,0.43,0.83,0.20366770815994,7,reviewed,pr,pr
2026-05-31T13:03:04.040Z,33.029833333333,-116.2975,6.66,1.81,ml,72,27,0.07519,0.19,ci,ci41477448,2026-05-31T13:32:09.150Z,"20 km SW of Ocotillo Wells, CA",earthquake,0.13,0.45,0.10480397669059,26,reviewed,ci,ci
2026-05-31T13:00:27.937Z,28.723,-98.476,7.5444,1.9,ml,42,35,0,0.3,tx,tx2026kqiuoy,2026-06-01T09:18:04.785Z,"7 km SSE of Christine, Texas",earthquake,0.42502960964124,0.54539837712529,0.1,19,reviewed,tx,tx
2026-05-31T12:54:42.200Z,38.807998657227,-122.79599761963,3.789999961853,0.48,md,10,109,0.0005436,0.01,nc,nc75368716,2026-05-31T14:07:20.455Z,"5 km NW of The Geysers, CA",earthquake,0.5,1.40999997,0.24,12,automatic,nc,nc
2026-05-31T12:52:41.020Z,39.190334320068,-123.16799926758,7.8600001335144,2.01,md,25,46,0.09324,0.07,nc,nc75368711,2026-05-31T14:07:18.891Z,"6 km NE of Ukiah, CA",earthquake,0.22,0.730000019,0.14,23,automatic,nc,nc
2026-05-31T12:38:48.628Z,31.656,-104.448,5.2283,1.8,ml,28,71,0,0.2,tx,tx2026kqibtn,2026-06-01T09:48:26.402Z,"58 km S of Whites City, New Mexico",earthquake,1.335325507711,0.6264970235969,0.2,18,reviewed,tx,tx
2026-05-31T12:37:12.170Z,-21.3934,-66.6399,226.05,4.5,mb,74,61,2.107,0.9,us,us7000spnj,2026-05-31T12:54:49.040Z,"66 km SW of Atocha, Bolivia",earthquake,8.54,7.398,0.039,193,reviewed,us,us
2026-05-31T12:36:46.271Z,40.3511,142.3484,44.842,4.3,mb,70,132,1.071,0.58,us,us7000spp8,2026-06-01T06:55:47.040Z,"52 km ENE of Kuji, Japan",earthquake,7.6,7.679,0.072,55,reviewed,us,us
2026-05-31T12:28:34.900Z,35.682833333333,-117.54116666667,6.64,0.54,ml,19,73,0.09725,0.11,ci,ci41477440,2026-05-31T13:31:37.826Z,"14 km ENE of Ridgecrest, CA",earthquake,0.21,0.6,0.21518861244936,8,reviewed,ci,ci
2026-05-31T12:26:00.984Z,64.658,-149.328,5,1,ml,12,71,0.1,0.6,ak,aka2026ksaecj,2026-05-31T12:27:26.371Z,"11 km WNW of Four Mile Road, Alaska",earthquake,3.7,,0.2,4,automatic,ak,ak
2026-05-31T12:06:14.310Z,31.623,-104.466,2.8472,1.1,ml,11,160,0,0.4,tx,tx2026kqgzvr,2026-05-31T12:15:15.548Z,"61 km S of Whites City, New Mexico",earthquake,0,2.0099430084229,0.1,7,automatic,tx,tx
2026-05-31T12:02:29.417Z,62.075,-151.261,73.2,2.5,ml,85,36,0.5,1.1,ak,aka2026krzjsy,2026-05-31T13:35:55.040Z,"11 km NE of Skwentna, Alaska",earthquake,2.3,4.0672,0.2,59,automatic,ak,ak
2026-05-31T11:48:30.772Z,31.659,-104.439,5.4333,1.9,ml,26,72,0,0.2,tx,tx2026kqgkoq,2026-06-01T09:05:06.223Z,"57 km S of Whites City, New Mexico",earthquake,1.0138502486026,0.62632673182325,0.1,17,reviewed,tx,tx
2026-05-31T11:42:40.830Z,17.880666666667,-66.8675,15.27,2.39,md,10,241,0.09454,0.12,pr,pr71518363,2026-05-31T11:55:23.900Z,"10 km SSE of Guánica, Puerto Rico",earthquake,0.48,0.54,0.062216021356569,7,reviewed,pr,pr
2026-05-31T11:38:59.770Z,38.828834533691,-122.81216430664,1.4900000095367,1.14,md,13,49,0.005672,0.02,nc,nc75368696,2026-05-31T12:37:21.854Z,"7 km NW of The Geysers, CA",earthquake,0.25,0.670000017,0.33,12,automatic,nc,nc
2026-05-31T11:38:23.450Z,38.799667358398,-122.83083343506,14.680000305176,0.83,md,9,188,0.008762,0.11,nc,nc75368691,2026-05-31T12:12:22.691Z,"7 km WNW of The Geysers, CA",earthquake,3.84,8.85000038,0.03,10,automatic,nc,nc
2026-05-31T11:21:19.838Z,61.255,-147.391,5,1.1,ml,4,252,0.4,0.1,ak,aka2026kryaao,2026-05-31T11:22:44.736Z,"57 km WNW of Valdez, Alaska",earthquake,50.5,,0.3,4,automatic,ak,ak
2026-05-31T11:17:22.200Z,35.735333333333,-117.55916666667,6.74,1.08,ml,32,65,0.08608,0.22,ci,ci41477432,2026-05-31T13:31:36.207Z,"14 km WSW of Searles Valley, CA",earthquake,0.24,0.66,0.15108213743788,16,reviewed,ci,ci
2026-05-31T10:58:53.073Z,40.3771,142.1211,58.297,4.2,mb,35,174,0.904,0.52,us,us7000spn7,2026-05-31T11:28:23.040Z,"36 km NE of Kuji, Japan",earthquake,4.71,8.211,0.118,20,reviewed,us,us
2026-05-31T10:56:17.840Z,34.192,-117.44183333333,6.61,0.59,ml,45,36,0.01195,0.19,ci,ci41477424,2026-05-31T13:31:52.207Z,"5 km SW of Devore, CA",earthquake,0.21,0.35,0.16879726917905,18,reviewed,ci,ci
2026-05-31T10:51:46.961Z,12.0691,-88.2835,10,4.6,mb,54,152,1.392,1.34,us,us7000spn5,2026-05-31T11:17:58.040Z,"117 km SW of Jiquilillo, Nicaragua",earthquake,10.28,1.937,0.044,153,reviewed,us,us
2026-05-31T10:34:52.179Z,28.721,-98.474,8.5664,1.6,ml,40,54,0,0.2,tx,tx2026kqdzcu,2026-06-01T11:26:38.474Z,"7 km SSE of Christine, Texas",earthquake,0.82741118423993,1.0091287784197,0.1,21,reviewed,tx,tx
2026-05-31T10:24:10.800Z,36.532833099365,-121.14316558838,1.3700000047684,1.26,md,14,52,0.05159,0.2,nc,nc75368681,2026-05-31T11:42:24.495Z,"0 km N of Pinnacles, CA",earthquake,0.42,1.34000003,0.27,9,automatic,nc,nc
2026-05-31T10:14:14.550Z,35.705833333333,-117.51816666667,6.44,1.53,ml,44,54,0.08697,0.14,ci,ci41477416,2026-05-31T13:33:22.200Z,"12 km WSW of Searles Valley, CA",earthquake,0.13,0.47,0.17972286469973,26,reviewed,ci,ci
2026-05-31T10:09:11.470Z,38.770000457764,-122.71633148193,1.8600000143051,1.59,md,20,71,0.01072,0.09,nc,nc75368671,2026-05-31T11:07:23.248Z,"2 km WSW of Anderson Springs, CA",earthquake,0.28,0.50999999,0.13,21,automatic,nc,nc
2026-05-31T10:05:55.840Z,45.6575,-111.60433333333,2.39,1.3,ml,13,46,0.06309,0.25,mb,mb90142908,2026-06-01T14:01:59.170Z,"14 km ESE of Harrison, Montana",earthquake,0.39,0.88,0.25994908028278,12,reviewed,mb,mb
2026-05-31T10:03:51.700Z,44.798333333333,-110.83333333333,4.1,0.21,ml,14,107,0.01579,0.13,uu,uu80141371,2026-06-01T13:40:39.250Z,"22 km SSW of Mammoth, Wyoming",earthquake,0.36,0.41,0.027844564579042,2,reviewed,uu,uu
2026-05-31T10:00:05.770Z,45.659,-111.59883333333,0.95,1.34,ml,18,46,0.0657,0.22,mb,mb90142903,2026-06-01T13:57:33.190Z,"15 km ESE of Harrison, Montana",earthquake,0.37,0.83,0.23322270373863,13,reviewed,mb,mb
2026-05-31T09:55:05.250Z,44.7735,-111.378,10.68,0.5,ml,11,95,0.06811,0.25,mb,mb90142898,2026-06-01T13:51:02.800Z,"14 km W of Hebgen Lake Estates, Montana",earthquake,0.6,1.16,0.3779513048864,7,reviewed,mb,mb
2026-05-31T09:49:40.759Z,34.421,-97.468,5.19,2.09,ml,94,41,0.05758869913,0.46,ok,ok2026koux,2026-06-01T12:12:49.180Z,"4 km SE of Ratliff City, Oklahoma",earthquake,,0.9,0.29,45,reviewed,ok,ok
2026-05-31T09:40:21.080Z,40.321334838867,-124.44699859619,30.430000305176,1.95,md,8,302,0.08634,0.07,nc,nc75368661,2026-05-31T10:12:21.894Z,"14 km W of Petrolia, CA",earthquake,4.79,4.55999994,0.07,7,automatic,nc,nc
2026-05-31T09:29:32.424Z,31.621,-104.108,6.7664,1.8,ml,23,78,0,0.1,tx,tx2026kqbuqg,2026-05-31T13:43:20.119Z,"45 km NW of Toyah, Texas",earthquake,0.5201510360843,0.53194117501691,0.2,22,reviewed,tx,tx
2026-05-31T09:21:44.980Z,44.782833333333,-111.36983333333,11.81,0.68,ml,14,88,0.06421,0.39,mb,mb90142893,2026-06-01T13:47:16.020Z,"14 km W of Hebgen Lake Estates, Montana",earthquake,0.75,0.9,0.21714589860761,11,reviewed,mb,mb
2026-05-31T09:18:50.400Z,34.101666666667,-116.9695,8.98,0.58,ml,34,66,0.02905,0.13,ci,ci41477408,2026-05-31T13:32:11.797Z,"10 km NE of Yucaipa, CA",earthquake,0.18,0.34,0.15271711897999,14,reviewed,ci,ci
2026-05-31T09:12:54.286Z,58.243,-154.98,5,0.5,ml,11,137,0.1,0.3,ak,aka2026krtsqo,2026-05-31T09:14:29.020Z,"81 km NNW of Karluk, Alaska",earthquake,5.5,,0.2,5,automatic,ak,ak
2026-05-31T09:11:59.865Z,31.68,-104.295,7.8943,1.8,ml,23,65,0,0.1,tx,tx2026kqbfrx,2026-05-31T14:14:23.449Z,"55 km S of Whites City, New Mexico",earthquake,1.1979302290309,1.3330300098138,0.2,19,reviewed,tx,tx
2026-05-31T09:00:59.080Z,17.977166666667,-66.981666666667,9.82,2.06,md,12,172,0.06004,0.13,pr,pr71518348,2026-05-31T10:47:15.680Z,"6 km E of La Parguera, Puerto Rico",earthquake,0.42,0.75,0.24753136823367,9,reviewed,pr,pr
2026-05-31T08:40:32.770Z,56.972,-157.508,5,1.6,ml,8,193,0.3,0.7,ak,aka2026krsqpa,2026-05-31T08:42:27.698Z,"60 km S of Ugashik, Alaska",earthquake,13.7,,0.2,4,automatic,ak,ak
2026-05-31T08:30:31.468Z,62.179,-148.591,33.1,1.5,ml,10,130,0.4,0.7,ak,aka2026krshws,2026-05-31T08:31:50.097Z,"43 km N of Chickaloon, Alaska",earthquake,7.1,4.9187,0.1,4,automatic,ak,ak
2026-05-31T08:22:38.030Z,37.333999633789,-122.2183303833,8.7299995422363,1.03,md,6,128,0.03481,0.07,nc,nc75368656,2026-05-31T08:47:22.325Z,"6 km SSE of Portola Valley, CA",earthquake,1.15,2.58999991,0.1,5,automatic,nc,nc
2026-05-31T08:18:05.180Z,37.334499359131,-122.202003479,8.539999961853,1.49,md,12,92,0.02765,0.05,nc,nc75368651,2026-05-31T09:37:20.652Z,"6 km SSE of Portola Valley, CA",earthquake,0.51,0.379999995,0.21,10,automatic,nc,nc
2026-05-31T08:12:17.210Z,38.823165893555,-122.81066894531,2.289999961853,1.06,md,18,45,0.000518,0.01,nc,nc75368641,2026-05-31T09:12:21.484Z,"7 km NW of The Geysers, CA",earthquake,0.22,0.560000002,0.18,19,automatic,nc,nc
2026-05-31T08:09:23.180Z,37.173332214355,-122.34700012207,12.619999885559,2.46,md,56,188,0.02517,0.14,nc,nc75368636,2026-05-31T19:45:25.587Z,"21 km WNW of Boulder Creek, CA",earthquake,0.35,0.419999987,0.16,66,automatic,nc,nc
2026-05-31T08:09:10.690Z,44.793,-110.8285,4.64,1.06,ml,18,104,0.01635,0.11,uu,uu80141366,2026-06-01T13:54:02.950Z,"22 km SSW of Mammoth, Wyoming",earthquake,0.25,0.36,0.16121022334056,4,reviewed,uu,uu
2026-05-31T08:08:01.000Z,33.8935,-117.8535,10,1.68,ml,98,19,0.04016,0.22,ci,ci41477400,2026-05-31T13:33:16.510Z,"3 km NNE of Placentia, CA",earthquake,0.15,0.32,0.24031895785119,27,reviewed,ci,ci
2026-05-31T08:06:18.470Z,35.884,-117.6785,5.51,0.42,ml,15,91,0.06773,0.12,ci,ci41477384,2026-05-31T13:32:45.473Z,"21 km ESE of Little Lake, CA",earthquake,0.18,0.67,0.057906065969289,5,reviewed,ci,ci
2026-05-31T08:02:39.555Z,31.679,-104.302,7.1575,1.1,ml,12,90,0,0.4,tx,tx2026kpyxyj,2026-05-31T08:05:06.333Z,"55 km S of Whites City, New Mexico",earthquake,0,2.3371713161469,0.3,10,automatic,tx,tx
2026-05-31T08:00:14.060Z,38.823665618896,-122.81066894531,2.1800000667572,1.7,md,33,38,0.0005376,0.05,nc,nc75368631,2026-05-31T08:32:21.240Z,"7 km NW of The Geysers, CA",earthquake,0.19,0.310000002,0.15,35,automatic,nc,nc
2026-05-31T08:00:01.430Z,34.447333333333,-117.922,9.05,0.55,ml,20,46,0.02766,0.14,ci,ci41477376,2026-05-31T17:56:42.912Z,"7 km S of Pearblossom, CA",earthquake,0.2,0.45,0.093839163903424,12,reviewed,ci,ci
2026-05-31T07:41:20.575Z,31.692,-104.3,6.7151,1.7,ml,33,70,0,0.2,tx,tx2026kpyfnf,2026-06-01T12:48:35.016Z,"54 km S of Whites City, New Mexico",earthquake,0.61551458566565,0.74814015667752,0.1,25,reviewed,tx,tx
2026-05-31T07:40:59.588Z,-31.6987,-69.3647,113.352,4.3,mb,54,46,0.611,0.67,us,us7000spmq,2026-05-31T08:14:13.040Z,"40 km S of Calingasta, Argentina",earthquake,5.2,5.324,0.094,32,reviewed,us,us
2026-05-31T07:40:16.492Z,31.697,-104.307,7.1765,1.6,ml,36,75,0,0.2,tx,tx2026kpyepo,2026-06-01T14:01:18.063Z,"53 km S of Whites City, New Mexico",earthquake,0.70132287728426,0.84206996041827,0.1,24,reviewed,tx,tx
2026-05-31T07:36:18.530Z,39.266666412354,-122.75399780273,2.539999961853,2.08,md,17,70,0.1251,0.13,nc,nc75368626,2026-05-31T07:57:20.025Z,"18 km NE of Upper Lake, CA",earthquake,0.34,2.48000002,0.18,11,automatic,nc,nc
2026-05-31T07:27:10.680Z,19.034334182739,-155.38282775879,29.950000762939,2.21,md,39,211,0.2026,0.209999993,hv,hv74972447,2026-05-31T07:32:16.040Z,"21 km E of Naalehu, Hawaii",earthquake,0.79,1.11000001,0.085734760750478,14,automatic,hv,hv
2026-05-31T07:24:12.431Z,60.824,-143.335,5,1.6,ml,25,58,0.1,0.9,ak,aka2026krqckm,2026-05-31T07:25:45.607Z,"71 km SSW of McCarthy, Alaska",earthquake,2.9,,0.2,6,automatic,ak,ak
2026-05-31T07:20:23.520Z,17.984166666667,-67.171833333333,13.5,1.83,md,4,287,0.06322,0.05,pr,pr71518343,2026-05-31T10:58:03.120Z,"1 km NE of Pole Ojea, Puerto Rico",earthquake,0.89,0.36,0.087472156707886,3,reviewed,pr,pr
2026-05-31T06:39:41.830Z,37.332832336426,-122.21633148193,8.9300003051758,0.96,md,6,127,0.03471,0.06,nc,nc75368621,2026-05-31T06:57:23.655Z,"6 km SSE of Portola Valley, CA",earthquake,1.14,2.56999993,0.13,5,automatic,nc,nc
2026-05-31T06:37:55.120Z,33.933,-116.879,13.68,0.91,ml,38,36,0.1178,0.12,ci,ci41477368,2026-05-31T19:56:10.378Z,"1 km NNW of Banning, CA",earthquake,0.14,0.39,0.073827483113826,19,reviewed,ci,ci
2026-05-31T06:21:09.650Z,36.610668182373,-121.12866973877,8.289999961853,2.55,md,57,48,0.05643,0.15,nc,nc75368616,2026-05-31T07:27:21.839Z,"9 km N of Pinnacles, CA",earthquake,0.22,0.579999983,0.15,59,automatic,nc,nc
2026-05-31T06:15:43.420Z,38.836498260498,-122.80117034912,2.289999961853,0.5,md,13,68,0.008668,0.01,nc,nc75368611,2026-05-31T06:37:23.529Z,"7 km WNW of Cobb, CA",earthquake,0.33,0.980000019,0.35,12,automatic,nc,nc
2026-05-31T06:06:31.560Z,41.8755,-121.19883333333,10.45,0.93,md,7,125,0.1012,0.15,uw,uw62253897,2026-06-01T04:14:10.590Z,"14 km E of Newell, California",earthquake,0.86,1.16,0.11602988506505,3,reviewed,uw,uw
2026-05-31T05:57:20.994Z,60.579,-142.671,18.4,0.8,ml,13,120,0.2,0.8,ak,aka2026krnfbp,2026-05-31T05:58:39.185Z,"96 km S of McCarthy, Alaska",earthquake,4.6,2.8519,0.4,5,automatic,ak,ak
2026-05-31T05:50:06.141Z,-31.0098,-65.6553,181.915,4.5,mb,31,86,1.317,0.64,us,us7000spmd,2026-05-31T07:54:56.040Z,"48 km S of Castro Barros, Argentina",earthquake,10.32,9.215,0.119,21,reviewed,us,us
2026-05-31T05:43:41.080Z,33.178666666667,-115.61166666667,3.46,1.22,ml,36,85,0.01017,0.19,ci,ci41477360,2026-05-31T17:50:37.873Z,"11 km WNW of Calipatria, CA",earthquake,0.17,0.23,0.16376371748815,23,reviewed,ci,ci
2026-05-31T05:32:36.899Z,35.15766667,-97.77633333,5.88,0.87,ml,20,68,0.0449911712,0.19,ok,ok2026koml,2026-06-01T12:50:55.898Z,"9 km SSW of Bridge Creek, Oklahoma",earthquake,,0.9,0.28,11,reviewed,ok,ok
2026-05-31T05:30:58.900Z,33.1785,-115.61583333333,3.06,1.58,ml,43,42,0.007296,0.19,ci,ci41477352,2026-05-31T17:10:07.648Z,"11 km WNW of Calipatria, CA",earthquake,0.18,0.2,0.15603331335361,43,reviewed,ci,ci
2026-05-31T05:26:52.330Z,18.145166666667,-66.665666666667,13.41,1.97,md,6,185,0.108,0.35,pr,pr71518333,2026-05-31T10:51:11.670Z,"6 km ESE of Adjuntas, Puerto Rico",earthquake,2.64,1.97,0.23995254805423,5,reviewed,pr,pr
2026-05-31T05:24:55.990Z,33.176,-115.616,3.4,1.37,ml,37,43,0.008996,0.19,ci,ci41477344,2026-05-31T18:24:26.427Z,"11 km WNW of Calipatria, CA",earthquake,0.2,0.24,0.13027322175063,28,reviewed,ci,ci
2026-05-31T05:23:43.240Z,38.821166992188,-122.8261642456,0.95999997854233,0.97,md,8,94,0.007194,0.01,nc,nc75368606,2026-05-31T06:32:20.497Z,"8 km NW of The Geysers, CA",earthquake,0.31,1.01999998,0.27,8,automatic,nc,nc
2026-05-31T05:23:10.890Z,33.175166666667,-115.61233333333,3.92,1.55,ml,42,43,0.01169,0.17,ci,ci41477336,2026-05-31T16:27:18.382Z,"11 km WNW of Calipatria, CA",earthquake,0.18,0.27,0.15994465673022,38,reviewed,ci,ci
2026-05-31T05:20:22.805Z,38.4426,-116.5165,2.7698,2.32,ml,7,184,0.218,0.0728,nn,nn00919442,2026-05-31T17:13:36.186Z,"75 km ENE of Tonopah, Nevada",earthquake,,3.3895,0.09,2,reviewed,nn,nn
2026-05-31T05:15:11.312Z,62.402,-151.501,93.1,2,ml,49,62,0.4,0.8,ak,aka2026krluow,2026-05-31T05:17:18.693Z,"39 km WSW of Petersville, Alaska",earthquake,3.4,3.4554,0.2,4,automatic,ak,ak
2026-05-31T05:14:49.338Z,31.768,-101.922,4.8096,1.6,ml,32,86,0,0.2,tx,tx2026kpthrx,2026-05-31T12:45:49.083Z,"29 km SSE of Midland, Texas",earthquake,0.76314893418976,0.98948727989722,0.2,24,reviewed,tx,tx
2026-05-31T05:11:04.804Z,31.693,-101.969,6.5674,1.5,ml,26,65,0.1,0.2,tx,tx2026kptehv,2026-05-31T13:06:55.420Z,"35 km SSE of Midland, Texas",earthquake,1.1615947808182,2.3165982645173,0.2,18,reviewed,tx,tx
2026-05-31T04:55:13.930Z,38.770000457764,-122.72750091553,1.2699999809265,1.22,md,9,66,0.008645,0.02,nc,nc75368601,2026-05-31T05:42:22.168Z,"3 km ESE of The Geysers, CA",earthquake,0.36,0.370000005,0.47,10,automatic,nc,nc
2026-05-31T04:51:38.177Z,58.265,-155.539,5,0.9,ml,16,67,0.1,0.5,ak,aka2026krladb,2026-05-31T04:53:19.724Z,"80 km SE of King Salmon, Alaska",earthquake,5.4,,0.2,4,automatic,ak,ak
2026-05-31T04:48:58.790Z,33.948833333333,-116.80633333333,14.62,1.73,ml,89,24,0.03958,0.19,ci,ci41477328,2026-05-31T13:35:32.360Z,"4 km NNW of Cabazon, CA",earthquake,0.12,0.24,0.18649433077872,26,reviewed,ci,ci
2026-05-31T04:43:09.790Z,38.819999694824,-122.79216766357,1.5,1.11,md,16,55,0.01121,0.03,nc,nc75368596,2026-05-31T05:17:23.006Z,"6 km NNW of The Geysers, CA",earthquake,0.24,0.449999988,0.18,18,automatic,nc,nc
2026-05-31T04:41:41.202Z,59.834,-153.744,167.6,3.2,ml,173,47,0.4,1,ak,aka2026krkrmg,2026-05-31T04:51:45.040Z,"20 km ENE of Pedro Bay, Alaska",earthquake,2.7,1.4199,0.3,100,automatic,ak,ak
2026-05-31T04:22:59.390Z,56.273,-158.627,15.1,1.1,ml,7,184,0.1,0.4,ak,aka2026krkbhd,2026-05-31T04:25:47.731Z,"7 km WSW of Chignik Lagoon, Alaska",earthquake,12.2,7.2566,0.3,7,automatic,ak,ak
2026-05-31T04:20:25.080Z,17.981,-66.876166666667,12.33,2,md,5,243,0.006606,0.22,pr,pr71518328,2026-05-31T10:46:20.390Z,"1 km ENE of Maria Antonia, Puerto Rico",earthquake,1.15,1.12,0.019528611435195,4,reviewed,pr,pr
2026-05-31T04:18:37.130Z,34.42983333,-97.4775,5.19,1.55,ml,70,51,0.06658693337,0.49,ok,ok2026kojz,2026-06-01T12:47:00.387Z,"3 km SE of Ratliff City, Oklahoma",earthquake,,1,0.27,31,reviewed,ok,ok
2026-05-31T03:59:40.061Z,63.499,-149.964,110.8,1.8,ml,34,41,0.5,0.7,ak,aka2026krjgcp,2026-05-31T04:03:14.914Z,"51 km WNW of Cantwell, Alaska",earthquake,4.7,3.7058,0.3,21,automatic,ak,ak
2026-05-31T03:58:43.760Z,34.188333333333,-117.43633333333,6.61,0.48,ml,28,64,0.05594,0.14,ci,ci41477320,2026-05-31T15:19:45.451Z,"5 km SW of Devore, CA",earthquake,0.23,0.39,0.12035012553077,6,reviewed,ci,ci
2026-05-31T03:57:05.760Z,-24.0984,-179.7084,486.212,5,mb,44,110,5.367,0.69,us,us7000splv,2026-05-31T04:11:29.040Z,"south of the Fiji Islands",earthquake,12.16,8.547,0.107,28,reviewed,us,us
2026-05-31T03:44:26.450Z,44.838,-111.482,12.26,0.44,ml,10,122,0.03772,0.26,mb,mb90142883,2026-06-01T13:40:54.700Z,"24 km WNW of Hebgen Lake Estates, Montana",earthquake,0.63,1.67,0.31073665861315,7,reviewed,mb,mb
2026-05-31T03:44:17.176Z,31.689,-104.306,7.2791,1.6,ml,20,65,0,0.1,tx,tx2026kpqjeg,2026-05-31T14:23:42.358Z,"54 km S of Whites City, New Mexico",earthquake,0.85300748947332,0.76720129716041,0.1,33,reviewed,tx,tx
2026-05-31T03:42:37.510Z,33.394833333333,-116.4085,14.53,0.49,ml,28,71,0.07623,0.16,ci,ci41477312,2026-05-31T19:47:22.558Z,"16 km NNW of Borrego Springs, CA",earthquake,0.25,0.52,0.1604303215423,6,reviewed,ci,ci
2026-05-31T03:38:25.570Z,44.579333333333,-111.18483333333,6.57,0.23,ml,7,113,0.06561,0.19,mb,mb90142878,2026-06-01T13:36:03.720Z,"11 km SW of West Yellowstone, Montana",earthquake,0.5,1.26,0.30902458344772,4,reviewed,mb,mb
2026-05-31T03:35:17.800Z,19.201166152954,-155.37167358398,30.790000915527,2.25,ml,47,172,0.04361,0.119999997,hv,hv74972352,2026-05-31T03:39:24.420Z,"11 km E of Pāhala, Hawaii",earthquake,0.4,0.479999989,0.31,4,automatic,hv,hv
2026-05-31T03:32:23.788Z,58.283,-155.549,5,0.7,ml,14,70,0.1,0.5,ak,aka2026krijkm,2026-05-31T03:34:10.392Z,"79 km SE of King Salmon, Alaska",earthquake,5.5,,0.2,5,automatic,ak,ak
2026-05-31T03:27:07.780Z,32.743333333333,-115.5975,12.68,1.89,ml,36,42,0.02945,0.25,ci,ci41477304,2026-05-31T15:49:12.620Z,"6 km SW of El Centro, CA",earthquake,0.28,0.58,0.19753982838935,45,reviewed,ci,ci
2026-05-31T03:22:41.631Z,62.426,-151.36,99.8,1.9,ml,55,62,0.6,0.7,ak,aka2026kribgw,2026-05-31T03:25:33.237Z,"31 km WSW of Petersville, Alaska",earthquake,2.6,3.5369,0.1,13,automatic,ak,ak
2026-05-31T03:19:38.790Z,33.582666666667,-116.71383333333,11.52,0.71,ml,13,87,0.02613,0.11,ci,ci41477296,2026-05-31T13:34:48.803Z,"5 km NW of Anza, CA",earthquake,0.27,0.46,0.17222414039712,8,reviewed,ci,ci
2026-05-31T03:19:10.010Z,33.571166666667,-116.72116666667,11.82,1.4,ml,74,25,0.01469,0.19,ci,ci41477288,2026-05-31T13:35:29.388Z,"5 km WNW of Anza, CA",earthquake,0.13,0.32,0.20488880205877,26,reviewed,ci,ci
2026-05-31T03:18:04.060Z,34.2785,-117.06233333333,7.93,0.87,ml,41,59,0.05184,0.16,ci,ci41477280,2026-05-31T19:15:39.946Z,"9 km NNE of Running Springs, CA",earthquake,0.19,0.32,0.10222036513332,12,reviewed,ci,ci
2026-05-31T03:15:29.593Z,31.656,-102.043,3.1875,0.5,ml,9,134,0.1,0.3,tx,tx2026kppknv,2026-05-31T11:16:50.144Z,"37 km SE of Odessa, Texas",earthquake,0,2.0906324386597,0.5,7,automatic,tx,tx
2026-05-31T03:11:13.400Z,33.524666666667,-116.73716666667,3.52,0.49,ml,23,44,0.0406,0.14,ci,ci41477272,2026-05-31T13:35:44.392Z,"7 km WSW of Anza, CA",earthquake,0.18,0.38,0.090607130995749,7,reviewed,ci,ci
2026-05-31T02:54:50.130Z,36.020832061768,-120.58100128174,1.4199999570847,0.49,md,8,138,0.03775,0.04,nc,nc75368586,2026-05-31T04:17:22.605Z,"19 km NW of Parkfield, CA",earthquake,0.43,1.52999997,0.09,3,automatic,nc,nc
2026-05-31T02:48:01.280Z,-17.3616,167.751,35,5,mb,24,178,1.975,0.76,us,us7000splm,2026-05-31T03:04:02.040Z,"72 km NW of Port-Vila, Vanuatu",earthquake,10.33,1.943,0.126,20,reviewed,us,us
2026-05-31T02:21:28.991Z,14.1532,-92.4462,45.235,4.1,mb,25,174,2.137,0.89,us,us7000spli,2026-05-31T02:44:04.040Z,"48 km SW of Ocós, Guatemala",earthquake,10.73,10.595,0.084,39,reviewed,us,us
2026-05-31T02:18:16.196Z,65.93,-150.057,7.4,1.1,ml,6,209,0.2,0.7,ak,aka2026krfxdm,2026-05-31T02:20:03.014Z,"44 km WSW of Stevens Village, Alaska",earthquake,22.1,10.3798,0.4,4,automatic,ak,ak
2026-05-31T02:18:12.540Z,35.295666666667,-117.80316666667,7.62,1.37,ml,37,61,0.04485,0.17,ci,ci41477264,2026-05-31T18:31:59.915Z,"18 km WSW of Johannesburg, CA",earthquake,0.19,0.55,0.15750648454741,25,reviewed,ci,ci
2026-05-31T02:14:12.981Z,60.657,-149.394,9.1,1.6,ml,32,60,0.5,0.7,ak,aka2026krftqe,2026-05-31T02:16:12.942Z,"18 km N of Moose Pass, Alaska",earthquake,3.2,2.1903,0.1,6,automatic,ak,ak
2026-05-31T02:10:47.100Z,47.609166666667,-121.80683333333,17.6,0.98,ml,11,122,0.1011,0.1,uw,uw62253852,2026-06-01T04:00:30.720Z,"7 km NE of Fall City, Washington",earthquake,0.47,0.55,0.31839705403656,4,reviewed,uw,uw
2026-05-31T02:10:04.363Z,32.48,-101.179,1.6,1.3,ml,18,92,0,0.6,tx,tx2026kpnfuz,2026-05-31T02:13:55.195Z,"20 km NW of Westbrook, Texas",earthquake,0,1.3537292480469,0.3,12,automatic,tx,tx
2026-05-31T02:10:03.863Z,32.478,-101.182,3.1754,1.3,ml,23,113,0,0.4,tx,tx2026kpnfvs,2026-05-31T11:16:38.874Z,"20 km NW of Westbrook, Texas",earthquake,0,1.1785688400269,0.2,12,automatic,tx,tx
2026-05-31T02:00:21.620Z,58.1815,-155.35183333333,0.61,-0.25,ml,10,81,0.03143,0.13,av,av94216693,2026-05-31T18:17:01.150Z,"86 km NW of Karluk, Alaska",earthquake,0.22,0.78,0.20807723452286,10,reviewed,av,av
2026-05-31T01:55:01.700Z,35.744666666667,-118.50733333333,9.78,1.26,ml,26,51,0.04134,0.16,ci,ci41477240,2026-05-31T19:30:10.458Z,"6 km NW of Wofford Heights, CA",earthquake,0.21,0.4,0.28616556868152,11,reviewed,ci,ci
2026-05-31T01:54:38.940Z,58.171833333333,-155.37166666667,2.06,0.23,ml,12,66,0.04484,0.08,av,av94216683,2026-05-31T18:12:30.850Z,"86 km NW of Karluk, Alaska",earthquake,0.2,0.37,0.19106726475238,12,reviewed,av,av
2026-05-31T01:50:22.560Z,46.8125,-121.99983333333,6.53,0.59,ml,25,94,0.0456,0.08,uw,uw62253837,2026-06-01T03:48:17.200Z,"6 km NNE of Ashford, Washington",earthquake,0.21,0.45,0.13667106769181,11,reviewed,uw,uw
2026-05-31T01:19:39.330Z,31.478666666667,-115.65733333333,6.54,2.71,ml,8,133,0.5157,0.14,ci,ci10241278,2026-05-31T15:27:50.632Z,"90 km ESE of Maneadero, B.C., MX",earthquake,0.35,3.81,0.16239262614287,29,reviewed,ci,ci
2026-05-31T01:07:25.990Z,39.048332214355,-122.91616821289,3.3099999427795,1.87,md,21,60,0.107,0.09,nc,nc75368576,2026-05-31T03:07:24.153Z,"1 km N of Lakeport, CA",earthquake,0.23,1.61000001,0.16,17,automatic,nc,nc
2026-05-31T01:02:14.440Z,38.38750076294,-122.48066711426,3.960000038147,1.36,md,7,175,0.2937,0.04,nc,nc75368571,2026-05-31T02:37:21.968Z,"5 km ENE of Glen Ellen, CA",earthquake,2.94,6.28000021,,1,automatic,nc,nc
2026-05-31T01:01:33.460Z,38.81600189209,-122.79633331299,3.5999999046326,1.04,md,22,44,0.008062,0.02,nc,nc75368566,2026-05-31T01:03:10.106Z,"6 km NW of The Geysers, CA",earthquake,0.26,0.550000012,0.14,24,automatic,nc,nc
2026-05-31T00:54:15.780Z,60.149333333333,-153.087,11.84,0.32,ml,4,328,0.09303,0.15,av,av94216638,2026-05-31T17:57:30.030Z,"68 km E of Port Alsworth, Alaska",earthquake,3.31,1.68,0.07048305559753,4,reviewed,av,av
2026-05-31T00:54:00.462Z,62.1963,-26.4033,10,4.9,mww,61,55,3.427,0.76,us,us7000spl8,2026-05-31T01:14:23.040Z,"271 km SW of Grindavík, Iceland",earthquake,8.67,1.868,0.063,24,reviewed,us,us
2026-05-31T00:49:47.604Z,64.772,-149.83,0.9,1.6,ml,18,58,0.4,0.9,ak,aka2026krcylb,2026-05-31T00:51:22.591Z,"38 km WNW of Four Mile Road, Alaska",earthquake,3.3,3.3097,0.3,5,automatic,ak,ak
2026-05-31T00:45:34.250Z,38.821334838867,-122.84233093262,1.789999961853,0.92,md,13,72,0.005974,0.03,nc,nc75368556,2026-05-31T01:47:23.657Z,"9 km WNW of The Geysers, CA",earthquake,0.31,0.5,0.25,17,automatic,nc,nc
2026-05-31T00:22:29.523Z,60.91,-149.459,15.9,2.5,ml,94,49,0.2,1.3,ak,aka2026krcaud,2026-05-31T01:15:37.167Z,"3 km NW of Sunrise, Alaska",earthquake,2.4,1.9987,0.1,67,automatic,ak,ak
2026-05-31T00:18:18.178Z,32.103,-101.924,9.1064,1,ml,22,82,0.1,0.2,tx,tx2026kpjnow,2026-06-01T13:36:45.929Z,"13 km WSW of Stanton, Texas",earthquake,0.46884714526892,1.0288133720938,0.2,19,reviewed,tx,tx
2026-05-31T00:11:14.690Z,38.784332275391,-122.76349639893,4.0300002098083,1.04,md,13,69,0.0137,0.02,nc,nc75368546,2026-05-31T00:42:20.233Z,"1 km NW of The Geysers, CA",earthquake,0.37,0.870000005,0.09,13,automatic,nc,nc
2026-05-31T00:09:29.378Z,58.729,-152.822,65,1.5,ml,18,125,0.3,0.5,ak,aka2026krbpmm,2026-05-31T00:11:28.217Z,"74 km N of Aleneva, Alaska",earthquake,7.5,5.88,0.7,4,automatic,ak,ak
2026-05-30T23:58:58.650Z,38.085833333333,-112.48116666667,-0.87,2.06,ml,17,85,0.2282,0.22,uu,uu80141351,2026-06-01T14:00:07.870Z,"20 km WSW of Circleville, Utah",earthquake,0.69,3.17,0.08681250745982,15,reviewed,uu,uu
2026-05-30T23:57:40.250Z,32.8855,-115.67166666667,3.54,1.9,ml,40,47,0.05912,0.26,ci,ci41477192,2026-05-31T16:11:19.820Z,"10 km WNW of Imperial, CA",earthquake,0.27,0.42,0.17203423155092,25,reviewed,ci,ci
2026-05-30T23:49:26.150Z,31.721,-104.351,7.5867,1.8,ml,21,80,0.1,0.1,tx,tx2026kpioyd,2026-05-31T13:55:27.677Z,"50 km S of Whites City, New Mexico",earthquake,0.73139524866362,0.81986324383244,0.1,22,reviewed,tx,tx
2026-05-30T23:45:26.790Z,44.823833333333,-111.5265,11.16,0.6,ml,9,138,0.06901,0.18,mb,mb90142578,2026-05-31T19:46:39.430Z,"27 km WNW of Hebgen Lake Estates, Montana",earthquake,0.51,0.86,0.42084139833244,7,reviewed,mb,mb
2026-05-30T23:42:39.185Z,31.719,-104.353,5.2283,1.6,ml,28,64,0.1,0.2,tx,tx2026kpigaj,2026-06-01T12:21:15.228Z,"50 km S of Whites City, New Mexico",earthquake,1.0866741580254,1.0486551197885,0.2,18,reviewed,tx,tx
2026-05-30T23:41:25.900Z,56.150166666667,-159.712,-2.41,1.21,ml,7,287,0.2262,0.31,av,av94216578,2026-05-31T07:48:31.520Z,"31 km NNW of Ivanof Bay, Alaska",earthquake,2.5,3.15,0.14518451351541,7,reviewed,av,av
2026-05-30T23:32:40.160Z,38.823501586914,-122.85283660889,2.3499999046326,0.77,md,7,174,0.005123,0.01,nc,nc75368541,2026-05-31T00:17:25.069Z,"10 km WNW of The Geysers, CA",earthquake,0.54,1.15999997,0.19,9,automatic,nc,nc
2026-05-30T23:20:30.680Z,38.68766784668,-122.50283050537,7.0700001716614,1.57,md,17,90,0.06756,0.1,nc,nc75368536,2026-05-30T23:52:21.905Z,"12 km SE of Middletown, CA",earthquake,0.34,1.11000001,0.14,16,automatic,nc,nc
2026-05-30T23:18:46.600Z,35.9955,-91.3195,11.96,1.89,md,7,150,0.1534,0.15,nm,nm60505623,2026-05-31T13:00:04.860Z,"3 km N of Strawberry, Arkansas",earthquake,0.71,1.08,0.12476993504897,7,reviewed,nm,nm
2026-05-30T23:12:20.710Z,58.778,-153.757,3.62,0.6,ml,4,215,0.1621,0.22,av,av94216558,2026-05-31T07:41:59.990Z,"94 km SE of Kokhanok, Alaska",earthquake,4.2,2.15,0.37050618629121,4,reviewed,av,av
2026-05-30T23:11:31.946Z,38.4535,-116.5156,4.7364,1.67,ml,9,198,0.229,0.0726,nn,nn00919440,2026-05-31T18:21:35.485Z,"75 km NE of Tonopah, Nevada",earthquake,,2.3607,0.46,5,reviewed,nn,nn
2026-05-30T22:55:08.676Z,28.801,-99.017,8.6858,1.9,ml,37,59,0.1,0.4,tx,tx2026kpgued,2026-06-01T10:30:02.231Z,"12 km SE of Pearsall, Texas",earthquake,1.3206296512014,0.65261116781301,0.1,19,reviewed,tx,tx
2026-05-30T22:45:51.647Z,-7.2968,147.4544,68.854,5,mb,61,62,2.115,0.77,us,us7000spkp,2026-05-30T23:23:45.040Z,"81 km SE of Lae, Papua New Guinea",earthquake,8.84,2.02,0.054,108,reviewed,us,us
2026-05-30T22:45:04.310Z,33.745333333333,-115.9645,5.25,1.08,ml,33,64,0.09243,0.16,ci,ci41477160,2026-05-31T13:38:42.450Z,"20 km NE of Thermal, CA",earthquake,0.19,0.48,0.16271447642402,25,reviewed,ci,ci
2026-05-30T22:16:05.710Z,65.106,-148.714,20.2,0.8,ml,9,122,0.3,0.2,ak,aka2026kqxvea,2026-05-30T22:21:19.015Z,"30 km E of Minto, Alaska",earthquake,6.3,9.8751,0.3,7,automatic,ak,ak
2026-05-30T22:10:34.980Z,18.019666666667,-67.146,14,2.29,md,17,175,0.02175,0.17,pr,pr71518323,2026-05-30T22:36:23.180Z,"2 km ESE of Boquerón, Puerto Rico",earthquake,0.47,0.47,0.14311936557969,6,reviewed,pr,pr
2026-05-30T22:07:42.330Z,18.004166666667,-67.1535,13.06,3.05,md,24,213,0.02674,0.12,pr,pr71518303,2026-05-30T22:44:45.520Z,"3 km SSE of Boquerón, Puerto Rico",earthquake,0.41,0.2,0.13331980104966,14,reviewed,pr,pr
2026-05-30T21:58:57.650Z,33.970833333333,-116.63683333333,15.07,1.71,ml,81,23,0.06005,0.17,ci,ci41477144,2026-05-31T13:38:38.290Z,"10 km SSW of Morongo Valley, CA",earthquake,0.12,0.23,0.23903148014336,26,reviewed,ci,ci
2026-05-30T21:54:44.088Z,31.618,-104.11,6.2665,1.5,ml,38,56,0,0.2,tx,tx2026kpetxj,2026-06-01T14:20:14.747Z,"45 km NW of Toyah, Texas",earthquake,0.53306753416708,0.46881788613234,0.1,18,reviewed,tx,tx
2026-05-30T21:52:06.900Z,60.062666666667,-153.03066666667,1.03,-0.63,ml,4,265,0.01736,0.22,av,av94216453,2026-05-31T07:19:58.900Z,"67 km ENE of Pedro Bay, Alaska",earthquake,1.92,0.39,0.24349262375267,4,reviewed,av,av
2026-05-30T21:34:48.828Z,35.66798019,-95.49706268,19.4853363,2.11,ml,13,123.9900436,0.3888972998,1.104857804,ok,ok2026knwr,2026-05-30T21:36:55.038Z,"6 km W of Summit, Oklahoma",earthquake,,10.08750661,0.22,7,automatic,ok,ok
2026-05-30T21:32:09.490Z,36.036666870117,-121.23816680908,9.9300003051758,2.52,md,50,52,,0.14,nc,nc75368511,2026-05-30T22:27:27.346Z,"22 km SSW of King City, CA",earthquake,0.23,0.600000024,0.15,54,automatic,nc,nc
2026-05-30T21:27:25.699Z,11.9084,-59.1029,35,5.6,mww,90,34,1.306,1.19,us,us7000spkc,2026-05-31T21:54:23.050Z,"137 km SSE of Oistins, Barbados",earthquake,8.18,1.899,0.063,24,reviewed,us,us
2026-05-30T21:15:59.807Z,38.3564,73.8219,131.794,4.9,mb,80,78,1.052,0.94,us,us7000spkb,2026-05-30T21:35:21.040Z,"24 km NNW of Murghob, Tajikistan",earthquake,7.07,6.645,0.043,171,reviewed,us,us
2026-05-30T20:50:28.150Z,37.467166900635,-118.8441696167,5.75,1.38,md,15,226,0.1232,0.03,nc,nc75368496,2026-05-30T21:57:20.146Z,"18 km SW of Toms Place, CA",earthquake,0.99,2.81999993,0.13,13,automatic,nc,nc
2026-05-30T20:50:09.940Z,31.651,-104.416,4.1516,1.7,ml,25,74,0,0.2,tx,tx2026kpcqkd,2026-06-01T11:34:37.038Z,"58 km S of Whites City, New Mexico",earthquake,1.2445139820559,0.78166414525171,0.1,16,reviewed,tx,tx
2026-05-30T20:46:10.760Z,38.835334777832,-122.8193359375,1.9700000286102,0.72,md,10,66,0.01303,0.01,nc,nc75368491,2026-05-30T21:37:24.014Z,"8 km NW of The Geysers, CA",earthquake,0.35,1.07000005,0.27,12,automatic,nc,nc
2026-05-30T20:33:02.910Z,19.16233253479,-155.49465942383,30.520000457764,2.55,md,49,157,0.08569,0.109999999,hv,hv74972197,2026-05-30T20:36:36.360Z,"4 km SSW of Pāhala, Hawaii",earthquake,0.52,0.75999999,0.11883922136219,13,automatic,hv,hv
2026-05-30T20:21:59.890Z,53.956166666667,-166.67366666667,9.27,0.46,ml,7,158,0.01254,0.12,av,av94216318,2026-05-31T07:15:28.540Z,"11 km NW of Dutch Harbor, Alaska",earthquake,0.43,0.64,0.19528029635437,7,reviewed,av,av
2026-05-30T20:19:03.207Z,62.076,-149.387,0.2,1.7,ml,28,80,0.4,0.8,ak,aka2026kqtxrn,2026-05-30T20:21:17.273Z,"26 km ESE of Susitna North, Alaska",earthquake,2.8,2.0142,0.2,8,automatic,ak,ak
2026-05-30T20:12:28.422Z,31.614,-104.113,6.0999,1.6,ml,26,78,0,0.1,tx,tx2026kpbjxm,2026-05-31T13:30:29.736Z,"44 km NW of Toyah, Texas",earthquake,0.4997141943511,0.49314934865524,0.2,18,reviewed,tx,tx
2026-05-30T19:53:29.250Z,38.798168182373,-122.81366729736,3.0999999046326,1.26,md,21,69,0.01285,0.02,nc,nc75368481,2026-05-30T20:47:25.664Z,"5 km WNW of The Geysers, CA",earthquake,0.28,0.50999999,0.2,23,automatic,nc,nc
2026-05-30T19:48:38.100Z,38.818668365479,-122.80599975586,3.2400000095367,0.26,md,8,87,0.005693,0.02,nc,nc75368476,2026-05-30T20:22:22.499Z,"6 km NW of The Geysers, CA",earthquake,0.43,0.930000007,0.09,8,automatic,nc,nc
2026-05-30T19:40:26.170Z,60.097,-152.478,97.4,1.4,ml,37,88,0.3,0.4,ak,aka2026kqsqeq,2026-05-30T19:42:37.332Z,"44 km WNW of Happy Valley, Alaska",earthquake,7.6,2.9059,0.3,16,automatic,ak,ak
2026-05-30T19:30:39.276Z,58.249,-155.127,5,0.5,ml,10,148,0.1,0.3,ak,aka2026kqshsj,2026-05-31T07:11:58.220Z,"85 km NNW of Karluk, Alaska",earthquake,5.9,,0.1,4,automatic,ak,ak
2026-05-30T19:29:07.852Z,32.158,-102.344,4.3932,1.1,ml,5,241,0.2,0.1,tx,tx2026kozypg,2026-05-30T19:34:39.576Z,"15 km NNE of Gardendale, Texas",earthquake,0,6.4188385009766,1,5,automatic,tx,tx
2026-05-30T19:26:19.830Z,35.678833333333,-117.5455,2.51,0.27,ml,18,74,0.1001,0.14,ci,ci41477128,2026-05-31T01:06:06.021Z,"13 km ENE of Ridgecrest, CA",earthquake,0.21,0.51,0.076463925916114,7,reviewed,ci,ci
2026-05-30T19:23:46.968Z,61.69,-149.66,12.3,1.9,ml,47,62,0.3,0.9,ak,aka2026kqsbtl,2026-05-30T19:25:41.997Z,"7 km NNW of Meadow Lakes, Alaska",earthquake,2.7,1.8869,0.1,9,automatic,ak,ak
2026-05-30T19:22:24.830Z,35.295333333333,-117.80233333333,7.21,1.39,ml,41,61,0.04518,0.18,ci,ci41477120,2026-05-30T19:28:40.981Z,"17 km WSW of Johannesburg, CA",earthquake,0.17,0.5,0.21915151669809,26,reviewed,ci,ci
2026-05-30T19:11:40.780Z,19.836500167847,-155.8313293457,13.859999656677,1.71,md,14,248,0.1511,0.159999996,hv,hv74972162,2026-05-30T19:15:49.750Z,"12 km SSW of Waikoloa, Hawaii",earthquake,1.51,1.53999996,0.19032292889913,12,automatic,hv,hv
2026-05-30T18:52:04.090Z,34.001833333333,-117.21066666667,2.86,0.92,ml,16,183,0.101,0.16,ci,ci41477112,2026-05-30T19:29:12.365Z,"7 km SSW of Redlands, CA",earthquake,0.43,0.35,0.40733650852603,24,reviewed,ci,ci
2026-05-30T18:51:08.640Z,58.249333333333,-155.145,4.82,1.26,ml,13,75,0.06372,0.09,av,av94216183,2026-05-31T07:00:28.540Z,"86 km NNW of Karluk, Alaska",earthquake,0.24,0.57,0.2585540722217,13,reviewed,av,av
2026-05-30T18:09:54.738Z,60.166,-153.171,141.2,1.8,ml,36,59,0.1,0.5,ak,aka2026kqppsg,2026-05-30T18:11:38.106Z,"63 km E of Port Alsworth, Alaska",earthquake,5.2,4.0307,0.6,4,automatic,ak,ak
2026-05-30T18:05:00.000Z,42.8,-70.9,0,,,0,,,0,us,us7000spjy,2026-06-01T03:14:29.426Z,"Sonic Boom - Eastern Massachusetts",other event,0,0,,,reviewed,us,us
2026-05-30T17:55:34.110Z,56.0345,-159.8305,4.88,0.36,ml,5,317,0.2596,0.04,av,av93061359,2026-05-31T06:56:27.300Z,"26 km NW of Ivanof Bay, Alaska",earthquake,1.94,1.13,0.18112902029871,5,reviewed,av,av
2026-05-30T17:42:15.330Z,17.946666666667,-66.751833333333,8.44,2.97,md,25,170,0.08214,0.27,pr,pr71518248,2026-05-30T17:58:37.360Z,"6 km SW of Tallaboa, Puerto Rico",earthquake,0.49,1.11,0.15105012869657,11,reviewed,pr,pr
2026-05-30T17:41:49.994Z,64.491,-146.907,8.8,1.3,ml,14,76,0.1,0.4,ak,aka2026kqorjb,2026-05-30T17:43:09.886Z,"3 km S of Salcha, Alaska",earthquake,4,3.646,0.3,4,automatic,ak,ak
2026-05-30T17:40:58.860Z,38.033833333333,-111.68716666667,9.41,2.12,ml,25,112,0.3146,0.25,uu,uu80141331,2026-06-01T14:30:47.190Z,"27 km WNW of Boulder Town, Utah",earthquake,0.57,0.9,0.14360567144137,15,reviewed,uu,uu
2026-05-30T17:40:40.600Z,36.6851,70.8841,131.718,4.1,mb,26,245,2.064,0.69,us,us7000spjs,2026-05-31T15:35:15.040Z,"20 km SSE of Jurm, Afghanistan",earthquake,10.79,11.097,0.123,18,reviewed,us,us
2026-05-30T17:32:37.670Z,38.008499145508,-122.26316833496,7.8600001335144,1.08,md,10,103,0.04236,0.08,nc,nc75368471,2026-05-30T18:27:20.778Z,"2 km ESE of Hercules, CA",earthquake,0.39,0.839999974,0.19,7,automatic,nc,nc
2026-05-30T16:58:55.060Z,35.712333333333,-84.113,8.69,2.38,md,17,77,0.07835,0.18,se,se60622091,2026-05-31T13:08:20.240Z,"5 km SSE of Friendsville, Tennessee",earthquake,0.29,0.75,0.065159216434588,17,reviewed,se,se
2026-05-30T16:44:38.315Z,59.796,-153.278,134.3,1.8,ml,67,96,0.1,0.8,ak,aka2026kqmtsp,2026-05-30T16:48:08.602Z,"46 km E of Pedro Bay, Alaska",earthquake,5.1,2.2445,0.3,18,automatic,ak,ak
2026-05-30T16:36:48.960Z,38.785667419434,-122.76066589356,3.7400000095367,0.71,md,10,95,0.01544,0.03,nc,nc75368461,2026-05-30T17:47:24.527Z,"1 km NNW of The Geysers, CA",earthquake,0.37,0.930000007,0.06,10,automatic,nc,nc
2026-05-30T16:34:35.550Z,60.004833333333,-153.078,6.3,-1.19,ml,4,156,0.03203,0.1,av,av94216078,2026-05-31T06:23:55.560Z,"62 km ENE of Pedro Bay, Alaska",earthquake,0.74,1,0.17243832806431,4,reviewed,av,av
2026-05-30T16:23:43.520Z,35.868499755859,-120.40983581543,4.9400000572205,1.16,md,18,176,0.01473,0.04,nc,nc75368451,2026-05-30T16:57:23.233Z,"4 km SSE of Parkfield, CA",earthquake,0.44,0.5,0.19,6,automatic,nc,nc
2026-05-30T15:51:30.810Z,61.364666666667,-152.38216666667,1.27,-0.75,ml,6,151,0.1061,0.1,av,av94216048,2026-05-31T06:21:54.380Z,"74 km WNW of Beluga, Alaska",earthquake,0.49,1.38,0.090632531712167,6,reviewed,av,av
2026-05-30T15:35:49.000Z,35.295,-117.81116666667,8.1,0.86,ml,25,91,0.0395,0.22,ci,ci41477072,2026-05-31T17:35:47.793Z,"18 km WSW of Johannesburg, CA",earthquake,0.3,0.63,0.11309988104681,12,reviewed,ci,ci
2026-05-30T15:35:26.660Z,35.298166666667,-117.79683333333,7.81,0.78,ml,22,93,0.05046,0.15,ci,ci10241334,2026-05-31T17:42:48.825Z,"17 km WSW of Johannesburg, CA",earthquake,0.23,0.48,0.061796796264538,10,reviewed,ci,ci
2026-05-30T15:26:41.596Z,61.553,-150.68,52.9,2.3,ml,66,27,0.5,0.8,ak,aka2026kqkeei,2026-05-30T17:10:41.472Z,"8 km W of Susitna, Alaska",earthquake,2.8,4.1256,0.2,4,automatic,ak,ak
2026-05-30T15:15:39.580Z,38.787166595459,-122.74083709717,0.81000000238419,1.05,md,9,86,0.005072,0.03,nc,nc75368441,2026-05-30T15:17:14.768Z,"2 km NE of The Geysers, CA",earthquake,0.27,0.850000024,0.1,9,automatic,nc,nc
2026-05-30T15:15:16.100Z,38.818668365479,-122.79083251953,2.8399999141693,1.02,md,11,85,0.009593,0.03,nc,nc75368436,2026-05-30T15:42:21.754Z,"5 km NNW of The Geysers, CA",earthquake,0.43,0.75,0.28,11,automatic,nc,nc
2026-05-30T15:13:53.080Z,38.83483505249,-122.81950378418,1.8999999761581,0.28,md,9,77,0.01303,0.02,nc,nc75368431,2026-05-30T16:07:19.930Z,"8 km NW of The Geysers, CA",earthquake,0.4,1.53999996,0.17,10,automatic,nc,nc
2026-05-30T15:03:22.827Z,58.641,-153.264,9,1.6,ml,51,63,0.4,0.7,ak,aka2026kqjjyy,2026-05-31T07:42:31.110Z,"67 km NNW of Aleneva, Alaska",earthquake,2.7,1.5633,0.3,4,automatic,ak,ak
2026-05-30T14:54:07.140Z,19.0678,-64.5625,25,3.56,md,19,272,0.5991,0.35,pr,pr2026150001,2026-05-30T15:23:13.520Z,"85 km NNE of Cruz Bay, U.S. Virgin Islands",earthquake,2.19,19.48,0.12,11,reviewed,pr,pr
2026-05-30T14:48:20.205Z,32.035,-103.481,0,1.3,ml,17,116,0.1,1,tx,tx2026koqqku,2026-05-30T14:52:56.475Z,"28 km WSW of Jal, New Mexico",earthquake,0,,0.2,13,automatic,tx,tx
2026-05-30T14:42:00.650Z,33.245166666667,-116.66716666667,11.18,0.4,ml,29,35,0.04883,0.16,ci,ci41477056,2026-05-30T19:29:25.985Z,"5 km SW of Warner Springs, CA",earthquake,0.21,0.45,0.12161534201357,6,reviewed,ci,ci
2026-05-30T14:37:21.274Z,31.652,-104.417,4.4592,2,ml,33,74,0,0.2,tx,tx2026koqhcu,2026-06-01T07:50:01.387Z,"58 km S of Whites City, New Mexico",earthquake,1.0914621238548,0.77408306721932,0.1,23,reviewed,tx,tx
2026-05-30T14:35:20.430Z,61.314,-152.31116666667,-3.17,-0.37,ml,8,173,0.06249,0.31,av,av94215998,2026-05-31T06:10:23.470Z,"68 km WNW of Beluga, Alaska",earthquake,0.89,3.43,0.10102272101112,6,reviewed,av,av
2026-05-30T14:34:14.372Z,43.0767,143.7857,116.722,4.5,mb,52,126,1.158,0.9,us,us7000spjc,2026-05-30T16:28:04.040Z,"26 km SE of Ashoro, Japan",earthquake,7.66,6.684,0.056,94,reviewed,us,us
2026-05-30T14:32:41.086Z,31.664,-104.012,1.496,1.6,ml,7,114,0.1,0.5,tx,tx2026koqcxx,2026-05-30T14:35:55.275Z,"39 km W of Mentone, Texas",earthquake,0,5.1536231040955,0.2,7,automatic,tx,tx
2026-05-30T14:24:26.030Z,35.294833333333,-117.80716666667,7.39,1.11,ml,35,66,0.04181,0.2,ci,ci41477048,2026-05-30T19:29:40.988Z,"18 km WSW of Johannesburg, CA",earthquake,0.22,0.55,0.19201318133675,20,reviewed,ci,ci
2026-05-30T14:23:50.073Z,40.5952,-119.7454,9.6715,2.23,ml,6,310,0.425,0.1148,nn,nn00919429,2026-05-31T02:05:00.146Z,"33 km W of Gerlach, Nevada",earthquake,,12.996,0.54,5,reviewed,nn,nn
2026-05-30T14:23:04.500Z,35.296666666667,-117.80716666667,7.64,1.49,ml,42,36,0.04302,0.18,ci,ci41477040,2026-05-30T19:29:45.988Z,"18 km WSW of Johannesburg, CA",earthquake,0.16,0.49,0.18567037586784,27,reviewed,ci,ci
2026-05-30T14:22:33.700Z,35.2945,-117.81116666667,8.02,1.19,ml,35,66,0.03916,0.17,ci,ci41477032,2026-05-30T19:29:57.989Z,"18 km WSW of Johannesburg, CA",earthquake,0.19,0.44,0.19049828901632,22,reviewed,ci,ci
2026-05-30T14:21:09.256Z,16.3879,119.2212,10,4.6,mb,49,103,6.632,0.68,us,us7000spj5,2026-05-30T14:41:49.040Z,"63 km W of Catuday, Philippines",earthquake,9.33,1.857,0.089,42,reviewed,us,us
2026-05-30T14:18:08.820Z,38.833168029785,-122.81517028809,2.0999999046326,0.18,md,8,90,0.01054,0.01,nc,nc75368416,2026-05-30T14:19:45.361Z,"8 km NW of The Geysers, CA",earthquake,0.45,1.62,0.09,9,automatic,nc,nc
2026-05-30T14:13:16.260Z,37.638668060303,-119.4101638794,8.9899997711182,1.8,md,20,109,0.1591,0.15,nc,nc75368406,2026-05-30T15:27:19.646Z,"19 km SE of Yosemite Valley, CA",earthquake,0.43,2.01999998,0.32,14,automatic,nc,nc
2026-05-30T14:09:09.950Z,36.645168304443,-121.30249786377,7.8400001525879,1.26,md,10,77,0.03561,0.18,nc,nc75368401,2026-05-30T15:07:23.502Z,"16 km S of Tres Pinos, CA",earthquake,0.71,1.63,0.38,8,automatic,nc,nc
2026-05-30T14:04:10.760Z,36.742500305176,-121.05766296387,-0.58999997377396,0.95,md,4,218,0.08767,0.06,nc,nc75368396,2026-05-30T14:37:21.287Z,"24 km ESE of Tres Pinos, CA",earthquake,4.57,4.73000002,0.18,8,automatic,nc,nc
2026-05-30T13:58:51.222Z,66.064,-150.402,9.9,2.8,ml,43,34,0.4,1.5,ak,aka2026kqhgbw,2026-05-30T14:28:45.040Z,"59 km W of Stevens Village, Alaska",earthquake,3.6,2.8248,0.4,2,automatic,ak,ak
2026-05-30T13:58:14.101Z,31.687,-104.298,7.7661,2.4,ml,22,66,0,0.2,tx,tx2026koozma,2026-05-31T13:19:38.977Z,"54 km S of Whites City, New Mexico",earthquake,0.7407051071259,0.78301392672379,0.2,18,reviewed,tx,tx
2026-05-30T13:54:34.760Z,60.048666666667,-152.9985,2.97,-0.64,ml,4,273,0.0338,0.08,av,av94215963,2026-05-31T05:54:23.280Z,"68 km ENE of Pedro Bay, Alaska",earthquake,0.82,0.64,0.12587920354352,4,reviewed,av,av
2026-05-30T13:48:56.110Z,35.2985,-117.80666666667,7.28,2.08,ml,53,33,0.04458,0.18,ci,ci41477016,2026-05-30T19:35:16.780Z,"18 km WSW of Johannesburg, CA",earthquake,0.16,0.5,0.16668512536264,26,reviewed,ci,ci
2026-05-30T13:47:07.000Z,53.896,-166.6215,7.27,0.73,ml,7,152,0.04015,0.09,av,av94215948,2026-05-31T05:56:52.600Z,"5 km W of Dutch Harbor, Alaska",earthquake,0.33,0.65,0.40305039189563,7,reviewed,av,av
2026-05-30T13:44:24.260Z,51.904,179.59933333333,3.9,1.99,ml,8,113,0.0239,0.24,av,av94215943,2026-05-31T06:03:53.140Z,"259 km W of Adak, Alaska",earthquake,0.64,0.74,0.34900528178882,8,reviewed,av,av
2026-05-30T13:15:09.763Z,6.018,126.6311,10,4.6,mb,51,106,1.478,1.35,us,us7000spit,2026-05-30T14:21:57.040Z,"62 km SE of Pondaguitan, Philippines",earthquake,8.57,1.871,0.077,55,reviewed,us,us
2026-05-30T13:05:26.430Z,34.0995,-116.64883333333,7.38,1.15,ml,48,42,0.06083,0.16,ci,ci41477008,2026-05-30T19:35:26.220Z,"9 km NW of Morongo Valley, CA",earthquake,0.14,0.49,0.15513217189898,28,reviewed,ci,ci
2026-05-30T13:02:44.330Z,47.916166666667,-122.02733333333,18.18,1.99,ml,32,55,0.07342,0.13,uw,uw62253302,2026-05-30T18:54:45.750Z,"2 km NNW of Roosevelt, Washington",earthquake,0.24,0.29,0.14468246784604,39,reviewed,uw,uw
2026-05-30T12:56:16.730Z,35.294333333333,-117.806,7.43,1.1,ml,39,61,0.04221,0.19,ci,ci41477000,2026-05-30T19:30:20.666Z,"18 km WSW of Johannesburg, CA",earthquake,0.19,0.52,0.13674997226924,18,reviewed,ci,ci
2026-05-30T12:54:11.650Z,47.486666666667,-122.66666666667,21.74,1.46,ml,43,36,0.02458,0.24,uw,uw62253297,2026-05-30T19:32:32.340Z,"2 km WSW of Bethel, Washington",earthquake,0.28,0.47,0.1647003670821,25,reviewed,uw,uw
2026-05-30T12:52:48.845Z,59.482,-152.958,95.8,1.4,ml,31,99,0.2,0.4,ak,aka2026kqfatl,2026-05-30T12:54:45.222Z,"60 km WNW of Nanwalek, Alaska",earthquake,6.4,4.0987,0.4,4,automatic,ak,ak
2026-05-30T12:49:21.824Z,59.762,-153.064,106.9,1.9,ml,71,70,0.1,0.5,ak,aka2026kqextc,2026-05-31T06:07:59.040Z,"58 km E of Pedro Bay, Alaska",earthquake,3.7,1.9635,0.3,8,automatic,ak,ak
2026-05-30T12:43:28.999Z,63.268,-150.551,128.7,1.5,ml,31,68,0.7,0.5,ak,aka2026kqesqy,2026-05-30T12:45:10.968Z,"66 km ESE of Denali National Park, Alaska",earthquake,4.9,4.1392,0.2,5,automatic,ak,ak
2026-05-30T12:36:15.550Z,39.977333068848,-120.1618347168,2.9000000953674,2.21,md,14,122,0.08529,0.09,nc,nc75368376,2026-05-31T02:04:35.616Z,"20 km N of Chilcoot-Vinton, CA",earthquake,0.36,1.30999994,0.2,9,automatic,nc,nc
2026-05-30T12:34:21.430Z,17.9278,-68.6006,80,3.61,md,16,232,0.6257,0.32,pr,pr2026150000,2026-05-31T06:04:14.040Z,"49 km S of Boca de Yuma, Dominican Republic",earthquake,2.57,2.98,0.06,11,reviewed,pr,pr
2026-05-30T12:29:06.811Z,61.563,-150.005,30.4,1.1,ml,8,132,0.4,0.7,ak,aka2026kqegff,2026-05-30T12:30:52.799Z,"5 km NNW of Big Lake, Alaska",earthquake,6.5,5.1119,0.2,4,automatic,ak,ak
2026-05-30T12:05:11.140Z,35.681666666667,-117.57316666667,1.33,0.98,ml,28,72,0.1228,0.19,ci,ci41476992,2026-05-30T19:30:39.532Z,"11 km NE of Ridgecrest, CA",earthquake,0.22,0.38,0.13675508461753,12,reviewed,ci,ci
2026-05-30T11:58:22.481Z,61.611,-151.963,1.5,0.9,ml,9,155,0.1,0.5,ak,aka2026kqdfop,2026-05-31T05:39:51.140Z,"51 km SW of Skwentna, Alaska",earthquake,7.6,88.3847,0.1,4,automatic,ak,ak
2026-05-30T11:52:43.540Z,19.76549911499,-154.98066711426,37.040000915527,1.9,md,23,221,0.07833,0.170000002,hv,hv74971977,2026-05-30T11:56:12.790Z,"11 km E of Paukaa, Hawaii",earthquake,0.89,1.5,0.093376592967277,17,automatic,hv,hv
2026-05-30T11:50:09.603Z,58.035,-155.077,86.1,2.1,ml,53,41,0.1,0.5,ak,aka2026kqcylc,2026-05-30T11:52:32.549Z,"63 km NW of Karluk, Alaska",earthquake,3.7,1.9046,0.4,12,automatic,ak,ak
2026-05-30T11:43:40.500Z,61.976333333333,-144.036,9.08,0.02,ml,5,197,0.08166,0.23,av,av93061349,2026-05-31T05:50:52.050Z,"55 km NNE of Chitina, Alaska",earthquake,1.49,1.07,0.23821823472025,5,reviewed,av,av
2026-05-30T11:30:16.600Z,51.9055,179.6215,9.88,1.47,ml,4,173,0.0377,0.16,av,av94215793,2026-05-31T05:34:50.620Z,"257 km W of Adak, Alaska",earthquake,0.97,1.24,0.28684398631685,4,reviewed,av,av
2026-05-30T11:28:26.550Z,38.794666290283,-122.79582977295,0.36000001430512,0.91,md,10,87,0.006359,0.03,nc,nc75368361,2026-05-30T12:27:23.433Z,"4 km WNW of The Geysers, CA",earthquake,0.27,0.529999971,0.45,11,automatic,nc,nc
2026-05-30T11:27:37.010Z,51.8695,179.57,7.95,0.72,ml,4,272,0.03091,0.18,av,av94215788,2026-05-31T05:31:50.390Z,"261 km W of Adak, Alaska",earthquake,1.29,1.11,0.31263483766049,4,reviewed,av,av
2026-05-30T11:25:18.420Z,56.083,-159.71133333333,3.25,0.13,ml,5,303,0.1992,0.08,av,av93061339,2026-05-31T07:50:32.750Z,"24 km NW of Ivanof Bay, Alaska",earthquake,2.45,1.71,0.13279900609212,5,reviewed,av,av
2026-05-30T11:25:17.210Z,53.410666666667,-168.23416666667,6.37,0.48,ml,5,254,0.04347,0.28,av,av94215783,2026-05-31T05:19:18.750Z,"67 km NE of Nikolski, Alaska",earthquake,1.86,2.12,0.50589777563547,5,reviewed,av,av
2026-05-30T11:18:57.249Z,63.411,-151.126,1,2.1,ml,24,80,0.4,0.9,ak,aka2026kqbxjx,2026-05-30T11:20:39.582Z,"33 km ESE of Denali National Park, Alaska",earthquake,3,2.776,0.1,4,automatic,ak,ak
2026-05-30T11:17:11.089Z,31.664,-104.429,9.2753,1.1,ml,16,86,0,0.4,tx,tx2026kojqpy,2026-05-30T11:20:20.902Z,"56 km S of Whites City, New Mexico",earthquake,0,2.5606038570404,0.2,8,automatic,tx,tx
2026-05-30T11:06:52.334Z,13.8975,51.7816,10,5,mww,39,61,7.2,0.79,us,us7000spie,2026-06-01T13:35:46.040Z,"195 km NNW of Kilmia, Yemen",earthquake,10.26,1.889,0.083,14,reviewed,us,us
2026-05-30T11:06:11.345Z,12.0087,-88.2604,10,4.8,mb,44,167,1.453,0.94,us,us7000spid,2026-05-30T11:21:25.040Z,"119 km SW of Jiquilillo, Nicaragua",earthquake,10.65,1.955,0.034,266,reviewed,us,us
2026-05-30T10:47:46.640Z,33.534333333333,-116.72366666667,5.15,0.38,ml,27,43,0.03299,0.15,ci,ci41476984,2026-05-30T19:30:43.477Z,"5 km WSW of Anza, CA",earthquake,0.17,0.42,0.2154739674682,6,reviewed,ci,ci
2026-05-30T10:41:10.520Z,35.297,-117.8065,7.16,1.71,ml,52,33,0.04365,0.17,ci,ci41476976,2026-05-30T19:34:06.630Z,"18 km WSW of Johannesburg, CA",earthquake,0.14,0.47,0.12914237581492,26,reviewed,ci,ci
2026-05-30T10:38:34.960Z,46.878166666667,-122.7365,15.26,0.95,ml,27,108,0.08175,0.19,uw,uw62253292,2026-05-31T00:21:58.090Z,"3 km WSW of Rainier, Washington",earthquake,0.35,0.81,0.15321441193565,10,reviewed,uw,uw
2026-05-30T10:36:06.571Z,52.5145,160.9585,18.817,4.3,mb,25,121,2.066,1.07,us,us7000spic,2026-05-30T12:45:44.040Z,"168 km ESE of Petropavlovsk-Kamchatsky, Russia",earthquake,8.21,4.053,0.109,24,reviewed,us,us
2026-05-30T10:30:59.050Z,28.816,-99.023,8.0649,1.5,ml,26,78,0.1,0.3,tx,tx2026koicxm,2026-06-01T12:28:16.999Z,"10 km SE of Pearsall, Texas",earthquake,1.377708609416,0.73083069331689,0.2,14,reviewed,tx,tx
2026-05-30T10:08:47.340Z,37.88066482544,-121.9691696167,10.64999961853,1.51,md,19,108,0.02863,0.05,nc,nc75368351,2026-05-30T11:47:27.244Z,"5 km N of Diablo, CA",earthquake,0.32,0.610000014,0.08,17,automatic,nc,nc
2026-05-30T09:47:07.320Z,38.837333679199,-122.77449798584,1.4700000286102,0.28,md,7,165,0.005466,0.01,nc,nc75368336,2026-05-30T10:57:24.817Z,"5 km WNW of Cobb, CA",earthquake,0.82,0.850000024,0.19,8,automatic,nc,nc
2026-05-30T09:46:34.780Z,34.199833333333,-117.57933333333,4.65,0.74,ml,34,60,0.06649,0.18,ci,ci41476968,2026-05-30T19:30:56.444Z,"9 km N of Rancho Cucamonga, CA",earthquake,0.2,0.36,0.20732172007002,18,reviewed,ci,ci
2026-05-30T09:34:02.420Z,28.746,-99.176,6.2244,1.6,ml,27,56,0.1,0.4,tx,tx2026kogfvo,2026-06-01T11:54:58.759Z,"5 km N of Hilltop, Texas",earthquake,2.6150613878713,1.3998574619755,0.1,10,reviewed,tx,tx
2026-05-30T09:27:50.850Z,33.861833333333,-118.658,10.22,1.5,ml,53,153,0.1885,0.23,ci,ci41476960,2026-05-30T19:31:17.381Z,"19 km S of Malibu Beach, CA",earthquake,0.28,0.68,0.209140135527,33,reviewed,ci,ci
2026-05-30T09:26:17.850Z,44.719833333333,-111.79216666667,12.78,0.81,ml,10,81,0.0907,0.19,mb,mb90142553,2026-05-31T16:02:35.670Z,"46 km NW of Island Park, Idaho",earthquake,0.51,1.5,0.19191863092491,9,reviewed,mb,mb
2026-05-30T09:23:27.260Z,38.827167510986,-122.81449890137,2.039999961853,0.97,md,15,52,0.005112,0.02,nc,nc75368326,2026-05-30T10:07:22.504Z,"7 km NW of The Geysers, CA",earthquake,0.24,0.479999989,0.27,14,automatic,nc,nc
2026-05-30T09:15:43.990Z,35.728833333333,-118.07316666667,2.88,1.39,ml,35,31,0.1417,0.12,ci,ci41476952,2026-05-30T19:31:17.133Z,"25 km WNW of Inyokern, CA",earthquake,0.15,0.49,0.26243682476878,23,reviewed,ci,ci
2026-05-30T09:10:58.890Z,46.187833333333,-122.369,10.24,0.32,ml,9,259,0.008872,0.07,uw,uw62253282,2026-05-31T02:01:55.900Z,"31 km N of Amboy, Washington",earthquake,0.58,0.32,0.015660878829196,3,reviewed,uw,uw
2026-05-30T09:09:20.195Z,31.603,-103.956,7.9071,1.9,ml,19,59,0,0.1,tx,tx2026kofkkk,2026-06-01T11:47:44.664Z,"35 km NNW of Toyah, Texas",earthquake,0.3772332252576,0.43780757561111,0.1,14,reviewed,tx,tx
2026-05-30T09:09:01.179Z,59.611,-153.263,114,2.7,ml,137,56,0,1,ak,aka2026kpxopu,2026-05-30T12:40:10.040Z,"51 km ESE of Pedro Bay, Alaska",earthquake,3,1.6545,0.3,96,automatic,ak,ak
2026-05-30T09:02:38.911Z,28.796,-99.005,6.8671,2.1,ml,43,46,0.1,0.4,tx,tx2026kofetx,2026-06-01T07:16:34.398Z,"13 km SE of Pearsall, Texas",earthquake,1.4194957282218,0.59539980483631,0.2,22,reviewed,tx,tx
2026-05-30T08:56:53.610Z,38.840167999268,-122.81033325195,2.0299999713898,1.06,md,11,61,0.01571,0.01,nc,nc75368316,2026-05-30T09:42:23.361Z,"8 km WNW of Cobb, CA",earthquake,0.31,1.23000002,0.38,12,automatic,nc,nc
2026-05-30T08:34:49.399Z,31.65,-104.432,5.6897,1.8,ml,30,72,0,0.2,tx,tx2026koegqv,2026-06-01T09:30:04.496Z,"58 km S of Whites City, New Mexico",earthquake,1.1620915891189,0.55455105371025,0.1,18,reviewed,tx,tx
2026-05-30T08:32:31.079Z,57.283,-155.162,38.3,1.7,ml,31,90,0.5,0.7,ak,aka2026kpwjbl,2026-05-30T08:35:31.802Z,"53 km SW of Karluk, Alaska",earthquake,3.9,6.5776,0.2,16,automatic,ak,ak
2026-05-30T08:28:29.859Z,31.604,-103.954,8.5992,2.7,ml,24,58,0,0.1,tx,tx2026koeaof,2026-05-30T15:11:38.888Z,"35 km WSW of Mentone, Texas",earthquake,0.41635898895722,0.48229942412548,0.2,28,reviewed,tx,tx
2026-05-30T08:21:55.770Z,58.3635,-154.76366666667,4.47,-0.33,ml,4,207,0.02785,0.28,av,av93061334,2026-05-31T05:05:48.910Z,"90 km NNW of Karluk, Alaska",earthquake,2.78,1.13,0.13961815381136,4,reviewed,av,av
2026-05-30T08:21:32.080Z,58.432833333333,-154.80183333333,3.33,-0.37,ml,10,114,0.04998,0.16,av,av94215638,2026-05-31T05:01:47.650Z,"98 km NNW of Karluk, Alaska",earthquake,0.38,0.84,0.29028068270046,10,reviewed,av,av
2026-05-30T08:17:40.380Z,38.841667175293,-122.811668396,2.1400001049042,0.4,md,8,121,0.01586,0.01,nc,nc75368311,2026-05-30T09:17:24.302Z,"8 km WNW of Cobb, CA",earthquake,0.44,1.37,0.28,9,automatic,nc,nc
2026-05-30T08:14:04.727Z,60.596,-147.618,20.4,1.2,ml,13,73,0.4,0.6,ak,aka2026kpvtbv,2026-05-30T08:15:42.006Z,"59 km WSW of Tatitlek, Alaska",earthquake,3.6,4.1937,0.1,4,automatic,ak,ak
2026-05-30T08:13:37.850Z,19.632166666667,-64.974666666667,29.03,3.41,md,9,288,1.251,0.27,pr,pr71518183,2026-05-30T10:36:52.120Z,"142 km N of Charlotte Amalie, U.S. Virgin Islands",earthquake,1.55,21.67,0.063559403139265,6,reviewed,pr,pr
2026-05-30T08:05:11.170Z,38.784168243408,-122.72350311279,1.4900000095367,0.74,md,10,137,0.01038,0.01,nc,nc75368306,2026-05-30T08:52:21.050Z,"3 km WNW of Anderson Springs, CA",earthquake,0.44,0.610000014,0.06,10,automatic,nc,nc
2026-05-30T07:57:01.311Z,60.574,-151.834,80.6,1.6,ml,32,58,0.3,0.5,ak,aka2026kpvehj,2026-05-30T07:58:52.792Z,"28 km W of Salamatof, Alaska",earthquake,3.8,3.086,0.2,4,automatic,ak,ak
2026-05-30T07:48:26.180Z,53.892833333333,-166.62983333333,7.04,-0.06,ml,5,144,0.03448,0.06,av,av93061329,2026-05-31T04:53:18.130Z,"5 km W of Dutch Harbor, Alaska",earthquake,0.3,0.62,0.13361418304168,5,reviewed,av,av
2026-05-30T07:37:03.732Z,32.121,-102.231,6.4209,1.4,ml,25,64,0,0.1,tx,tx2026kocizv,2026-05-31T12:55:52.674Z,"17 km NE of Gardendale, Texas",earthquake,0.57019052310564,0.75129730260954,0.2,23,reviewed,tx,tx
2026-05-30T07:34:59.400Z,35.300833333333,-117.808,7.44,1.86,ml,55,35,0.04548,0.17,ci,ci41476944,2026-05-30T19:31:24.230Z,"18 km WSW of Johannesburg, CA",earthquake,0.14,0.46,0.15185784726263,26,reviewed,ci,ci
2026-05-30T07:29:17.940Z,33.94,-116.89016666667,4.22,0.98,ml,53,30,0.07743,0.16,ci,ci41476936,2026-05-30T19:34:10.700Z,"2 km NW of Banning, CA",earthquake,0.13,0.38,0.21056478477124,27,reviewed,ci,ci
2026-05-30T07:28:44.839Z,58.125,-154.574,83.5,0.9,ml,13,72,0.2,0.2,ak,aka2026kpuftz,2026-05-30T07:30:37.637Z,"62 km N of Karluk, Alaska",earthquake,9,5.0813,0.5,5,automatic,ak,ak
2026-05-30T07:14:39.320Z,38.785999298096,-122.77933502197,3.25,0.8,md,13,85,0.009818,0.01,nc,nc75368296,2026-05-30T08:12:24.784Z,"2 km WNW of The Geysers, CA",earthquake,0.35,0.74000001,0.23,13,automatic,nc,nc
2026-05-30T07:14:28.968Z,58.357,-153.684,69.6,1.4,ml,18,74,0.4,0.3,ak,aka2026kpttkb,2026-05-30T07:16:28.441Z,"56 km NW of Aleneva, Alaska",earthquake,6.4,5.3604,0.2,4,automatic,ak,ak
2026-05-30T07:12:05.400Z,35.298666666667,-117.809,7.2,0.97,ml,31,90,0.04335,0.18,ci,ci41476928,2026-05-30T19:31:37.794Z,"18 km WSW of Johannesburg, CA",earthquake,0.23,0.53,0.15758649050483,14,reviewed,ci,ci
2026-05-30T07:03:54.480Z,60.635333333333,-152.907,8.24,-0.59,ml,8,275,0.0672,0.07,av,av94215523,2026-05-31T04:11:16.020Z,"86 km W of Salamatof, Alaska",earthquake,0.51,0.61,0.21849125146742,8,reviewed,av,av
2026-05-30T06:57:55.190Z,52.526166666667,-169.8105,6.45,3.16,ml,5,330,0.2663,0.04,av,av94215518,2026-05-31T00:17:34.860Z,"78 km SW of Nikolski, Alaska",earthquake,0.92,0.67,0.28213967257924,5,reviewed,av,av
2026-05-30T06:55:44.400Z,55.985166666667,-159.76183333333,6.12,0.83,ml,9,168,0.2261,0.31,av,av93061324,2026-05-31T04:02:14.500Z,"19 km WNW of Ivanof Bay, Alaska",earthquake,2.64,1.73,0.15960453056674,9,reviewed,av,av
2026-05-30T06:54:58.200Z,46.962166666667,-112.89733333333,13.98,1.66,ml,13,126,0.1304,0.21,mb,mb90142548,2026-05-31T15:56:39.410Z,"16 km W of Lincoln, Montana",earthquake,0.84,0.77,0.10722645532145,16,reviewed,mb,mb
2026-05-30T06:41:57.560Z,35.493166666667,-118.48666666667,8.71,1.16,ml,32,45,0.1696,0.15,ci,ci41476920,2026-05-30T19:31:41.816Z,"11 km S of Bodfish, CA",earthquake,0.18,0.62,0.11823363897751,13,reviewed,ci,ci
2026-05-30T06:39:13.020Z,38.835166931152,-122.82633209228,4.2199997901917,0.5,md,7,148,0.01382,0.04,nc,nc75368291,2026-05-30T07:47:25.624Z,"9 km NW of The Geysers, CA",earthquake,0.96,2.55999994,0.4,9,automatic,nc,nc
2026-05-30T06:28:26.060Z,38.810665130615,-122.81283569336,2.460000038147,0.83,md,12,59,0.01289,0.02,nc,nc75368286,2026-05-30T07:22:22.442Z,"6 km NW of The Geysers, CA",earthquake,0.38,0.670000017,0.53,14,automatic,nc,nc
2026-05-30T06:15:56.990Z,53.898333333333,-166.62433333333,8.05,0.3,ml,7,151,0.03942,0.11,av,av94215488,2026-05-31T03:54:45.020Z,"5 km W of Dutch Harbor, Alaska",earthquake,0.45,0.78,0.40840923441699,7,reviewed,av,av
2026-05-30T05:59:25.600Z,38.822498321533,-122.80633544922,2.5499999523163,1.04,md,16,58,0.003055,0.01,nc,nc75368281,2026-05-30T06:22:22.047Z,"7 km NW of The Geysers, CA",earthquake,0.32,0.660000026,0.26,17,automatic,nc,nc
2026-05-30T05:53:54.421Z,63.132,-150.607,108.8,1.6,ml,36,94,0.6,0.7,ak,aka2026kprbob,2026-05-30T05:55:37.648Z,"71 km N of Petersville, Alaska",earthquake,4.7,3.8238,0.1,4,automatic,ak,ak
2026-05-30T05:51:29.330Z,35.687333333333,-117.54233333333,4.92,0.58,ml,19,73,0.09909,0.15,ci,ci41476904,2026-05-30T19:31:56.423Z,"14 km ENE of Ridgecrest, CA",earthquake,0.3,0.55,0.12206173450246,7,reviewed,ci,ci
2026-05-30T05:48:47.991Z,-21.5931,-69.9976,48.474,4.5,mb,55,125,0.288,0.72,us,us7000spha,2026-05-30T06:14:35.040Z,"58 km NNE of Tocopilla, Chile",earthquake,3.86,4.277,0.075,52,reviewed,us,us
2026-05-30T05:48:13.574Z,6.1379,126.802,10,4.6,mb,36,108,1.527,0.81,us,us7000sphm,2026-05-30T07:22:38.040Z,"73 km ESE of Pondaguitan, Philippines",earthquake,11.47,1.898,0.095,33,reviewed,us,us
2026-05-30T05:47:05.920Z,35.493333333333,-118.48833333333,8.57,1.27,ml,33,45,0.1695,0.15,ci,ci41476896,2026-05-30T19:32:00.484Z,"11 km S of Bodfish, CA",earthquake,0.17,0.62,0.19034963035615,20,reviewed,ci,ci
2026-05-30T05:18:11.175Z,31.623,-104.116,4.5269,0.8,ml,14,100,0,0.2,tx,tx2026knxtcl,2026-05-30T06:01:33.772Z,"45 km NW of Toyah, Texas",earthquake,0,1.4331362247467,0.1,12,automatic,tx,tx
2026-05-30T05:14:55.000Z,33.142333333333,-116.5435,6.42,1.25,ml,57,39,0.07617,0.19,ci,ci41476888,2026-05-30T19:32:51.460Z,"9 km NE of Julian, CA",earthquake,0.15,0.46,0.18630625055327,27,reviewed,ci,ci
2026-05-30T05:12:07.617Z,31.657,-104.424,5.6384,1.5,ml,27,88,0,0.2,tx,tx2026knxocr,2026-06-01T12:39:37.717Z,"57 km S of Whites City, New Mexico",earthquake,1.0467347297157,0.69705957607126,0.2,17,reviewed,tx,tx
2026-05-30T05:07:57.321Z,51.3306,-177.8386,35,3.7,mb,38,202,0.427,0.56,us,us7000sph9,2026-05-30T05:57:28.040Z,"103 km SW of Adak, Alaska",earthquake,3.13,1.978,0.145,12,reviewed,us,us
2026-05-30T05:07:53.280Z,38.830333709717,-122.81716918945,1.4500000476837,0.71,md,9,101,0.008872,0.01,nc,nc75368261,2026-05-30T05:42:21.908Z,"8 km NW of The Geysers, CA",earthquake,0.55,1.23000002,0.31,9,automatic,nc,nc
2026-05-30T05:04:36.348Z,28.817,-99.01,8.7677,1.4,ml,15,79,0.1,0.4,tx,tx2026knxhqs,2026-06-01T14:09:48.473Z,"11 km SE of Pearsall, Texas",earthquake,2.7913277460263,1.9509216672263,0.2,8,reviewed,tx,tx
2026-05-30T05:03:07.677Z,51.2215,175.0062,10,3.7,mb,33,254,1.611,0.46,us,us7000sph8,2026-05-30T06:45:05.040Z,"219 km SE of Attu Station, Alaska",earthquake,4.68,2.024,0.105,23,reviewed,us,us
2026-05-30T04:57:36.265Z,36.838,70.6685,206.181,4.1,mb,18,238,2.062,0.45,us,us7000sph4,2026-05-30T05:29:05.040Z,"15 km WSW of Jurm, Afghanistan",earthquake,8.36,12.532,0.185,8,reviewed,us,us
2026-05-30T04:50:01.940Z,53.898666666667,-166.631,7.15,0.16,ml,6,148,0.03597,0.12,av,av94215418,2026-05-31T00:12:04.440Z,"5 km W of Dutch Harbor, Alaska",earthquake,0.37,0.77,0.41335670988169,6,reviewed,av,av
2026-05-30T04:38:13.030Z,18.029166666667,-66.672333333333,14.88,2.65,md,20,120,0.06434,0.37,pr,pr71518178,2026-05-30T10:33:26.370Z,"3 km SE of Tallaboa Alta, Puerto Rico",earthquake,0.62,0.83,0.13703776080814,13,reviewed,pr,pr
2026-05-30T04:30:07.299Z,31.643,-104.475,6.5613,2,ml,15,73,0,0.1,tx,tx2026knwdsk,2026-05-31T14:03:16.029Z,"59 km S of Whites City, New Mexico",earthquake,1.5587706489812,0.77093980596553,0.2,18,reviewed,tx,tx
2026-05-30T04:11:48.101Z,61.139,-148.595,22.6,1.5,ml,19,50,0.2,0.9,ak,aka2026kpnqzx,2026-05-30T04:13:00.242Z,"37 km NE of Girdwood, Alaska",earthquake,4.2,2.744,0.3,4,automatic,ak,ak
2026-05-30T04:09:15.250Z,-18.1028,-71.6565,35,4.2,mb,15,210,1.277,0.6,us,us7000sph0,2026-05-30T04:29:53.040Z,"60 km SSW of Pacocha, Peru",earthquake,8.41,2.007,0.215,6,reviewed,us,us
2026-05-30T04:02:52.040Z,18.016833333333,-66.682166666667,13.54,2.24,md,11,188,0.07673,0.15,pr,pr71518163,2026-05-30T10:24:26.080Z,"4 km SSE of Tallaboa Alta, Puerto Rico",earthquake,0.61,0.39,0.31611802678146,9,reviewed,pr,pr
2026-05-30T04:01:43.910Z,38.831001281738,-122.81600189209,1.4900000095367,0.71,md,11,65,0.008895,0.01,nc,nc75368256,2026-05-30T05:07:20.575Z,"8 km NW of The Geysers, CA",earthquake,0.3,0.720000029,0.19,11,automatic,nc,nc
2026-05-30T03:50:42.770Z,35.297833333333,-117.804,6.98,1.12,ml,38,35,0.04573,0.21,ci,ci41476872,2026-05-30T19:32:32.744Z,"17 km WSW of Johannesburg, CA",earthquake,0.22,0.45,0.15307254232817,19,reviewed,ci,ci
2026-05-30T03:38:01.393Z,62.286,-149.651,59.4,2.7,ml,88,24,0.3,0.8,ak,aka2026kpmnsd,2026-05-30T03:50:31.040Z,"17 km NE of Susitna North, Alaska",earthquake,1.8,3.2981,0.2,11,automatic,ak,ak
2026-05-30T03:22:22.590Z,61.259833333333,-152.37,8.19,-0.27,ml,11,102,0.001293,0.21,av,av94215318,2026-05-31T00:02:03.880Z,"69 km WNW of Tyonek, Alaska",earthquake,0.59,0.76,0.31880261714894,11,reviewed,av,av
2026-05-30T03:20:18.860Z,33.551166666667,-117.2175,11.78,1.13,ml,54,44,0.05206,0.2,ci,ci41476864,2026-05-31T17:30:41.010Z,"0 km SW of Murrieta, CA",earthquake,0.18,0.44,0.1530675204873,29,reviewed,ci,ci
2026-05-30T03:15:26.661Z,32.507,-101.181,2.5408,1.1,ml,11,100,0,0.4,tx,tx2026kntrny,2026-05-30T11:16:58.072Z,"23 km NW of Westbrook, Texas",earthquake,0,1.9466712474823,0.2,7,automatic,tx,tx
2026-05-30T03:02:30.122Z,56.828,-137.044,27,2.2,ml,7,305,0.7,0.1,ak,aka2026kplixw,2026-05-30T03:06:07.721Z,"107 km WSW of Sitka, Alaska",earthquake,153.2,14.7936,0.9,5,automatic,ak,ak
2026-05-30T02:56:38.600Z,35.817833333333,-117.64683333333,8.22,0.81,ml,20,51,0.09639,0.14,ci,ci41476856,2026-05-30T19:32:37.000Z,"22 km N of Ridgecrest, CA",earthquake,0.2,0.69,0.14980050262836,8,reviewed,ci,ci
2026-05-30T02:56:08.331Z,61.997,-147.861,12.5,2.9,ml,115,30,0.2,1.3,ak,aka2026kpldke,2026-05-30T03:32:23.040Z,"23 km NNW of Glacier View, Alaska",earthquake,1.5,1.6658,0.2,16,automatic,ak,ak
2026-05-30T02:51:59.434Z,28.817,-99.012,8.2685,1.5,ml,20,80,0.1,0.4,tx,tx2026knsxjv,2026-06-01T12:10:56.458Z,"11 km SE of Pearsall, Texas",earthquake,1.1994928102899,0.88642340325346,0.2,9,reviewed,tx,tx
2026-05-30T02:45:52.760Z,51.838833333333,-176.50733333333,8.4,2.27,ml,15,192,0.06716,0.3,av,av94215293,2026-05-30T23:51:32.190Z,"9 km ESE of Adak, Alaska",earthquake,1.47,1.16,0.24122343252038,14,reviewed,av,av
2026-05-30T02:42:36.829Z,34.437,-97.47983333,4.98,1.29,ml,67,54,0.07378552076,0.54,ok,ok2026kmli,2026-06-01T13:09:48.189Z,"3 km ESE of Ratliff City, Oklahoma",earthquake,,1.1,0.27,30,reviewed,ok,ok
2026-05-30T02:38:16.915Z,61.533,-150.92,76.7,3,ml,56,43,0.6,0.8,ak,aka2026kpknxx,2026-05-30T03:14:39.040Z,"21 km W of Susitna, Alaska",earthquake,3.2,3.2931,0.3,4,automatic,ak,ak
2026-05-30T02:28:04.610Z,17.969,-66.811666666667,16.12,1.9,md,11,202,0.06462,0.15,pr,pr71518153,2026-05-30T10:16:38.900Z,"2 km SSE of Indios, Puerto Rico",earthquake,0.61,0.67,0.50464053573396,8,reviewed,pr,pr
2026-05-30T02:20:02.163Z,60.7,-151.015,64.8,2,ml,40,50,0.1,0.7,ak,aka2026kpjyct,2026-05-30T02:21:49.515Z,"15 km E of Nikiski, Alaska",earthquake,4.1,3.8436,0.4,4,automatic,ak,ak
2026-05-30T02:19:50.430Z,52.87,-169.49516666667,-1.71,1.95,ml,11,165,0.1614,0.28,av,av94215263,2026-05-30T23:45:31.640Z,"43 km W of Nikolski, Alaska",earthquake,1.55,0.38,0.28005832491222,12,reviewed,av,av
2026-05-30T02:16:36.495Z,28.815,-99.012,7.9469,1.7,ml,30,80,0.1,0.4,tx,tx2026knrsvu,2026-06-01T10:36:07.965Z,"11 km SE of Pearsall, Texas",earthquake,1.6529031414034,0.80113008686628,0.2,14,reviewed,tx,tx
2026-05-30T02:02:57.792Z,58.3472,-141.9713,10,2.6,ml,34,151,1.964,0.71,us,us7000spgp,2026-05-30T02:33:05.040Z,"185 km SW of Yakutat, Alaska",earthquake,6.61,1.996,0.049,54,reviewed,us,us
2026-05-30T01:55:48.160Z,35.3,-117.80666666667,7.38,3.17,ml,65,33,0.04563,0.16,ci,ci41476840,2026-05-31T14:42:23.785Z,"18 km WSW of Johannesburg, CA",earthquake,0.13,0.39,0.17552988203808,186,reviewed,ci,ci
2026-05-30T01:51:51.550Z,60.340833333333,-152.91583333333,4.81,0.64,ml,10,167,0.1058,0.09,av,av94215248,2026-05-30T23:40:01.120Z,"76 km WNW of Ninilchik, Alaska",earthquake,0.61,1.79,0.11476642912814,10,reviewed,av,av
2026-05-30T01:51:08.522Z,61.419,-146.931,48.5,1.4,ml,7,105,0.4,0.7,ak,aka2026kpiypc,2026-05-30T01:52:25.593Z,"44 km NW of Valdez, Alaska",earthquake,8.9,19.0934,0.2,5,automatic,ak,ak
2026-05-30T01:48:43.916Z,-22.0917,-68.7166,122.515,4.2,mb,18,58,0.569,0.65,us,us7000spgl,2026-05-30T02:27:12.040Z,"45 km NNE of Calama, Chile",earthquake,3.91,6.706,0.176,9,reviewed,us,us
2026-05-30T01:43:18.010Z,53.3945,-168.19233333333,-0.99,-0.13,ml,5,232,0.0324,0.31,av,av94215243,2026-05-30T23:37:00.840Z,"67 km NE of Nikolski, Alaska",earthquake,1.01,2.91,0.4929752972721,5,reviewed,av,av
2026-05-30T01:32:33.960Z,17.967333333333,-66.808166666667,16.09,1.73,md,8,203,0.0681,0.21,pr,pr71518148,2026-05-30T01:42:07.390Z,"3 km SSE of Indios, Puerto Rico",earthquake,0.81,1.26,0.29146004604624,7,reviewed,pr,pr
2026-05-30T01:25:41.230Z,36.000667572021,-120.97350311279,7.5900001525879,1.13,md,7,135,0.1779,0.03,nc,nc75368216,2026-05-30T04:22:21.283Z,"7 km WSW of San Ardo, CA",earthquake,0.94,6.5,0.02,2,automatic,nc,nc
2026-05-30T01:25:11.390Z,36.591835021973,-121.12133026123,8.0100002288818,1.56,md,28,49,0.05535,0.24,nc,nc75368211,2026-05-30T04:07:24.179Z,"7 km NNE of Pinnacles, CA",earthquake,0.42,1.11000001,0.2,21,automatic,nc,nc
2026-05-30T01:22:38.520Z,55.935,-159.65116666667,9.07,0.64,ml,6,335,0.1865,0.16,av,av93061319,2026-05-30T23:43:02.310Z,"11 km WNW of Ivanof Bay, Alaska",earthquake,1.51,0.78,0.14432422762061,6,reviewed,av,av
2026-05-30T01:19:49.348Z,61.112,-148.569,5.2,1.9,ml,40,51,0.3,0.8,ak,aka2026kphxxf,2026-05-30T01:24:17.029Z,"37 km ENE of Girdwood, Alaska",earthquake,2.5,1.7438,0.1,28,automatic,ak,ak
2026-05-30T01:08:14.350Z,52.8405,-169.85416666667,4.56,1.46,ml,5,190,0.03011,0.21,av,av94215213,2026-05-30T23:30:00.380Z,"67 km W of Nikolski, Alaska",earthquake,0.83,1.6,0.25385480187639,5,reviewed,av,av
2026-05-30T00:57:27.296Z,51.6271,-177.2481,10,2.7,ml,18,194,0.135,0.35,us,us7000spks,2026-05-31T00:13:43.040Z,"50 km WSW of Adak, Alaska",earthquake,1.46,1.901,0.115,10,reviewed,us,us
2026-05-30T00:56:46.820Z,38.79016494751,-122.7363357544,1.8799999952316,0.91,md,10,102,0.006924,0.02,nc,nc75368201,2026-05-30T01:32:22.247Z,"2 km NE of The Geysers, CA",earthquake,0.31,0.649999976,0.18,10,automatic,nc,nc
2026-05-30T00:55:55.936Z,28.812,-99.015,7.4506,1.8,ml,30,80,0.1,0.4,tx,tx2026knpbjl,2026-06-01T10:13:36.541Z,"11 km SE of Pearsall, Texas",earthquake,1.8283074503173,0.85467699136715,0.2,16,reviewed,tx,tx
2026-05-30T00:49:42.650Z,51.8995,179.57566666667,8.24,0.53,ml,4,189,0.008892,0.11,av,av94215188,2026-05-30T23:13:58.390Z,"260 km W of Adak, Alaska",earthquake,0.65,0.68,0.34339899574526,4,reviewed,av,av
2026-05-30T00:49:06.860Z,38.802665710449,-122.77933502197,1.3099999427795,0.92,md,16,67,0.01063,0.02,nc,nc75368196,2026-05-30T01:12:22.056Z,"3 km NW of The Geysers, CA",earthquake,0.22,0.430000007,0.2,16,automatic,nc,nc
2026-05-30T00:38:14.852Z,-59.1715,-26.3858,95.738,5,mb,44,97,24.45,0.55,us,us7000spgb,2026-05-30T01:01:41.040Z,"South Sandwich Islands region",earthquake,14.89,3.278,0.086,43,reviewed,us,us
2026-05-30T00:36:45.602Z,28.803,-99.014,6.9029,2.1,ml,37,59,0.1,0.4,tx,tx2026knokvx,2026-06-01T07:26:52.566Z,"12 km SE of Pearsall, Texas",earthquake,1.5178150248597,0.7800665009721,0.2,17,reviewed,tx,tx
2026-05-30T00:34:27.530Z,60.635666666667,-152.91,7.95,-0.46,ml,8,276,0.06852,0.07,av,av94215173,2026-05-30T23:00:57.580Z,"87 km W of Salamatof, Alaska",earthquake,0.51,0.62,0.14601978500123,8,reviewed,av,av
2026-05-30T00:31:42.149Z,11.2287,-62.2793,134.269,4.7,mb,64,40,3.27,0.76,us,us7000spga,2026-05-30T01:25:48.750Z,"72 km N of Güiria, Venezuela",earthquake,9.26,7.672,0.043,162,reviewed,us,us
2026-05-30T00:04:53.870Z,38.838500976562,-122.78483581543,1.0800000429153,0.69,md,7,87,0.004303,0.01,nc,nc75368191,2026-05-30T00:06:28.515Z,"6 km WNW of Cobb, CA",earthquake,0.46,0.519999981,0.24,8,automatic,nc,nc
2026-05-30T00:01:21.780Z,38.833667755127,-122.79299926758,1.5,0.69,md,6,86,0.005169,0.02,nc,nc75368186,2026-05-30T00:27:18.763Z,"6 km WNW of Cobb, CA",earthquake,0.52,1.16999996,0.24,8,automatic,nc,nc
2026-05-29T23:48:09.304Z,55.894,-159.799,12,1.2,ml,9,187,0.3,0.2,ak,aka2026kpewjf,2026-05-29T23:50:08.332Z,"19 km W of Ivanof Bay, Alaska",earthquake,39.2,5.904,0.2,4,automatic,ak,ak
2026-05-29T23:44:56.280Z,53.901,-166.627,7.48,0.87,ml,10,91,0.03914,0.12,av,av94215133,2026-05-30T02:35:01.270Z,"5 km WNW of Dutch Harbor, Alaska",earthquake,0.31,0.46,0.29016714685545,10,reviewed,av,av
2026-05-29T23:40:49.076Z,64.958,-147.446,1.2,1.5,ml,18,52,0.2,1.2,ak,aka2026kpeqax,2026-05-29T23:42:12.953Z,"8 km E of Fox, Alaska",earthquake,4.1,4.4975,0.2,4,automatic,ak,ak
2026-05-29T23:24:07.210Z,46.876833333333,-122.74366666667,18.26,1.14,ml,20,108,0.1225,0.19,uw,uw62253037,2026-05-31T01:40:24.120Z,"4 km WSW of Rainier, Washington",earthquake,0.45,0.96,0.12259472247765,9,reviewed,uw,uw
2026-05-29T23:21:04.782Z,31.604,-103.957,8.3429,2.7,ml,25,54,0,0.1,tx,tx2026knlxkn,2026-05-29T23:46:16.743Z,"35 km NNW of Toyah, Texas",earthquake,0.36562600524694,0.4105155348071,0.2,43,reviewed,tx,tx
2026-05-29T23:17:03.497Z,-2.9833,147.7323,10,4.8,mb,43,59,1.003,0.96,us,us7000spg0,2026-05-29T23:54:49.040Z,"116 km SSE of Lorengau, Papua New Guinea",earthquake,6.79,1.871,0.071,62,reviewed,us,us
2026-05-29T23:09:15.950Z,38.791667938232,-122.80616760254,3.3199999332428,0.87,md,15,93,0.004123,0.02,nc,nc75368181,2026-05-29T23:10:53.068Z,"5 km WNW of The Geysers, CA",earthquake,0.35,0.769999981,0.25,15,automatic,nc,nc
2026-05-29T23:06:49.810Z,39.221668243408,-120.08066558838,5.1199998855591,2.2,md,18,53,0.03788,0.12,nc,nc75368176,2026-05-30T02:06:32.395Z,"3 km SW of Tahoe Vista, CA",earthquake,0.33,0.75,0.39,14,automatic,nc,nc
2026-05-29T23:03:34.700Z,18.174333333333,-67.0005,22.43,2.11,md,12,73,0.08112,0.11,pr,pr71518123,2026-05-29T23:25:30.190Z,"2 km WSW of Maricao, Puerto Rico",earthquake,0.3,0.8,0.1743494102817,5,reviewed,pr,pr
2026-05-29T22:56:30.843Z,-41.7609,174.4175,16.892,4.5,mb,40,70,0.408,1.37,us,us7000spft,2026-05-30T03:06:22.040Z,"46 km ESE of Witherlea, New Zealand",earthquake,3.5,5.757,0.27,4,reviewed,us,us
2026-05-29T22:51:50.820Z,34.234666666667,-117.44433333333,10.74,1.18,ml,50,34,0.03158,0.15,ci,ci41476792,2026-05-31T20:32:24.081Z,"4 km WNW of Devore, CA",earthquake,0.15,0.23,0.11031011803576,24,reviewed,ci,ci
2026-05-29T22:49:53.511Z,31.605,-103.962,6.4024,1.4,ml,36,48,0,0.4,tx,tx2026knkwst,2026-05-29T22:55:40.647Z,"35 km NNW of Toyah, Texas",earthquake,0,1.5416964292526,0.2,25,automatic,tx,tx
2026-05-29T22:47:08.984Z,56.012,-159.808,9.7,1.9,ml,16,150,0.2,0.5,ak,aka2026kpcvni,2026-05-30T02:28:00.830Z,"23 km WNW of Ivanof Bay, Alaska",earthquake,14.8,5.5292,0.3,11,automatic,ak,ak
2026-05-29T22:44:29.916Z,31.611,-103.955,6.852,1.4,ml,34,47,0,0.5,tx,tx2026knksat,2026-05-29T22:46:46.651Z,"35 km WSW of Mentone, Texas",earthquake,0,1.7291786670685,0.2,25,automatic,tx,tx
2026-05-29T22:41:59.368Z,56.603,-157.33,76.9,1.9,ml,26,203,0.5,0.5,ak,aka2026kpcrbc,2026-05-29T22:44:25.182Z,"74 km ENE of Chignik, Alaska",earthquake,15.7,6.1532,0.2,5,automatic,ak,ak
2026-05-29T22:40:39.919Z,64.618,-151.066,0.2,1.4,ml,13,122,0.7,0.9,ak,aka2026kpcpwn,2026-05-29T22:42:30.607Z,"47 km SSW of Manley Hot Springs, Alaska",earthquake,4.9,3.1846,0.2,4,automatic,ak,ak
2026-05-29T22:36:37.660Z,58.2505,-155.13633333333,4.2,-0.43,ml,9,79,0.05983,0.12,av,av94215038,2026-05-30T02:23:01.430Z,"85 km NNW of Karluk, Alaska",earthquake,0.28,0.87,0.22888293249745,9,reviewed,av,av
2026-05-29T22:25:13.210Z,38.793834686279,-122.75666809082,4.2199997901917,0.76,md,7,85,0.01884,0.01,nc,nc75368146,2026-05-29T22:26:47.606Z,"2 km N of The Geysers, CA",earthquake,0.58,2.30999994,0.06,8,automatic,nc,nc
2026-05-29T22:22:04.000Z,34.6535,-81.753166666667,1.56,1.88,md,9,65,0.1745,0.29,se,se60505613,2026-05-30T13:37:53.450Z,"9 km E of Cross Anchor, South Carolina",earthquake,0.81,5.71,0.096496061693756,9,reviewed,se,se
2026-05-29T22:14:27.190Z,39.254001617432,-123.43800354004,4.960000038147,1.21,md,7,95,0.0184,0.05,nc,nc75368141,2026-05-29T22:16:02.718Z,"19 km SSW of Willits, CA",earthquake,0.36,0.699999988,0.13,5,automatic,nc,nc
2026-05-29T22:13:22.830Z,38.831001281738,-122.79033660889,1.6399999856949,2.01,md,37,44,0.007397,0.04,nc,nc75368136,2026-05-30T01:12:22.131Z,"6 km W of Cobb, CA",earthquake,0.18,0.25999999,0.11,38,automatic,nc,nc
2026-05-29T22:11:11.710Z,45.818,-122.46933333333,-0.81,1.42,ml,13,309,0.1197,0.25,uw,uw62252942,2026-05-31T01:18:06.940Z,"4 km ENE of Lewisville, Washington",explosion,2.24,31.61,0.24331677159994,7,reviewed,uw,uw
2026-05-29T22:05:09.060Z,34.654333333333,-81.762833333333,6.81,1.81,md,11,65,0.1716,0.3,se,se60505608,2026-05-30T13:28:40.480Z,"8 km E of Cross Anchor, South Carolina",earthquake,0.85,4.91,0.034868200788482,9,reviewed,se,se
2026-05-29T21:54:54.169Z,36.158,-115.0433,5.2845,1.6,ml,11,263,0.895,0.3086,nn,nn00919397,2026-05-29T21:57:16.178Z,"6 km SSE of Sunrise Manor, Nevada",earthquake,,1.7244,0.07,4,automatic,nn,nn
2026-05-29T21:52:29.850Z,38.835334777832,-122.79766845703,2.0199999809265,0.7,md,7,114,0.006492,0.01,nc,nc75368131,2026-05-29T21:54:07.430Z,"7 km WNW of Cobb, CA",earthquake,0.57,1.77999997,0.12,9,automatic,nc,nc
2026-05-29T21:50:22.690Z,38.76233291626,-122.72333526611,0.14000000059605,1.78,md,23,86,0.001403,0.07,nc,nc75368126,2026-05-29T23:12:21.374Z,"3 km WSW of Anderson Springs, CA",earthquake,0.25,0.219999999,0.13,23,automatic,nc,nc
2026-05-29T21:35:16.310Z,38.829334259033,-122.85366821289,1.8200000524521,0.91,md,20,64,0.003075,0.02,nc,nc75368121,2026-05-29T22:17:23.956Z,"10 km NW of The Geysers, CA",earthquake,0.22,0.409999996,0.19,20,automatic,nc,nc
2026-05-29T21:25:01.590Z,60.454166666667,-152.709,9.35,-0.5,ml,4,212,0.018,0.25,av,av94214948,2026-05-30T02:10:58.790Z,"73 km NW of Ninilchik, Alaska",earthquake,2.35,1.21,0.28155835347474,4,reviewed,av,av
2026-05-29T21:21:44.016Z,0.9071,-29.1814,10,5.2,mww,33,94,9.475,1.04,us,us7000spfj,2026-05-29T22:08:34.040Z,"central Mid-Atlantic Ridge",earthquake,10.9,1.885,0.069,20,reviewed,us,us
2026-05-29T21:21:29.040Z,19.278333333333,-155.37133333333,31.96,1.97,ml,37,124,0.04755,0.11,hv,hv74971602,2026-05-29T22:07:50.940Z,"14 km NE of Pāhala, Hawaii",earthquake,0.44,0.47,0.20408457656286,9,reviewed,hv,hv
2026-05-29T21:15:35.840Z,38.838165283203,-122.78383636475,1.9700000286102,0.7,md,8,84,0.005088,0.02,nc,nc75368111,2026-05-29T21:57:23.827Z,"6 km WNW of Cobb, CA",earthquake,0.77,1.61000001,0.19,8,automatic,nc,nc
2026-05-29T21:12:02.116Z,62.809,-149.584,72.3,1.6,ml,30,61,0.5,0.7,ak,aka2026kozrbc,2026-05-29T21:13:37.059Z,"48 km NNE of Chase, Alaska",earthquake,3.7,4.4618,0.1,4,automatic,ak,ak
2026-05-29T21:12:01.380Z,49.049166666667,-122.15933333333,-0.64,1.01,ml,8,250,0.07052,0.09,uw,uw62252887,2026-05-31T01:06:43.690Z,"6 km E of Abbotsford, Canada",explosion,1.64,31.61,0.073406510641304,2,reviewed,uw,uw
2026-05-29T21:07:43.462Z,31.651,-104.427,4.8694,1.5,ml,24,77,0,0.2,tx,tx2026knhmrj,2026-06-01T13:31:19.872Z,"58 km S of Whites City, New Mexico",earthquake,0.92877204032024,0.63498713359924,0.2,17,reviewed,tx,tx
2026-05-29T21:06:14.280Z,64.823,-148.974,19.9,0.8,ml,6,201,0.2,0.2,ak,aka2026kozmak,2026-05-29T21:08:54.504Z,"25 km NNE of Four Mile Road, Alaska",earthquake,10.7,10.0652,0.2,6,automatic,ak,ak
2026-05-29T20:58:58.840Z,35.9535,-117.39116666667,2.78,1.46,ml,28,50,0.1075,0.14,ci,ci41476736,2026-05-30T19:33:35.398Z,"21 km N of Searles Valley, CA",earthquake,0.18,0.9,0.13373042005944,24,reviewed,ci,ci
2026-05-29T20:53:53.280Z,42.153,-124.48116666667,-0.44,1.79,ml,9,245,0.1379,0.15,uw,uw62252862,2026-05-31T00:51:53.520Z,"15 km SSW of Pistol River, Oregon",earthquake,0.95,0.7,0.076537841761912,2,reviewed,uw,uw
2026-05-29T20:46:02.740Z,53.899666666667,-166.627,7.26,0.53,ml,7,151,0.03854,0.12,av,av94214858,2026-05-30T01:52:58.820Z,"5 km W of Dutch Harbor, Alaska",earthquake,0.39,0.74,0.3191138488211,7,reviewed,av,av
2026-05-29T20:39:00.446Z,31.691,-104.301,7.2791,2,ml,27,70,0,0.1,tx,tx2026kngnun,2026-05-31T13:39:52.544Z,"54 km S of Whites City, New Mexico",earthquake,0.709818407743,0.67958700924535,0.2,28,reviewed,tx,tx
2026-05-29T20:34:23.772Z,31.694,-104.306,7.074,1.9,ml,30,74,0,0.2,tx,tx2026kngjun,2026-06-01T11:19:25.375Z,"53 km S of Whites City, New Mexico",earthquake,0.78944551177356,0.7196770019371,0.2,14,reviewed,tx,tx
2026-05-29T20:32:38.953Z,31.693,-104.299,7.3816,3.4,ml,31,85,0,0.1,tx,tx2026knggbt,2026-05-30T20:52:24.251Z,"54 km S of Whites City, New Mexico",earthquake,0.74389118255139,0.71893659081502,0.1,25,reviewed,tx,tx
2026-05-29T20:32:13.933Z,31.688,-104.296,7.5867,1.7,ml,28,82,0,0.2,tx,tx2026kngibx,2026-05-29T20:47:56.841Z,"54 km S of Whites City, New Mexico",earthquake,0.72676320685426,0.8423199534573,0.2,24,reviewed,tx,tx
2026-05-29T20:22:17.739Z,35.9682,-115.1631,0.0003,2.03,ml,14,133,0.35,0.3138,nn,nn00919392,2026-05-29T20:24:59.837Z,"9 km SE of Enterprise, Nevada",earthquake,,23.0727,0.96,6,automatic,nn,nn
2026-05-29T20:21:23.853Z,61.405,-152.328,5,1,ml,18,135,0.1,0.5,ak,aka2026koxzdk,2026-05-29T20:23:17.234Z,"72 km WNW of Beluga, Alaska",earthquake,6.4,,0.2,5,automatic,ak,ak
2026-05-29T20:21:14.187Z,31.624,-104.12,5.5052,1.3,ml,29,52,0,0.4,tx,tx2026knfynu,2026-05-29T20:23:31.752Z,"46 km NW of Toyah, Texas",earthquake,0,1.8408834934235,0.2,20,automatic,tx,tx
2026-05-29T20:12:28.210Z,33.6695,-116.78883333333,13.43,1.24,ml,56,24,0.09594,0.16,ci,ci41476712,2026-05-30T19:33:59.980Z,"10 km SW of Idyllwild, CA",earthquake,0.14,0.31,0.18600825190446,28,reviewed,ci,ci
2026-05-29T20:11:02.400Z,35.2995,-117.8075,8.14,1.51,ml,42,35,0.0448,0.18,ci,ci41476704,2026-05-29T20:52:24.909Z,"18 km WSW of Johannesburg, CA",earthquake,0.19,0.49,0.14318332021971,18,reviewed,ci,ci
2026-05-29T20:06:47.789Z,32.108,-101.917,8.9355,1.4,ml,26,57,0.1,0.1,tx,tx2026knfmfe,2026-05-31T12:51:22.040Z,"12 km W of Stanton, Texas",earthquake,0.46887636374937,0.85835583819144,0.2,19,reviewed,tx,tx
2026-05-29T20:06:47.720Z,32.101,-101.913,8.5693,1.4,ml,32,85,0.1,0.1,tx,tx2026knflxh,2026-05-31T13:16:09.390Z,"12 km WSW of Stanton, Texas",earthquake,0.55444199701338,1.0912575695775,0.1,21,reviewed,tx,tx
2026-05-29T20:06:08.050Z,33.722833333333,-116.764,14.98,0.89,ml,14,196,0.09246,0.16,ci,ci41476688,2026-05-30T19:33:57.006Z,"5 km WSW of Idyllwild, CA",earthquake,0.71,0.86,0.15635806369077,19,reviewed,ci,ci
2026-05-29T20:01:52.530Z,48.872,-122.494,20.37,2.56,ml,40,68,0.01402,0.2,uw,uw62252817,2026-05-30T18:49:13.960Z,"7 km ENE of Ferndale, Washington",earthquake,0.25,0.42,0.20498967106138,65,reviewed,uw,uw
2026-05-29T20:01:01.270Z,17.9965,-66.672,13.54,2.07,md,10,136,0.0777,0.06,pr,pr71518113,2026-05-29T20:34:04.180Z,"4 km E of Tallaboa, Puerto Rico",earthquake,0.25,0.35,0.058143792868201,4,reviewed,pr,pr
2026-05-29T19:59:30.260Z,47.179666666667,-121.85366666667,-0.62,1.5,ml,13,240,0.09256,0.3,uw,uw62252812,2026-05-31T00:37:34.550Z,"10 km ESE of Enumclaw, Washington",explosion,1.14,31.61,0.15329705521215,4,reviewed,uw,uw
2026-05-29T19:54:24.458Z,1.5884,128.661,10,4.4,mb,20,124,5.737,0.84,us,us7000spey,2026-05-29T20:10:40.040Z,"74 km ESE of Tobelo, Indonesia",earthquake,8.9,1.901,0.13,17,reviewed,us,us
2026-05-29T19:49:46.788Z,31.65,-104.531,3.2722,1.2,ml,14,158,0,0.4,tx,tx2026knexmo,2026-05-29T19:56:25.048Z,"60 km SSW of Whites City, New Mexico",earthquake,0,1.8610535860062,0.4,10,automatic,tx,tx
2026-05-29T19:44:06.914Z,61.756,-149.661,29.2,2.4,ml,77,36,0.3,0.8,ak,aka2026kowsuv,2026-05-29T20:44:53.121Z,"14 km NNW of Meadow Lakes, Alaska",earthquake,2.1,1.8305,0.3,10,automatic,ak,ak
2026-05-29T19:41:19.930Z,57.834333333333,-155.69,15.57,0.27,ml,10,194,0.228,0.22,av,av94214753,2026-05-30T01:48:58.500Z,"79 km WNW of Karluk, Alaska",earthquake,0.86,3.79,0.24338901705436,10,reviewed,av,av
2026-05-29T19:40:57.505Z,60.457,-143.077,19.7,0.7,ml,11,129,0.2,0.4,ak,aka2026kowqcb,2026-05-29T19:42:14.154Z,"109 km S of McCarthy, Alaska",earthquake,6.8,3.2981,0.1,4,automatic,ak,ak
2026-05-29T19:28:57.804Z,62.549,-150.888,77.8,1.3,ml,11,120,0.1,0.7,ak,aka2026kowfrm,2026-05-29T19:32:33.287Z,"8 km NW of Petersville, Alaska",earthquake,6.4,4.3401,0.3,9,automatic,ak,ak
2026-05-29T19:18:52.771Z,59.398,-153.367,104.2,1.4,ml,38,74,0,0.4,ak,aka2026kovwyf,2026-05-29T19:21:06.005Z,"60 km SE of Pedro Bay, Alaska",earthquake,5.7,2.8969,0.4,6,automatic,ak,ak
2026-05-29T19:18:21.679Z,54.5074,-159.9411,35,3.2,mb,22,161,1.54,0.82,us,us7000spee,2026-05-29T23:00:24.355Z,"98 km SSE of Sand Point, Alaska",earthquake,6.32,2.005,0.215,5,reviewed,us,us
2026-05-29T19:17:03.380Z,19.357,-155.85,21.66,2.08,ml,26,209,0.1753,0.11,hv,hv74971552,2026-05-29T19:42:26.930Z,"11 km S of Honaunau-Napoopoo, Hawaii",earthquake,0.54,1.04,0.24699534508993,11,reviewed,hv,hv
2026-05-29T19:16:58.180Z,35.308166666667,-117.81233333333,8.81,1.04,ml,29,87,0.04902,0.14,ci,ci41476664,2026-05-31T17:18:59.687Z,"18 km WSW of Johannesburg, CA",earthquake,0.19,0.38,0.1971155651043,13,reviewed,ci,ci
2026-05-29T19:03:49.270Z,33.431833333333,-116.657,4.47,-0.02,ml,13,99,0.02941,0.14,ci,ci41476656,2026-05-30T05:20:25.821Z,"14 km S of Anza, CA",earthquake,0.24,0.46,0.075603840301535,5,reviewed,ci,ci
2026-05-29T18:54:53.280Z,38.837001800537,-122.78116607666,1.539999961853,1.07,md,18,140,0.006718,0.03,nc,nc75368081,2026-05-29T18:56:27.292Z,"5 km WNW of Cobb, CA",earthquake,0.29,0.370000005,0.19,20,automatic,nc,nc
2026-05-29T18:52:10.190Z,38.4585,-116.5007,4.991,1.63,ml,6,153,0.231,0.086,nn,nn00919390,2026-05-30T02:06:07.952Z,"77 km NE of Tonopah, Nevada",earthquake,,6.1409,0.24,3,reviewed,nn,nn
2026-05-29T18:44:11.300Z,60.052833333333,-153.05633333333,1.5,-1.09,ml,4,191,0.005816,0.18,av,av94214663,2026-05-30T01:40:57.060Z,"65 km ENE of Pedro Bay, Alaska",earthquake,1.45,0.49,0.17410542673972,3,reviewed,av,av
2026-05-29T18:41:59.756Z,38.4266,-116.5146,0,1.56,ml,12,194,0.203,0.1127,nn,nn00919387,2026-05-30T02:05:48.932Z,"74 km ENE of Tonopah, Nevada",earthquake,,2.262,0.3,5,reviewed,nn,nn
2026-05-29T18:30:21.310Z,19.042999267578,-155.38133239746,30.569999694824,1.75,md,16,259,0.1941,0.129999995,hv,hv74971542,2026-05-29T18:33:46.350Z,"20 km SSE of Pāhala, Hawaii",earthquake,0.86,1.38,0.062942185867279,13,automatic,hv,hv
2026-05-29T18:18:36.560Z,60.060833333333,-153.0685,0.99,-0.55,ml,4,237,0.004273,0.11,av,av94214643,2026-05-30T01:37:56.780Z,"65 km ENE of Pedro Bay, Alaska",earthquake,1.08,0.36,0.24938254157703,4,reviewed,av,av
2026-05-29T18:18:33.350Z,34.38283333,-96.83583333,0,1.29,ml,26,113,0.201560447,0.44,ok,ok2026klus,2026-06-01T13:07:22.836Z,"2 km SSW of Mill Creek, Oklahoma",quarry blast,,0.8,0.22,12,reviewed,ok,ok
2026-05-29T18:10:54.426Z,59.2,-154.675,4,1.8,ml,23,88,0.3,0.3,ak,aka2026kotpzu,2026-05-29T18:13:10.324Z,"27 km SSE of Kokhanok, Alaska",earthquake,3.4,4.7366,0.2,7,automatic,ak,ak
2026-05-29T17:57:21.790Z,35.8695,-118.68816666667,9.56,1.15,ml,24,57,0.1691,0.18,ci,ci41476616,2026-05-30T19:34:42.846Z,"27 km WNW of Kernville, CA",earthquake,0.28,0.7,0.22914015462351,9,reviewed,ci,ci
2026-05-29T17:55:39.969Z,36.74683333,-94.80366667,0,1.44,ml,16,207,0.4553106525,0.45,ok,ok2026klty,2026-06-01T13:02:30.122Z,"3 km E of Fairland, Oklahoma",quarry blast,,0.7,0.27,8,reviewed,ok,ok
2026-05-29T17:52:51.400Z,38.93433380127,-123.00216674805,1.3999999761581,1.48,md,9,158,0.08052,0.05,nc,nc75368071,2026-05-29T19:27:20.830Z,"14 km SSW of Lakeport, CA",earthquake,0.76,9.07999992,0.1,11,automatic,nc,nc
2026-05-29T17:49:07.280Z,28.811,-99.023,7.436,1.6,ml,31,60,0.1,0.4,tx,tx2026knaxnu,2026-06-01T12:06:08.744Z,"11 km SE of Pearsall, Texas",earthquake,0.96612406106515,0.62249036446136,0.2,15,reviewed,tx,tx
2026-05-29T17:42:51.020Z,17.907333333333,-66.93,9.68,2,md,5,265,0.08288,0.04,pr,pr71518053,2026-05-29T18:05:01.580Z,"7 km SSW of Guánica, Puerto Rico",earthquake,0.73,1.1,0.18356327006987,4,reviewed,pr,pr
2026-05-29T17:40:00.030Z,35.915,-117.68416666667,2.19,0.94,ml,23,41,0.04278,0.14,ci,ci41476592,2026-05-30T19:34:59.434Z,"20 km E of Little Lake, CA",earthquake,0.17,0.22,0.13303809839618,13,reviewed,ci,ci
2026-05-29T17:39:23.550Z,28.804,-99.003,6.6179,1.4,ml,17,82,0.1,0.4,tx,tx2026knapek,2026-06-01T12:53:57.680Z,"13 km SE of Pearsall, Texas",earthquake,1.5598949953151,1.3875246280697,0.2,10,reviewed,tx,tx
2026-05-29T17:38:16.830Z,33.047666666667,-114.98716666667,-0.2,1.53,ml,13,60,0.07563,0.2,ci,ci10241222,2026-05-31T15:25:13.028Z,"45 km NE of Holtville, CA",quarry blast,0.45,31.61,0.13794798594633,8,reviewed,ci,ci
2026-05-29T17:29:38.550Z,53.899666666667,-166.62283333333,7.52,0.42,ml,7,153,0.04077,0.16,av,av94214593,2026-05-30T01:20:56.860Z,"5 km WNW of Dutch Harbor, Alaska",earthquake,0.55,0.91,0.29378422679621,7,reviewed,av,av
2026-05-29T17:28:49.039Z,28.807,-99.019,7.5874,1.9,ml,22,81,0.1,0.2,tx,tx2026knagbx,2026-05-29T18:35:13.928Z,"12 km SE of Pearsall, Texas",earthquake,1.2424991702004,0.87273488224265,0.1,19,reviewed,tx,tx
2026-05-29T17:28:26.970Z,53.898,-166.62333333333,7.35,0.54,ml,7,152,0.03984,0.09,av,av94214588,2026-05-30T01:07:25.080Z,"5 km W of Dutch Harbor, Alaska",earthquake,0.32,0.64,0.38159590565543,7,reviewed,av,av
2026-05-29T17:21:50.390Z,19.385334014893,-155.27966308594,1.25,1.85,ml,24,65,0.002274,0.200000003,hv,hv74971497,2026-05-29T17:25:26.340Z,"7 km SW of Volcano, Hawaii",earthquake,0.19,0.230000004,0.21,7,automatic,hv,hv
2026-05-29T17:19:50.900Z,53.9,-166.62383333333,7.88,0.8,ml,9,93,0.04038,0.12,av,av93061314,2026-05-30T00:26:53.080Z,"5 km WNW of Dutch Harbor, Alaska",earthquake,0.3,0.46,0.34040052671965,9,reviewed,av,av
2026-05-29T17:19:18.860Z,53.892,-166.62816666667,6.78,0.32,ml,7,144,0.0352,0.23,av,av93061309,2026-05-30T00:24:52.880Z,"5 km W of Dutch Harbor, Alaska",earthquake,0.58,1.14,0.34005714690817,7,reviewed,av,av
2026-05-29T17:06:54.130Z,38.794998168945,-122.76033020019,0.77999997138977,1.2,md,14,67,0.005639,0.02,nc,nc75368041,2026-05-29T18:42:21.521Z,"2 km N of The Geysers, CA",earthquake,0.22,0.439999998,0.21,15,automatic,nc,nc
2026-05-29T17:03:33.128Z,32.129,-101.039,6.9092,2.1,ml,28,83,0.2,0.2,tx,tx2026kmzhhq,2026-05-29T18:17:13.213Z,"25 km S of Westbrook, Texas",earthquake,0.89391634030075,1.8333967049316,0.1,30,reviewed,tx,tx
2026-05-29T17:00:37.890Z,44.762166666667,-111.21683333333,9.87,0.29,ml,7,130,0.01858,0.24,mb,mb90142403,2026-05-31T15:46:47.330Z,"2 km WSW of Hebgen Lake Estates, Montana",earthquake,0.73,0.99,0.18159640209225,6,reviewed,mb,mb
2026-05-29T16:47:49.386Z,-24.9835,179.7888,499.352,4.6,mb,49,78,4.706,0.88,us,us7000spdj,2026-05-29T17:05:50.040Z,"south of the Fiji Islands",earthquake,12.04,8.317,0.057,93,reviewed,us,us
2026-05-29T16:45:36.969Z,36.19516667,-95.83083333,0,1.11,ml,32,159,0.2861438488,0.35,ok,ok2026klrq,2026-06-01T12:57:46.823Z,"7 km W of Catoosa, Oklahoma",quarry blast,,0.5,0.15,14,reviewed,ok,ok
2026-05-29T16:22:21.125Z,60.099,-152.629,106.3,1.8,ml,37,84,0.2,0.4,ak,aka2026kopzwl,2026-05-29T16:26:13.126Z,"52 km WNW of Happy Valley, Alaska",earthquake,7.6,2.6806,0.3,25,automatic,ak,ak
2026-05-29T16:14:19.310Z,39.770000457764,-123.54766845703,6.8000001907349,1.99,md,21,89,0.064,0.07,nc,nc75368026,2026-05-29T17:57:22.302Z,"11 km NNW of Laytonville, CA",earthquake,0.26,0.639999986,0.13,13,automatic,nc,nc
2026-05-29T16:13:44.520Z,38.337333679199,-122.71216583252,7.75,2.15,md,7,176,0.4348,0.14,nc,nc75368021,2026-05-29T17:32:23.054Z,"1 km WSW of Rohnert Park, CA",earthquake,2.01,1.41999996,,1,automatic,nc,nc
2026-05-29T16:09:12.550Z,38.823333740234,-122.81066894531,2.3599998950958,0.68,md,7,129,0.0004687,0.01,nc,nc75368016,2026-05-29T16:47:23.774Z,"7 km NW of The Geysers, CA",earthquake,0.5,1.36000001,0.42,8,automatic,nc,nc
2026-05-29T16:05:58.630Z,50.0568,159.5123,10,5.2,mb,64,116,3.258,0.8,us,us7000spd9,2026-05-29T16:25:37.040Z,"250 km ESE of Severo-Kuril’sk, Russia",earthquake,9.57,1.873,0.028,427,reviewed,us,us
2026-05-29T16:05:49.960Z,35.3065,-117.80333333333,7.14,1.09,ml,34,59,0.05223,0.17,ci,ci41476544,2026-05-30T19:35:31.414Z,"17 km WSW of Johannesburg, CA",earthquake,0.17,0.45,0.11659724919665,20,reviewed,ci,ci
2026-05-29T15:48:28.210Z,56.441,-157.949,98.4,2.1,ml,32,189,0.4,0.4,ak,aka2026koowna,2026-05-29T15:50:33.611Z,"32 km ENE of Chignik, Alaska",earthquake,18.6,4.0225,0.3,7,automatic,ak,ak
2026-05-29T15:33:56.832Z,59.403,-152.439,86.6,1.9,ml,47,109,0.5,0.3,ak,aka2026koojxe,2026-05-29T15:35:45.524Z,"29 km W of Nanwalek, Alaska",earthquake,4.8,3.1358,0.2,4,automatic,ak,ak
2026-05-29T15:33:45.428Z,56.1455,-149.0854,10,3.4,ml,23,234,2.523,0.6,us,us7000spd2,2026-05-29T15:44:25.040Z,"254 km SE of Chiniak, Alaska",earthquake,10.5,2.02,0.074,24,reviewed,us,us
2026-05-29T15:32:08.451Z,32.125,-101.045,8.0811,1.5,ml,20,69,0.2,0.2,tx,tx2026kmwjna,2026-05-29T15:56:03.235Z,"25 km S of Westbrook, Texas",earthquake,1.1816887208771,2.408446822316,0.2,17,reviewed,tx,tx
2026-05-29T15:26:20.555Z,64.699,-149.123,19,0.8,ml,10,180,0.1,0.7,ak,aka2026koodhm,2026-05-29T15:27:46.321Z,"10 km N of Four Mile Road, Alaska",earthquake,9.5,3.3412,0.1,4,automatic,ak,ak
2026-05-29T15:20:29.551Z,26.9217,125.4642,230.343,4.2,mb,38,66,2.51,0.96,us,us7000spd5,2026-05-29T18:03:07.040Z,"234 km WNW of Naha, Japan",earthquake,8.48,8.258,0.106,25,reviewed,us,us
2026-05-29T15:14:34.399Z,61.42,-146.476,7.7,1.6,ml,32,61,0.6,0.8,ak,aka2026kontct,2026-05-29T15:16:17.134Z,"32 km NNW of Valdez, Alaska",earthquake,3,2.0258,0.1,7,automatic,ak,ak
2026-05-29T15:13:52.844Z,32.114,-101.935,7.2998,1.1,ml,31,52,0,0.1,tx,tx2026kmvtso,2026-05-29T15:36:39.755Z,"13 km W of Stanton, Texas",earthquake,0.62985033186385,0.85583636663475,0.2,31,reviewed,tx,tx
2026-05-29T15:03:22.350Z,19.344667434692,-155.19650268555,1.1000000238419,1.7,md,39,124,0.03407,0.200000003,hv,hv74971457,2026-05-29T15:06:54.190Z,"11 km SSE of Volcano, Hawaii",earthquake,0.37,0.389999986,0.076193704402786,11,automatic,hv,hv
2026-05-29T14:53:34.240Z,36.268,-95.22266667,0,1.2,ml,24,134,0.1871632722,0.48,ok,ok2026klny,2026-06-01T12:52:14.225Z,"3 km NE of Sportsmen Acres, Oklahoma",quarry blast,,0.9,0.2,11,reviewed,ok,ok
2026-05-29T14:40:06.990Z,38.784999847412,-122.7679977417,0.69999998807907,0.32,md,7,136,0.01437,0.08,nc,nc75367991,2026-05-29T15:57:21.471Z,"1 km NW of The Geysers, CA",earthquake,0.77,0.610000014,0.14,7,automatic,nc,nc
2026-05-29T14:36:55.425Z,36.4972,25.7887,10,4.1,mb,20,81,1.41,0.73,us,us7000spb7,2026-05-29T15:14:33.040Z,"32 km ENE of Mesariá, Greece",earthquake,5.05,1.914,0.214,6,reviewed,us,us
2026-05-29T14:34:43.967Z,-3.5004,122.3461,10,4.9,mb,21,46,2.992,1.27,us,us7000spb8,2026-05-29T15:01:40.040Z,"56 km NNW of Kendari, Indonesia",earthquake,8.86,1.553,0.169,12,reviewed,us,us
2026-05-29T14:24:09.126Z,61.938,-143.709,15.7,1.1,ml,11,106,0.3,0.7,ak,aka2026kombkg,2026-05-30T00:01:51.620Z,"60 km SW of Nabesna, Alaska",earthquake,6.9,4.7385,0.2,6,automatic,ak,ak
2026-05-29T14:22:15.524Z,28.814,-99.018,8.4279,1.8,ml,32,80,0.1,0.4,tx,tx2026kmubhz,2026-06-01T10:05:30.800Z,"11 km SE of Pearsall, Texas",earthquake,1.3064802410921,0.73926650159461,0.2,13,reviewed,tx,tx
2026-05-29T14:14:59.350Z,35.3145,-117.828,7.94,1.14,ml,26,134,0.1446,0.18,ci,ci41476480,2026-05-30T19:35:35.268Z,"19 km WSW of Johannesburg, CA",earthquake,0.42,1.12,0.17020659229268,19,reviewed,ci,ci
2026-05-29T14:11:28.743Z,28.823,-99.009,6.2706,1.8,ml,19,79,0.1,0.3,tx,tx2026kmtsal,2026-05-29T16:24:10.095Z,"11 km SE of Pearsall, Texas",earthquake,1.8116840255481,1.1666831394104,0.1,12,reviewed,tx,tx
2026-05-29T13:56:57.133Z,54.5329,-160.0106,40.595,4,mb,29,192,1.493,0.54,us,us7000spb0,2026-05-29T18:39:36.324Z,"94 km SSE of Sand Point, Alaska",earthquake,7.38,9.953,0.184,9,reviewed,us,us
2026-05-29T13:56:23.844Z,63.024,-149.588,83.2,2.2,ml,40,43,0.5,0.7,ak,aka2026koldib,2026-05-29T13:57:57.051Z,"52 km SW of Cantwell, Alaska",earthquake,3.6,3.6758,0.1,4,automatic,ak,ak
2026-05-29T13:52:41.443Z,62.1,-148.164,20.7,1.9,ml,47,35,0.3,0.9,ak,aka2026kolacl,2026-05-29T13:55:19.133Z,"37 km NNE of Chickaloon, Alaska",earthquake,2.4,2.3664,0.2,15,automatic,ak,ak
2026-05-29T13:48:51.875Z,60.5971,-139.9039,5,2.7,ml,14,121,0.587,0.99,us,us7000spau,2026-05-29T14:22:00.040Z,"117 km N of Yakutat, Alaska",earthquake,4.02,2.002,0.069,28,reviewed,us,us
2026-05-29T13:47:38.844Z,61.909,-149.592,25.7,1.6,ml,29,50,0.3,0.8,ak,aka2026kokvsu,2026-05-29T13:49:02.679Z,"26 km NW of Fishhook, Alaska",earthquake,3.6,2.1287,0.2,4,automatic,ak,ak
2026-05-29T13:38:59.799Z,34.44483333,-97.4855,4.1,1.19,ml,28,76,0.1403724541,0.42,ok,ok2026kllm,2026-06-01T12:45:52.391Z,"2 km ESE of Ratliff City, Oklahoma",earthquake,,1.6,0.22,14,reviewed,ok,ok
2026-05-29T13:37:13.312Z,43.923,147.967,35,4.6,mb,64,127,3.881,0.61,us,us7000spar,2026-05-29T14:08:07.040Z,"101 km E of Shikotan, Russia",earthquake,10.18,1.916,0.061,81,reviewed,us,us
2026-05-29T13:32:56.060Z,35.825666666667,-117.6495,8.54,1.42,ml,35,31,0.0434,0.16,ci,ci41476472,2026-05-29T16:18:46.112Z,"23 km N of Ridgecrest, CA",earthquake,0.16,0.4,0.2437601148536,24,reviewed,ci,ci
2026-05-29T13:27:32.300Z,33.5315,-116.7205,6.66,-0.08,ml,7,81,0.03659,0.07,ci,ci10241214,2026-05-29T18:02:22.288Z,"5 km WSW of Anza, CA",earthquake,0.25,0.49,0.09472963684241,5,reviewed,ci,ci
2026-05-29T13:27:11.700Z,33.6655,-116.76266666667,11.01,0.27,ml,9,164,0.07419,0.07,ci,ci10241206,2026-05-29T17:56:53.166Z,"9 km SSW of Idyllwild, CA",earthquake,0.28,0.52,0.18957004053704,5,reviewed,ci,ci
2026-05-29T13:23:32.060Z,33.670166666667,-116.744,17.08,0.92,ml,11,181,0.1047,0.05,ci,ci41476456,2026-05-29T16:19:16.729Z,"8 km SSW of Idyllwild, CA",earthquake,0.44,0.73,0.15924982770373,25,reviewed,ci,ci
2026-05-29T13:12:46.760Z,38.820331573486,-122.84216308594,1.9299999475479,1.08,md,20,70,0.006227,0.01,nc,nc75367966,2026-05-29T13:47:26.608Z,"9 km WNW of The Geysers, CA",earthquake,0.21,0.370000005,0.13,22,automatic,nc,nc
2026-05-29T13:06:29.680Z,33.152,-116.52433333333,6.43,0.8,ml,34,55,0.09377,0.19,ci,ci41476448,2026-05-29T16:19:33.285Z,"11 km NE of Julian, CA",earthquake,0.2,0.57,0.1095888314483,17,reviewed,ci,ci
2026-05-29T13:00:12.770Z,53.898666666667,-166.62166666667,7.57,0.33,ml,8,93,0.04101,0.09,av,av93061284,2026-05-29T23:49:19.940Z,"5 km W of Dutch Harbor, Alaska",earthquake,0.29,0.47,0.30080844625141,8,reviewed,av,av
2026-05-29T12:56:18.530Z,53.8945,-166.6315,7.44,0.61,ml,7,144,0.03407,0.16,av,av93061269,2026-05-29T23:28:18.540Z,"5 km W of Dutch Harbor, Alaska",earthquake,0.45,0.87,0.28402651577876,7,reviewed,av,av
2026-05-29T12:52:30.632Z,64.68,-149.44,20.9,0.9,ml,9,245,0.2,0.4,ak,aka2026koizxx,2026-05-29T12:53:57.487Z,"17 km WNW of Four Mile Road, Alaska",earthquake,9.6,5.7316,0.5,4,automatic,ak,ak
2026-05-29T12:49:50.185Z,32.508,-101.195,6.3721,2.8,ml,36,68,0,0.1,tx,tx2026kmqxdn,2026-05-29T13:30:31.783Z,"24 km NW of Westbrook, Texas",earthquake,0.58901032003973,0.91194645740333,0.1,19,reviewed,tx,tx
2026-05-29T12:36:55.670Z,44.801,-110.817,4.52,1.3,ml,22,106,0.02701,0.15,uu,uu80141286,2026-05-29T14:19:38.750Z,"21 km SSW of Mammoth, Wyoming",earthquake,0.28,0.46,0.15520881716176,6,reviewed,uu,uu
2026-05-29T12:36:31.930Z,33.998333333333,-116.69333333333,16.06,1.05,ml,42,34,0.05502,0.18,ci,ci41476440,2026-05-29T12:43:42.456Z,"12 km WSW of Morongo Valley, CA",earthquake,0.17,0.46,0.13719616599641,27,reviewed,ci,ci
2026-05-29T12:29:58.370Z,58.230833333333,-155.116,2.56,-0.24,ml,9,100,0.05915,0.15,av,av93061264,2026-05-29T23:24:48.300Z,"83 km NNW of Karluk, Alaska",earthquake,0.27,0.64,0.20089658323051,9,reviewed,av,av
2026-05-29T12:26:25.385Z,32.105,-101.909,8.9111,1.6,ml,74,38,0.1,0.1,tx,tx2026kmqflv,2026-05-29T13:37:03.562Z,"11 km WSW of Stanton, Texas",earthquake,0.25817907959423,0.39952872207077,0.2,36,reviewed,tx,tx
2026-05-29T12:25:53.648Z,-13.758,-72.4559,99.854,4.8,mb,83,107,4.625,0.6,us,us7000sp99,2026-05-29T12:46:18.040Z,"13 km NNE of Palpacachi, Peru",earthquake,9.64,7.776,0.037,233,reviewed,us,us
2026-05-29T12:22:54.128Z,23.4621,93.722,57.374,4.3,mb,32,126,2.503,0.68,us,us7000sp9a,2026-05-29T12:58:49.040Z,"60 km N of Falam, Burma (Myanmar)",earthquake,10.75,7.066,0.125,18,reviewed,us,us
2026-05-29T12:22:26.750Z,53.899333333333,-166.6275,6.92,-0.25,ml,6,150,0.03813,0.12,av,av93061279,2026-05-29T23:43:19.500Z,"5 km W of Dutch Harbor, Alaska",earthquake,0.48,0.8,0.26203205692467,6,reviewed,av,av
2026-05-29T12:20:02.440Z,32.092,-101.911,5.9326,0.7,ml,20,72,0.1,0.2,tx,tx2026kmpzrc,2026-05-29T16:10:41.298Z,"12 km WSW of Stanton, Texas",earthquake,1.1531980777932,2.3226971082898,0.2,14,reviewed,tx,tx
2026-05-29T12:01:36.206Z,31.716,-104.345,6.3049,2,ml,34,64,0.1,0.2,tx,tx2026kmpjxy,2026-05-29T12:59:02.785Z,"51 km S of Whites City, New Mexico",earthquake,0.74307308618902,0.87139908253781,0.2,23,reviewed,tx,tx
2026-05-29T12:01:34.290Z,38.825832366943,-122.80149841309,2.5,1.8,md,33,37,0.007127,0.02,nc,nc75367961,2026-05-29T12:32:21.155Z,"7 km NW of The Geysers, CA",earthquake,0.19,0.330000013,0.16,36,automatic,nc,nc
2026-05-29T12:01:17.437Z,32.104,-101.912,7.7637,1.4,ml,31,54,0.1,0.1,tx,tx2026kmpjuk,2026-05-29T13:37:46.041Z,"11 km WSW of Stanton, Texas",earthquake,0.39747272010684,0.84080092653601,0.1,18,reviewed,tx,tx
2026-05-29T11:58:42.210Z,33.921166666667,-116.70283333333,14.22,0.72,ml,27,57,0.1175,0.12,ci,ci41476432,2026-05-29T12:44:14.119Z,"8 km E of Cabazon, CA",earthquake,0.15,0.36,0.15624501828588,19,reviewed,ci,ci
2026-05-29T11:57:56.996Z,32.105,-101.911,8.8135,1.7,ml,80,38,0.1,0.1,tx,tx2026kmpgxk,2026-05-29T13:20:37.990Z,"11 km WSW of Stanton, Texas",earthquake,0.23676353817112,0.49624410816843,0.1,39,reviewed,tx,tx
2026-05-29T11:36:48.330Z,53.895333333333,-166.62833333333,7.94,-0.3,ml,6,147,0.03612,0.19,av,av93061259,2026-05-29T23:15:48.680Z,"5 km W of Dutch Harbor, Alaska",earthquake,0.53,1.08,0.45576677712727,6,reviewed,av,av
2026-05-29T11:35:14.180Z,19.229,-155.4775,31.1,1.76,ml,40,133,0.02799,0.12,hv,hv74971382,2026-05-29T19:32:22.120Z,"2 km N of Pāhala, Hawaii",earthquake,0.46,0.57,0.11803574700126,8,reviewed,hv,hv
2026-05-29T11:31:29.510Z,47.607333333333,-113.6635,-0.58,1.24,ml,5,159,0.1931,0.19,mb,mb90142388,2026-05-31T15:39:34.890Z,"9 km NNE of Condon, Montana",earthquake,0.91,1.27,0.25115243280171,5,reviewed,mb,mb
2026-05-29T11:10:33.830Z,38.818000793457,-122.79033660889,3.3399999141693,1.06,md,17,51,0.008903,0.01,nc,nc75367956,2026-05-29T11:32:20.779Z,"5 km NNW of The Geysers, CA",earthquake,0.3,0.629999995,0.17,21,automatic,nc,nc
2026-05-29T11:02:41.010Z,38.831832885742,-122.81517028809,1.8899999856949,0.27,md,8,86,0.009319,0.01,nc,nc75367951,2026-05-29T11:22:22.712Z,"8 km NW of The Geysers, CA",earthquake,0.39,1.02999997,0.16,9,automatic,nc,nc
2026-05-29T10:59:04.530Z,35.0965,-119.09566666667,13.02,1.07,ml,33,98,0.03905,0.24,ci,ci41476424,2026-05-29T11:03:46.961Z,"23 km NW of Grapevine, CA",earthquake,0.33,0.65,0.17406464415231,20,automatic,ci,ci
2026-05-29T10:48:35.818Z,59.234,-153.732,120.1,1.4,ml,36,88,0.2,0.6,ak,aka2026koewmq,2026-05-29T10:51:08.633Z,"56 km SE of Pope-Vannoy Landing, Alaska",earthquake,6.4,2.9551,0.3,16,automatic,ak,ak
2026-05-29T10:43:31.040Z,53.899666666667,-166.62566666667,7.04,-0.09,ml,6,152,0.03925,0.12,av,av93061254,2026-05-29T23:10:16.400Z,"5 km WNW of Dutch Harbor, Alaska",earthquake,0.48,0.78,0.3599068582613,6,reviewed,av,av
2026-05-29T10:41:06.980Z,33.300666666667,-116.32066666667,9.37,0.68,ml,35,65,0.0468,0.18,ci,ci41476416,2026-05-29T12:44:33.166Z,"7 km NE of Borrego Springs, CA",earthquake,0.27,0.39,0.20470139366666,12,reviewed,ci,ci
2026-05-29T10:38:21.543Z,60.424,-152.833,8.9,0.6,ml,7,243,0,0.1,ak,aka2026koenpt,2026-05-29T23:37:19.090Z,"76 km WNW of Ninilchik, Alaska",earthquake,20.9,7.1392,0.3,5,automatic,ak,ak
2026-05-29T10:36:02.341Z,63.149,-148.742,81.5,1.5,ml,24,86,0.3,0.7,ak,aka2026koelpi,2026-05-29T10:38:07.099Z,"29 km SSE of Cantwell, Alaska",earthquake,4.5,3.5977,0.2,7,automatic,ak,ak
2026-05-29T10:35:20.289Z,32.105,-101.909,8.7158,1.5,ml,76,38,0.1,0.2,tx,tx2026kmmnsp,2026-05-29T11:17:13.855Z,"11 km WSW of Stanton, Texas",earthquake,0.24912817373569,0.65773434983729,0.1,36,reviewed,tx,tx
2026-05-29T10:33:19.050Z,35.298666666667,-117.80466666667,7.76,1.09,ml,35,60,0.04588,0.17,ci,ci41476408,2026-05-29T12:44:51.808Z,"17 km WSW of Johannesburg, CA",earthquake,0.19,0.47,0.15578325847229,17,reviewed,ci,ci
2026-05-29T10:32:51.230Z,53.8955,-166.62866666667,7.68,-0.17,ml,6,147,0.03599,0.2,av,av93061249,2026-05-29T22:48:15.200Z,"5 km W of Dutch Harbor, Alaska",earthquake,0.54,1.1,0.37248671845608,7,reviewed,av,av
2026-05-29T10:32:35.050Z,32.105,-101.92,8.374,1,ml,65,34,0.1,0.2,tx,tx2026kmmlez,2026-05-29T11:37:21.053Z,"12 km WSW of Stanton, Texas",earthquake,0.32344211506742,0.6413380644796,0.1,30,reviewed,tx,tx
2026-05-29T10:29:48.080Z,33.9875,-116.96833333333,16.42,1.35,ml,61,26,0.06672,0.15,ci,ci41476400,2026-05-29T12:48:08.950Z,"7 km N of Beaumont, CA",earthquake,0.12,0.37,0.20043665412102,27,reviewed,ci,ci
2026-05-29T10:29:28.870Z,33.301,-116.32766666667,10.04,0.77,ml,45,49,0.04185,0.2,ci,ci41476392,2026-05-29T12:45:07.806Z,"7 km NE of Borrego Springs, CA",earthquake,0.23,0.38,0.13175477619685,17,reviewed,ci,ci
2026-05-29T10:23:20.066Z,64.774,-150.564,5.5,1.3,ml,12,102,0.6,0.8,ak,aka2026koeapc,2026-05-29T10:25:22.098Z,"25 km S of Manley Hot Springs, Alaska",earthquake,4.3,3.1587,0.1,6,automatic,ak,ak
2026-05-29T10:22:49.690Z,37.304,-113.78983333333,10.13,1.31,md,8,104,0.1663,0.08,uu,uu80141281,2026-05-29T14:28:05.230Z,"9 km WSW of Veyo, Utah",earthquake,0.54,1.28,0.31695313290556,7,reviewed,uu,uu
2026-05-29T10:15:35.767Z,52.9336,-173.0433,230.498,4,mb,56,136,1.017,0.52,us,us7000sp8x,2026-05-29T17:58:26.581Z,"113 km NE of Atka, Alaska",earthquake,8.45,13.468,0.084,38,reviewed,us,us
2026-05-29T10:10:45.180Z,34.836333333333,-116.41283333333,1.33,2.07,ml,30,67,0.0644,0.19,ci,ci41476384,2026-05-29T12:45:30.274Z,"26 km WNW of Ludlow, CA",earthquake,0.24,0.38,0.16592982502247,26,reviewed,ci,ci
2026-05-29T10:09:23.370Z,58.172333333333,-155.3505,3.37,1.37,ml,15,78,0.03985,0.16,av,av93061244,2026-05-29T22:41:13.760Z,"85 km NW of Karluk, Alaska",earthquake,0.27,0.65,0.19905802789947,15,reviewed,av,av
2026-05-29T10:07:11.510Z,58.292666666667,-154.98583333333,3.36,-0.24,ml,9,130,0.04139,0.13,av,av93061239,2026-05-29T22:31:14.180Z,"86 km NNW of Karluk, Alaska",earthquake,0.36,0.72,0.15352336938904,9,reviewed,av,av
2026-05-29T10:05:49.820Z,33.705,-117.07033333333,12.26,1.77,ml,100,26,0.05744,0.21,ci,ci41476368,2026-05-29T12:48:15.630Z,"1 km E of Winchester, CA",earthquake,0.13,0.34,0.21141765242375,28,reviewed,ci,ci
2026-05-29T10:04:32.070Z,38.82466506958,-122.76599884033,2.3099999427795,1.03,md,15,126,0.006554,0.02,nc,nc75367936,2026-05-29T11:17:23.686Z,"4 km W of Cobb, CA",earthquake,0.34,0.610000014,0.25,16,automatic,nc,nc
2026-05-29T10:04:04.832Z,1.0041,126.1429,59.378,4.7,mb,47,94,6.051,0.61,us,us7000sp8u,2026-05-29T17:22:31.040Z,"122 km ESE of Bitung, Indonesia",earthquake,9.8,7.557,0.084,43,reviewed,us,us
2026-05-29T10:03:57.130Z,35.300833333333,-117.814,9.1,1.01,ml,29,89,0.04229,0.17,ci,ci41476360,2026-05-29T12:45:59.172Z,"18 km WSW of Johannesburg, CA",earthquake,0.21,0.43,0.19678147465083,16,reviewed,ci,ci
2026-05-29T09:57:14.932Z,57.833,-155.674,2.7,2.1,ml,37,50,0.2,0.7,ak,aka2026koddyv,2026-05-29T09:58:55.230Z,"78 km WNW of Karluk, Alaska",earthquake,3.3,2.1364,0.3,4,automatic,ak,ak
2026-05-29T09:52:25.210Z,65.836,-150.953,13.3,2.4,ml,28,59,0.6,0.8,ak,aka2026koczui,2026-05-29T09:54:13.649Z,"51 km NW of Rampart, Alaska",earthquake,3.2,2.7307,0.2,4,automatic,ak,ak
2026-05-29T09:44:26.600Z,46.6275,-123.16133333333,40.92,1.3,ml,37,40,0.07993,0.15,uw,uw62252747,2026-05-29T19:14:23.310Z,"12 km ENE of Pe Ell, Washington",earthquake,0.34,0.43,0.1625358470966,14,reviewed,uw,uw
2026-05-29T09:42:34.900Z,53.900166666667,-166.62816666667,7.09,0.3,ml,7,150,0.03814,0.13,av,av93061234,2026-05-29T22:24:13.810Z,"5 km WNW of Dutch Harbor, Alaska",earthquake,0.47,0.78,0.28157049359332,7,reviewed,av,av
2026-05-29T09:08:47.514Z,-8.1696,-73.9355,197.29,4.5,mb,23,102,4.752,0.76,us,us7000sp8n,2026-05-29T17:26:52.040Z,"70 km ENE of San Fernando, Peru",earthquake,11.5,15.696,0.156,12,reviewed,us,us
2026-05-29T08:54:41.071Z,38.2606,-118.6851,7.2452,1.67,ml,12,102,0.142,0.1398,nn,nn00919367,2026-05-30T02:32:22.558Z,"29 km S of Hawthorne, Nevada",earthquake,,3.2439,0.22,7,reviewed,nn,nn
2026-05-29T08:54:14.809Z,0.6186,100.052,170.419,4.5,mb,59,43,2.568,0.85,us,us7000sp8m,2026-05-29T11:44:27.040Z,"108 km NNW of Bukittinggi, Indonesia",earthquake,8.28,6.807,0.078,48,reviewed,us,us
2026-05-29T08:36:38.120Z,34.014,-117.1965,14.94,0.84,ml,46,54,0.116,0.15,ci,ci41476352,2026-05-29T12:48:20.650Z,"5 km SSW of Redlands, CA",earthquake,0.15,0.33,0.30943884529304,24,reviewed,ci,ci
2026-05-29T08:28:40.320Z,53.888833333333,-166.916,5.97,-0.55,ml,7,205,0.06312,0.09,av,av93061209,2026-05-29T21:44:39.560Z,"24 km W of Dutch Harbor, Alaska",earthquake,0.39,0.79,0.22237261805574,7,reviewed,av,av
2026-05-29T08:28:03.819Z,34.42516667,-97.469,5.78,1.38,ml,69,41,0.1466712181,0.37,ok,ok2026klbf,2026-05-29T11:56:57.658Z,"4 km SE of Ratliff City, Oklahoma",earthquake,,0.8,0.27,32,reviewed,ok,ok
2026-05-29T08:25:35.430Z,53.901666666667,-166.62666666667,6.78,-0.16,ml,6,152,0.03963,0.12,av,av93061204,2026-05-29T21:34:08.910Z,"5 km WNW of Dutch Harbor, Alaska",earthquake,0.49,0.82,0.32527645804349,6,reviewed,av,av
2026-05-29T08:25:30.700Z,34.257333333333,-117.7085,4.36,0.92,ml,15,102,0.04532,0.13,ci,ci41476344,2026-05-29T12:46:13.813Z,"13 km SSW of Wrightwood, CA",earthquake,0.34,0.53,0.48692924517666,21,reviewed,ci,ci
2026-05-29T08:23:51.890Z,39.481834411621,-123.61566925049,0.97000002861023,1.37,md,7,221,0.09811,0.08,nc,nc75367916,2026-05-29T10:27:21.354Z,"17 km ENE of Fort Bragg, CA",earthquake,1.45,9.78999996,0.12,4,automatic,nc,nc
2026-05-29T08:19:24.990Z,36.436000823975,-121.02216339111,-0.019999999552965,2.09,md,23,64,0.0347,0.26,nc,nc75367906,2026-05-29T09:37:24.026Z,"15 km SE of Pinnacles, CA",earthquake,0.47,1.40999997,0.08,22,automatic,nc,nc
2026-05-29T08:16:21.860Z,34.140166666667,-118.59266666667,6.51,1.43,ml,57,24,0.05264,0.23,ci,ci41476336,2026-05-29T12:47:01.640Z,"3 km SSE of Woodland Hills, CA",earthquake,0.19,0.44,0.1596867162426,29,reviewed,ci,ci
2026-05-29T08:15:11.417Z,41.6125,73.9414,10,4.6,mb,79,74,0.38,0.92,us,us7000sp8f,2026-05-29T08:35:33.040Z,"24 km NNW of Kazarman, Kyrgyzstan",earthquake,4.06,1.381,0.06,83,reviewed,us,us
2026-05-29T08:14:16.357Z,32.119,-100.979,8.8623,1.3,ml,10,69,0.2,0.2,tx,tx2026kmhweb,2026-05-29T14:44:13.983Z,"26 km S of Westbrook, Texas",earthquake,1.6567257977351,3.7026889705619,0.2,8,reviewed,tx,tx
2026-05-29T08:13:50.720Z,52.823166666667,-169.913,15.45,0.98,ml,5,114,0.01087,0.25,av,av93061199,2026-05-29T21:30:07.640Z,"71 km W of Nikolski, Alaska",earthquake,3.75,1.73,0.26698115723312,5,reviewed,av,av
2026-05-29T08:13:35.440Z,38.79700088501,-122.74849700928,1.4900000095367,1.06,md,15,96,0.009481,0.02,nc,nc75367901,2026-05-29T08:52:19.754Z,"2 km NNE of The Geysers, CA",earthquake,0.32,0.50999999,0.05,13,automatic,nc,nc
2026-05-29T08:12:24.725Z,32.103,-101.918,8.6182,1,ml,46,45,0.1,0.2,tx,tx2026kmhumw,2026-05-29T09:30:47.935Z,"12 km WSW of Stanton, Texas",earthquake,0.39628069642807,0.85436708701041,0.2,20,reviewed,tx,tx
2026-05-29T08:11:53.424Z,40.0544,-119.661,10.4249,1.61,ml,13,173,0.128,0.1065,nn,nn00919364,2026-05-30T02:05:10.774Z,"12 km NNW of Sutcliffe, Nevada",earthquake,,1.7887,0.38,8,reviewed,nn,nn
2026-05-29T08:07:04.080Z,38.769165039062,-122.73483276367,2.2599999904633,0.95,md,9,202,0.01086,0.02,nc,nc75367896,2026-05-29T09:22:21.930Z,"2 km ESE of The Geysers, CA",earthquake,0.72,0.699999988,0.2,10,automatic,nc,nc
2026-05-29T08:06:34.972Z,40.0697,-119.6417,11.5027,1.72,ml,10,186,0.122,0.1544,nn,nn00919361,2026-05-30T02:05:01.107Z,"13 km NNW of Sutcliffe, Nevada",earthquake,,2.1167,0.29,6,reviewed,nn,nn
2026-05-29T08:01:40.914Z,65.435,-148.188,9.2,0.7,ml,5,151,0.1,0.1,ak,aka2026knzhtr,2026-05-29T08:03:12.765Z,"19 km ESE of Livengood, Alaska",earthquake,7.4,15.7182,0.3,4,automatic,ak,ak
2026-05-29T07:55:34.230Z,33.152833333333,-116.5245,6.22,0.57,ml,24,96,0.0943,0.22,ci,ci41476328,2026-05-29T12:46:46.147Z,"11 km NE of Julian, CA",earthquake,0.29,0.75,0.18555582010103,9,reviewed,ci,ci
2026-05-29T07:41:05.346Z,59.357,-152.54,74.4,1.4,ml,32,110,0.4,0.4,ak,aka2026knyohc,2026-05-29T07:42:50.902Z,"35 km W of Nanwalek, Alaska",earthquake,5.6,3.6294,0.1,4,automatic,ak,ak
2026-05-29T07:20:08.559Z,28.798,-99.004,7.3236,1.8,ml,18,82,0.1,0.3,tx,tx2026kmgbmj,2026-05-29T13:50:03.946Z,"13 km SE of Pearsall, Texas",earthquake,1.776642896201,1.0713468637429,0.1,15,reviewed,tx,tx
2026-05-29T07:18:14.000Z,38.84400177002,-122.87733459473,2.7699999809265,0.62,md,11,187,0.007492,0.02,nc,nc75367881,2026-05-29T07:19:51.171Z,"13 km NW of The Geysers, CA",earthquake,0.51,0.660000026,0.15,11,automatic,nc,nc
2026-05-29T07:17:54.793Z,60.449,-147.741,45.1,1.2,ml,6,94,0.5,0.1,ak,aka2026knxvuz,2026-05-29T07:19:15.763Z,"45 km NNE of Chenega, Alaska",earthquake,11.3,22.129,0.1,4,automatic,ak,ak
2026-05-29T07:09:27.673Z,31.37,-103.549,5.0745,1.1,ml,17,42,0.1,0.2,tx,tx2026kmfskm,2026-05-29T09:58:40.377Z,"1 km W of Lindsay, Texas",earthquake,0.81267679907562,2.2050212288742,0.2,8,reviewed,tx,tx
2026-05-29T07:00:38.411Z,32.103,-101.918,8.5205,1.8,ml,76,53,0.1,0.1,tx,tx2026kmfkst,2026-05-29T08:11:21.553Z,"12 km WSW of Stanton, Texas",earthquake,0.2560841253861,0.44218273413277,0.2,42,reviewed,tx,tx
2026-05-29T07:00:21.159Z,60.438,-143.017,17.9,0.9,ml,9,141,0.2,0.3,ak,aka2026knxgpc,2026-05-29T07:01:40.109Z,"111 km S of McCarthy, Alaska",earthquake,8.1,5.6904,0.1,4,automatic,ak,ak
2026-05-29T06:56:31.672Z,62.878,-149.697,81.1,1.7,ml,28,66,0.5,0.5,ak,aka2026knxdgu,2026-05-29T06:58:19.771Z,"52 km NNE of Chase, Alaska",earthquake,4.1,4.0844,0.2,4,automatic,ak,ak
2026-05-29T06:55:52.924Z,42.2295,88.3187,10,5.3,mb,98,54,6.441,1.33,us,us7000sp82,2026-05-29T07:16:30.040Z,"106 km SW of Turpan, China",earthquake,7.22,1.794,0.036,258,reviewed,us,us
2026-05-29T06:54:07.240Z,46.141,-111.177,8.57,0.92,ml,6,177,0.02369,0.05,mb,mb90142383,2026-06-01T14:13:21.610Z,"19 km NE of Ponderosa Pines, Montana",earthquake,0.5,0.4,0.19651938470968,5,reviewed,mb,mb
2026-05-29T06:45:36.463Z,32.103,-101.92,8.9111,1.1,ml,72,34,0.1,0.2,tx,tx2026kmexsj,2026-05-29T09:05:30.579Z,"12 km WSW of Stanton, Texas",earthquake,0.29249481300488,0.63716046201185,0.1,30,reviewed,tx,tx
2026-05-29T06:43:41.666Z,64.865,-145.842,4.5,1,ml,9,98,0.3,0.3,ak,aka2026knwsdo,2026-05-29T06:46:47.113Z,"48 km E of Pleasant Valley, Alaska",earthquake,5,50.9127,0.2,7,automatic,ak,ak
2026-05-29T06:42:04.540Z,60.458,-143.037,5,1.1,ml,16,133,0.2,0.7,ak,aka2026knwqsr,2026-05-29T06:43:44.591Z,"108 km S of McCarthy, Alaska",earthquake,4.5,,0.2,11,automatic,ak,ak
2026-05-29T06:40:50.220Z,46.558,-112.0005,6.01,1.29,ml,10,75,0.04213,0.12,mb,mb90142378,2026-06-01T14:09:35.800Z,"0 km WNW of South Hills, Montana",earthquake,0.32,1.32,0.1718010067498,9,reviewed,mb,mb
2026-05-29T06:38:38.400Z,35.693000793457,-121.13366699219,7.4400000572205,2.24,md,40,76,0.01948,0.09,nc,nc75367846,2026-05-29T07:17:27.146Z,"7 km NE of San Simeon, CA",earthquake,0.21,0.540000021,0.14,38,automatic,nc,nc
2026-05-29T06:38:12.918Z,32.105,-101.918,8.7646,1.1,ml,65,42,0.1,0.2,tx,tx2026kmerkd,2026-05-29T08:46:53.108Z,"12 km WSW of Stanton, Texas",earthquake,0.38280054295992,0.60244138184743,0.2,27,reviewed,tx,tx
2026-05-29T06:36:31.400Z,35.303,-117.80366666667,7.42,1.55,ml,48,59,0.04949,0.17,ci,ci41476320,2026-05-29T12:47:07.180Z,"17 km WSW of Johannesburg, CA",earthquake,0.17,0.46,0.12502984387933,25,reviewed,ci,ci
2026-05-29T06:35:15.312Z,61.456,-146.562,15,2,ml,41,62,0.3,0.9,ak,aka2026knwkvi,2026-05-29T06:36:45.189Z,"38 km NNW of Valdez, Alaska",earthquake,2.3,1.9716,0.2,6,automatic,ak,ak
2026-05-29T06:28:10.352Z,65.03,-148.842,6.4,0.8,ml,12,106,0.2,0.4,ak,aka2026knwerl,2026-05-29T06:29:26.185Z,"27 km ESE of Minto, Alaska",earthquake,4.6,4.332,0.2,5,automatic,ak,ak
2026-05-29T06:27:31.449Z,32.101,-101.913,8.8623,0.9,ml,49,37,0.1,0.2,tx,tx2026kmehuv,2026-05-29T09:15:26.042Z,"12 km WSW of Stanton, Texas",earthquake,0.37568638396791,0.74821361194687,0.1,19,reviewed,tx,tx
2026-05-29T06:22:07.730Z,53.893833333333,-166.6345,7.48,-0.1,ml,7,142,0.03217,0.17,av,av93061189,2026-05-29T21:18:37.900Z,"6 km W of Dutch Harbor, Alaska",earthquake,0.53,0.95,0.32698842978153,7,reviewed,av,av
2026-05-29T06:22:02.145Z,32.105,-101.916,8.9111,2.6,ml,83,54,0.1,0.1,tx,tx2026kmecmd,2026-05-29T12:18:34.040Z,"12 km WSW of Stanton, Texas",earthquake,0.23254203602479,0.43886613102601,0.1,42,reviewed,tx,tx
2026-05-29T06:03:58.630Z,17.958333333333,-66.944333333333,13.54,2.24,md,10,203,0.06413,0.11,pr,pr71518013,2026-05-29T10:00:20.110Z,"4 km WSW of Guánica, Puerto Rico",earthquake,0.8,0.43,0.13792338048936,8,reviewed,pr,pr
2026-05-29T06:03:06.730Z,33.8095,-117.626,4.51,0.71,ml,19,94,0.01999,0.17,ci,ci41476312,2026-05-31T12:12:09.914Z,"9 km SW of Corona, CA",earthquake,0.26,0.44,0.086643925422466,10,reviewed,ci,ci
2026-05-29T05:59:33.950Z,38.813331604004,-122.81433105469,2.9100000858307,1.03,md,15,50,0.01058,0.01,nc,nc75367841,2026-05-29T06:37:21.874Z,"6 km NW of The Geysers, CA",earthquake,0.29,0.810000002,0.32,16,automatic,nc,nc
2026-05-29T05:48:14.501Z,60.587,-147.621,19.8,2.1,ml,37,73,0.4,0.7,ak,aka2026knuwbi,2026-05-29T16:26:52.776Z,"60 km WSW of Tatitlek, Alaska",earthquake,2.8,1.9357,0.2,4,automatic,ak,ak
2026-05-29T05:38:15.450Z,53.899666666667,-166.62916666667,7.02,1.14,ml,7,150,0.03739,0.12,av,av93061169,2026-05-29T20:15:02.870Z,"5 km W of Dutch Harbor, Alaska",earthquake,0.36,0.7,0.28515888315818,8,reviewed,av,av
2026-05-29T05:34:18.150Z,53.917833333333,-166.6155,5.6,0.62,ml,13,89,0.05428,0.23,av,av94213648,2026-05-29T20:09:02.360Z,"5 km WNW of Dutch Harbor, Alaska",earthquake,0.44,0.95,0.18057882022726,3,reviewed,av,av
2026-05-29T05:32:39.548Z,-18.4158,-71.4602,10,5.1,mb,71,135,1.063,1.65,us,us7000sp7p,2026-05-29T05:52:57.040Z,"86 km S of Pacocha, Peru",earthquake,6.33,1.874,0.031,328,reviewed,us,us
2026-05-29T05:24:43.141Z,31.909,-101.751,8.6182,0.9,ml,10,62,0.1,0.1,tx,tx2026kmcgac,2026-05-29T15:48:22.651Z,"24 km S of Stanton, Texas",earthquake,0.76536128173711,1.625785504026,0.2,4,reviewed,tx,tx
2026-05-29T05:01:01.558Z,28.845,-98.993,9.2257,1.5,ml,8,82,0.1,0.2,tx,tx2026kmblrn,2026-05-29T14:13:45.100Z,"11 km ESE of Pearsall, Texas",earthquake,1.4207479616657,0.95033313926817,0,7,reviewed,tx,tx
2026-05-29T04:55:50.675Z,-22.6736,-66.2832,258.172,4.4,mb,33,76,1.771,0.78,us,us7000sp7m,2026-05-29T05:19:20.040Z,"60 km W of Abra Pampa, Argentina",earthquake,9.34,8.69,0.108,25,reviewed,us,us
2026-05-29T04:33:17.811Z,28.818,-99.017,7.7923,1.6,ml,13,80,0.1,0.3,tx,tx2026kmanul,2026-05-29T14:09:53.429Z,"11 km SE of Pearsall, Texas",earthquake,2.1491506063919,1.3956386581471,0.1,9,reviewed,tx,tx
2026-05-29T04:23:17.870Z,39.3244,-119.0556,9.5476,1.56,ml,18,61,0.074,0.0899,nn,nn00919356,2026-05-30T02:04:41.492Z,"17 km SE of Silver Springs, Nevada",earthquake,,0.9898,0.14,11,reviewed,nn,nn
2026-05-29T04:04:36.640Z,40.294998168945,-124.48816680908,13.329999923706,2.05,md,14,261,0.1115,0.15,nc,nc75367811,2026-05-29T05:07:23.303Z,"18 km W of Petrolia, CA",earthquake,2.23,1.00999999,0.07,8,automatic,nc,nc
2026-05-29T04:03:54.708Z,60.349,-140.058,5,1.9,ml,12,191,0.7,0.6,ak,aka2026knrjph,2026-05-29T04:06:11.954Z,"91 km NNW of Yakutat, Alaska",earthquake,9.7,,1.1,5,automatic,ak,ak
2026-05-29T04:00:23.929Z,34.4375,-97.46516667,4,1.42,ml,68,42,0.1349735136,0.47,ok,ok2026kksj,2026-05-29T12:17:09.777Z,"4 km ESE of Ratliff City, Oklahoma",earthquake,,1.2,0.26,32,reviewed,ok,ok
2026-05-29T03:58:44.860Z,36.98,-90.406166666667,4.85,2.64,md,59,82,0.202,0.16,nm,nm60621981,2026-05-29T14:30:47.089Z,"12 km E of Williamsville, Missouri",earthquake,0.26,1.73,0.041867813671286,32,reviewed,nm,nm
2026-05-29T03:50:32.235Z,64.603,-146.985,12.6,0.9,ml,12,80,0.1,0.4,ak,aka2026knqxzz,2026-05-29T03:51:48.046Z,"7 km SSE of Eielson Air Force Base, Alaska",earthquake,5.1,3.3133,0.3,5,automatic,ak,ak
2026-05-29T03:47:21.625Z,60.85,-147.742,18.4,1.4,ml,23,87,0.2,0.7,ak,aka2026knqvgd,2026-05-29T03:48:43.222Z,"52 km E of Whittier, Alaska",earthquake,3.6,2.0121,0.1,4,automatic,ak,ak
2026-05-29T03:39:46.192Z,63.51,-150.027,121.6,1.7,ml,45,48,0.5,0.6,ak,aka2026knqore,2026-05-29T03:41:38.846Z,"55 km WNW of Cantwell, Alaska",earthquake,3.4,3.8229,0.2,4,automatic,ak,ak
2026-05-29T03:36:13.990Z,35.297166666667,-117.805,7.09,1.05,ml,31,91,0.04467,0.17,ci,ci41476296,2026-05-29T12:47:48.740Z,"18 km WSW of Johannesburg, CA",earthquake,0.22,0.44,0.18217822069725,16,reviewed,ci,ci
2026-05-29T03:34:32.250Z,53.943666666667,-166.545,28.15,0.22,ml,5,239,0.08414,0.33,av,av93061164,2026-05-29T20:04:32.980Z,"5 km N of Dutch Harbor, Alaska",earthquake,1.93,2.14,0.14099740471537,5,reviewed,av,av
2026-05-29T03:08:53.590Z,53.898833333333,-166.62166666667,8.48,1.91,ml,16,93,0.04107,0.22,av,av94213548,2026-05-29T19:47:31.060Z,"5 km W of Dutch Harbor, Alaska",earthquake,0.48,0.56,0.36399309658378,27,reviewed,av,av
2026-05-29T03:04:19.570Z,38.782165527344,-122.75900268555,2.4100000858307,0.74,md,8,108,0.01259,0.02,nc,nc75367801,2026-05-29T04:27:23.058Z,"1 km NNW of The Geysers, CA",earthquake,0.42,1.04999995,0.08,8,automatic,nc,nc
2026-05-29T02:57:33.240Z,44.5755,-112.22283333333,2.49,1,ml,6,165,0.1238,0.2,mb,mb90142373,2026-05-31T15:35:24.020Z,"24 km N of Spencer, Idaho",earthquake,0.7,1.52,0.097912820971339,6,reviewed,mb,mb
2026-05-29T02:56:32.380Z,60.963166666667,-152.29716666667,10.6,-0.02,ml,9,160,0.2342,0.13,av,av94213508,2026-05-29T19:41:00.630Z,"62 km WNW of Nikiski, Alaska",earthquake,0.72,2.37,0.21922881251239,9,reviewed,av,av
2026-05-29T02:51:23.050Z,44.539,-112.21966666667,11.19,1,ml,6,188,0.1361,0.11,mb,mb90142368,2026-05-31T15:30:53.050Z,"20 km N of Spencer, Idaho",earthquake,0.59,2.12,0.20003854572339,6,reviewed,mb,mb
2026-05-29T02:48:27.085Z,31.624,-104.11,6.7664,1.7,ml,38,52,0,0.2,tx,tx2026klxbds,2026-05-29T09:45:54.808Z,"45 km NW of Toyah, Texas",earthquake,0.65966743103787,0.55807463845969,0.2,18,reviewed,tx,tx
2026-05-29T02:44:59.890Z,38.808334350586,-122.81533050537,2.9800000190735,0.92,md,6,139,0.01083,0.01,nc,nc75367796,2026-05-29T04:07:18.921Z,"6 km NW of The Geysers, CA",earthquake,0.99,1.85000002,0.17,8,automatic,nc,nc
2026-05-29T02:36:44.850Z,38.826831817627,-122.85466766357,2.5,0.74,md,9,152,0.001864,0.01,nc,nc75367791,2026-05-29T03:07:22.526Z,"10 km WNW of The Geysers, CA",earthquake,0.47,0.689999998,0.24,13,automatic,nc,nc
2026-05-29T02:34:38.819Z,60.462,-152.831,5,0.8,ml,6,133,0,1.3,ak,aka2026knokfd,2026-05-29T19:36:00.240Z,"79 km NW of Ninilchik, Alaska",earthquake,10.5,,0.5,5,automatic,ak,ak
2026-05-29T02:32:06.650Z,38.780498504639,-122.75666809082,1.4500000476837,1.11,md,11,80,0.01583,0.02,nc,nc75367786,2026-05-29T03:37:20.720Z,"0 km N of The Geysers, CA",earthquake,0.33,0.620000005,0.2,10,automatic,nc,nc
2026-05-29T02:30:26.660Z,38.783000946045,-122.72299957275,1.9400000572205,1.09,md,9,103,0.02143,0.01,nc,nc75367781,2026-05-29T03:12:21.562Z,"3 km WNW of Anderson Springs, CA",earthquake,0.39,1.38,0.04,8,automatic,nc,nc
2026-05-29T02:27:16.260Z,58.165833333333,-155.32166666667,2.44,-0.58,ml,5,115,0.04481,0.06,av,av94213478,2026-05-29T19:33:30.010Z,"84 km NW of Karluk, Alaska",earthquake,0.27,0.65,0.19360870396744,5,reviewed,av,av
2026-05-29T02:21:49.850Z,60.041,-153.08416666667,-1.1,-0.71,ml,4,129,0.01938,0.03,av,av94213468,2026-05-29T19:30:29.730Z,"63 km ENE of Pedro Bay, Alaska",earthquake,0.43,2.98,0.39728117200238,4,reviewed,av,av
2026-05-29T02:12:11.150Z,32.507,-116.77933333333,4.33,1.33,ml,20,187,0.09936,0.16,ci,ci41476280,2026-05-31T13:13:05.100Z,"15 km WSW of Tecate, B.C., MX",earthquake,0.45,0.79,0.16491067154684,11,reviewed,ci,ci
2026-05-29T02:11:30.280Z,35.298166666667,-117.8115,8.1,1.2,ml,33,64,0.04158,0.17,ci,ci41476272,2026-05-29T12:48:36.497Z,"18 km WSW of Johannesburg, CA",earthquake,0.21,0.46,0.18429692456174,19,reviewed,ci,ci
2026-05-29T02:01:48.154Z,62.548,-151.101,88.1,1.2,ml,10,120,0.2,0.3,ak,aka2026knnhrl,2026-05-29T02:03:39.768Z,"18 km WNW of Petersville, Alaska",earthquake,6.6,5.4001,0.3,4,automatic,ak,ak
2026-05-29T02:00:57.440Z,35.299666666667,-117.81083333333,7.98,3.36,ml,75,33,0.04306,0.15,ci,ci41476264,2026-05-29T17:48:01.290Z,"18 km WSW of Johannesburg, CA",earthquake,0.12,0.39,0.14071953814818,350,reviewed,ci,ci
2026-05-29T01:59:34.751Z,60.266,-141.372,5,1.4,ml,13,151,0.4,0.6,ak,aka2026knnfue,2026-05-29T02:01:10.880Z,"122 km NW of Yakutat, Alaska",earthquake,7,,0.2,4,automatic,ak,ak
2026-05-29T01:56:14.393Z,59.818,-153.275,130.8,1.8,ml,77,82,0.1,0.6,ak,aka2026knnbnw,2026-05-29T01:59:24.453Z,"46 km E of Pedro Bay, Alaska",earthquake,4.6,1.7233,0.2,20,automatic,ak,ak
2026-05-29T01:47:23.272Z,31.394,-103.705,4.9207,1.5,ml,23,84,0.1,0.2,tx,tx2026klvars,2026-05-29T10:15:33.117Z,"12 km NE of Toyah, Texas",earthquake,1.004739064394,2.1382319094458,0.1,13,reviewed,tx,tx
2026-05-29T01:40:14.920Z,19.338666666667,-155.16783333333,6.49,1.58,md,28,161,0.04059,0.09,hv,hv74971137,2026-05-29T02:32:33.850Z,"13 km SSE of Volcano, Hawaii",earthquake,0.32,0.72,0.15089969877896,6,reviewed,hv,hv
2026-05-29T01:10:59.180Z,2.0401,96.8764,27.75,4.7,mb,70,71,1.012,0.8,us,us7000sp6y,2026-05-29T02:26:20.040Z,"73 km SE of Sinabang, Indonesia",earthquake,8.14,5.223,0.07,63,reviewed,us,us
2026-05-29T01:00:03.000Z,28.471,-80.538,0,2.5,ml,0,,,0.46,us,us7000spdd,2026-05-31T17:14:15.215Z,"Blue Origin New Glenn rocket explosion",accidental explosion,4.14,1.987,0.148,6,reviewed,us,us
2026-05-29T00:51:28.952Z,60.456,-143.101,16.3,0.9,ml,12,126,0.2,0.4,ak,aka2026knkxcw,2026-05-29T00:52:42.025Z,"109 km S of McCarthy, Alaska",earthquake,6.5,3.4833,0.1,4,automatic,ak,ak
2026-05-29T00:48:39.900Z,60.965333333333,-152.30116666667,9.53,0.12,ml,11,160,0.2319,0.16,av,av93061154,2026-05-29T18:49:57.470Z,"63 km WNW of Nikiski, Alaska",earthquake,0.74,2.67,0.22370045194456,11,reviewed,av,av
2026-05-29T00:45:39.933Z,32.101,-101.916,8.7158,1.7,ml,75,36,0.1,0.1,tx,tx2026klszpt,2026-05-29T08:30:30.289Z,"12 km WSW of Stanton, Texas",earthquake,0.21864492426874,0.43082690959574,0.2,37,reviewed,tx,tx
2026-05-29T00:38:58.890Z,38.798168182373,-122.813331604,3,0.73,md,15,82,0.01268,0.03,nc,nc75367766,2026-05-29T01:07:21.793Z,"5 km WNW of The Geysers, CA",earthquake,0.35,0.629999995,0.36,14,automatic,nc,nc
2026-05-29T00:38:46.185Z,59.92,-152.979,121.6,2.5,ml,90,69,0.1,0.6,ak,aka2026knknoo,2026-05-29T01:16:52.040Z,"64 km ENE of Pedro Bay, Alaska",earthquake,3.9,1.8482,0.3,8,automatic,ak,ak
2026-05-29T00:37:20.680Z,38.805000305176,-122.80950164795,2.1900000572205,0.72,md,10,66,0.01148,0.02,nc,nc75367761,2026-05-29T00:52:20.682Z,"6 km NW of The Geysers, CA",earthquake,0.36,0.730000019,0.28,10,automatic,nc,nc
2026-05-29T00:34:43.920Z,36.097833333333,-117.84333333333,1.68,0.98,ml,20,56,0.0218,0.15,ci,ci41476256,2026-05-31T05:39:16.300Z,"11 km ENE of Coso Junction, CA",earthquake,0.17,0.19,0.28306137269128,13,reviewed,ci,ci
2026-05-29T00:26:36.673Z,51.2161,-178.3211,37.63,4.1,mb,50,194,0.458,0.88,us,us7000sp6v,2026-05-29T03:39:10.045Z,"138 km WSW of Adak, Alaska",earthquake,2.84,8.229,0.059,78,reviewed,us,us
2026-05-29T00:24:16.670Z,59.367833333333,-153.4285,-0.13,-0.76,ml,7,176,0.009818,0.19,av,av93061159,2026-05-29T19:15:57.980Z,"60 km SE of Pedro Bay, Alaska",earthquake,0.34,0.23,0.39053261405182,7,reviewed,av,av
2026-05-29T00:17:21.230Z,40.09033203125,-122.71700286865,4.8000001907349,2.14,md,6,119,0.1021,0.14,nc,nc75367756,2026-05-29T01:47:27.044Z,"28 km WNW of Rancho Tehama Reserve, CA",earthquake,0.85,1.42999995,0.31,5,automatic,nc,nc
2026-05-29T00:15:21.070Z,34.43683333,-97.46983333,4.87,1.95,ml,76,70,0,0.49,ok,ok2026kkky,2026-05-29T01:14:40.379Z,"3 km ESE of Ratliff City, Oklahoma",earthquake,,1.1,0.24,34,reviewed,ok,ok
2026-05-29T00:13:07.650Z,53.897666666667,-166.62116666667,8.6,1.76,ml,16,94,0.04091,0.19,av,av94213303,2026-05-29T18:33:24.500Z,"5 km W of Dutch Harbor, Alaska",earthquake,0.48,0.56,0.28745058810256,16,reviewed,av,av
2026-05-29T00:06:57.990Z,38.804164886475,-122.76233673096,4.1199998855591,0.31,md,6,217,0.004087,0.01,nc,nc75367751,2026-05-29T00:42:22.614Z,"3 km N of The Geysers, CA",earthquake,1.19,2.53999996,0.13,8,automatic,nc,nc
2026-05-28T23:57:26.860Z,38.824333190918,-122.81666564941,2.6400001049042,0.53,md,8,79,0.005233,0.03,nc,nc75367746,2026-05-28T23:59:01.212Z,"7 km NW of The Geysers, CA",earthquake,0.62,1.49000001,0.27,9,automatic,nc,nc
2026-05-28T23:53:23.116Z,60.965,-151.456,68.1,1.3,ml,21,70,0.2,0.6,ak,aka2026knjaju,2026-05-29T23:39:58.958Z,"20 km SW of Tyonek, Alaska",earthquake,6.3,4.9779,0.2,14,reviewed,ak,ak
2026-05-28T23:45:21.100Z,35.644166666667,-117.56683333333,8.31,0.6,ml,16,100,0.1184,0.12,ci,ci41476248,2026-05-29T12:49:09.993Z,"10 km ENE of Ridgecrest, CA",earthquake,0.27,0.94,0.12278956802339,5,reviewed,ci,ci
2026-05-28T23:32:42.660Z,35.906666666667,-117.74466666667,9.45,0.65,ml,17,66,0.07301,0.09,ci,ci41476232,2026-05-29T18:40:17.698Z,"15 km ESE of Little Lake, CA",earthquake,0.17,0.43,0.199386334603,11,reviewed,ci,ci
2026-05-28T23:20:27.670Z,35.893833333333,-117.72216666667,8.34,2.14,ml,40,37,0.07941,0.15,ci,ci41476224,2026-05-29T12:50:31.580Z,"17 km ESE of Little Lake, CA",earthquake,0.14,0.39,0.19070091654405,26,reviewed,ci,ci
2026-05-28T23:16:19.040Z,44.793666666667,-110.8265,4.74,1.19,ml,19,117,0.0179,0.14,uu,uu80141271,2026-05-29T14:15:11.740Z,"22 km SSW of Mammoth, Wyoming",earthquake,0.27,0.36,0.23941458461066,4,reviewed,uu,uu
2026-05-28T23:14:10.519Z,34.42,-97.461,6.09,1.18,ml,28,76,0.1385728073,0.26,ok,ok2026kkiy,2026-05-29T13:15:08.777Z,"5 km SE of Ratliff City, Oklahoma",earthquake,,1,0.26,14,reviewed,ok,ok
2026-05-28T23:09:05.490Z,34.439,-97.47233333,5.13,1.32,ml,50,54,0.1376729839,0.47,ok,ok2026kkiu,2026-05-29T12:35:06.721Z,"3 km ESE of Ratliff City, Oklahoma",earthquake,,1.2,0.27,23,reviewed,ok,ok
2026-05-28T23:08:17.410Z,44.119,-121.39416666667,-1.44,2.03,ml,10,154,0.223,0.67,uw,uw62252057,2026-05-29T16:06:05.660Z,"6 km SW of Tumalo, Oregon",explosion,2.06,31.61,0.37893960898231,24,reviewed,uw,uw
2026-05-28T23:04:17.775Z,64.936,-147.78,0,1,ml,12,68,0.1,0.4,ak,aka2026knhjva,2026-05-29T23:38:06.740Z,"4 km NW of Farmers Loop, Alaska",quarry blast,3.6,0,0.2,8,reviewed,ak,ak
2026-05-28T23:03:48.220Z,60.778666666667,-152.68583333333,7.73,-0.11,ml,13,151,0.1881,0.11,av,av94213243,2026-05-29T02:09:47.860Z,"76 km WNW of Salamatof, Alaska",earthquake,0.5,1.9,0.16903449075315,13,reviewed,av,av
2026-05-28T23:01:16.620Z,19.341166666667,-155.4455,9.56,1.19,md,19,53,0.03267,0.17,hv,hv74971002,2026-05-29T00:47:45.080Z,"15 km NNE of Pāhala, Hawaii",earthquake,0.37,0.78,0.2088852471754,7,reviewed,hv,hv
2026-05-28T22:35:15.670Z,38.840167999268,-122.8125,2.3099999427795,0.97,md,10,103,0.01677,0.02,nc,nc75367706,2026-05-28T22:57:22.888Z,"8 km WNW of Cobb, CA",earthquake,0.42,0.949999988,0.25,13,automatic,nc,nc
2026-05-28T22:31:50.110Z,53.899166666667,-166.62416666667,8.01,1.21,ml,9,93,0.03985,0.14,av,av94213213,2026-05-29T01:56:16.090Z,"5 km W of Dutch Harbor, Alaska",earthquake,0.36,0.49,0.34831054763775,9,reviewed,av,av
2026-05-28T22:31:47.700Z,35.9045,-117.7415,7.92,0.5,ml,12,76,0.07636,0.07,ci,ci10241174,2026-05-29T21:26:05.347Z,"15 km ESE of Little Lake, CA",earthquake,0.17,0.49,0.37842205654702,9,reviewed,ci,ci
2026-05-28T22:31:04.350Z,35.9045,-117.74183333333,7.7,0.52,ml,15,68,0.07614,0.07,ci,ci41476208,2026-05-29T18:31:39.723Z,"15 km ESE of Little Lake, CA",earthquake,0.16,0.47,0.20335289257833,9,reviewed,ci,ci
2026-05-28T22:30:54.420Z,35.892,-117.7225,11.3,-0.24,ml,9,83,0.08086,0.1,ci,ci10241238,2026-05-29T18:30:23.699Z,"17 km ESE of Little Lake, CA",earthquake,0.34,0.77,0.11885522528857,5,reviewed,ci,ci
2026-05-28T22:24:23.179Z,28.565,-98.348,6.7257,1.4,ml,30,73,0.1,0.2,tx,tx2026klohwt,2026-05-29T10:42:41.978Z,"19 km NW of Three Rivers, Texas",earthquake,0.41120371751999,1.3736517250469,0.2,12,reviewed,tx,tx
2026-05-28T22:22:32.030Z,41.872666666667,-112.7775,0.36,1.01,md,8,217,0.09294,0.13,uu,uu80141266,2026-05-29T14:30:48.320Z,"11 km SSW of Snowville, Utah",earthquake,0.79,31.61,0.14536409858393,5,reviewed,uu,uu
2026-05-28T22:15:30.600Z,53.900833333333,-166.65366666667,7.27,-0.11,ml,6,225,0.02608,0.09,av,av94213193,2026-05-29T01:39:46.030Z,"7 km W of Dutch Harbor, Alaska",earthquake,0.52,0.64,0.28263320618109,6,reviewed,av,av
2026-05-28T22:04:49.202Z,32.1,-101.93,8.9355,0.8,ml,30,40,0.1,0.1,tx,tx2026klnqxz,2026-05-28T22:24:27.740Z,"13 km WSW of Stanton, Texas",earthquake,0.3828208396589,0.98741940578188,0.2,16,reviewed,tx,tx
2026-05-28T22:03:15.090Z,35.305166666667,-117.8045,7.24,1.44,ml,45,59,0.0506,0.18,ci,ci41476176,2026-05-28T22:58:49.642Z,"17 km WSW of Johannesburg, CA",earthquake,0.2,0.5,0.12724443315826,26,reviewed,ci,ci
2026-05-28T22:00:13.682Z,42.7975,18.2845,10,4.3,mb,39,42,1.799,0.95,us,us7000sp6l,2026-05-29T07:53:43.371Z,"10 km NNW of Trebinje, Bosnia and Herzegovina",earthquake,4.58,1.941,0.239,5,reviewed,us,us
2026-05-28T21:59:11.178Z,60.836,-150.997,12.4,1.5,ml,27,47,0.1,0.5,ak,aka2026knffjl,2026-05-29T23:37:09.694Z,"19 km WSW of Point Possession, Alaska",earthquake,2.5,1.898,0.2,15,reviewed,ak,ak
2026-05-28T21:35:09.934Z,32.433,-102.141,6.4209,0.5,ml,18,83,0,0.2,tx,tx2026klmrlt,2026-05-29T14:50:33.229Z,"38 km SSW of Los Ybanez, Texas",earthquake,1.6419559880714,0.79027040340739,0.2,8,reviewed,tx,tx
2026-05-28T21:34:38.511Z,59.596,-153.287,121.8,1.8,ml,48,109,0.1,0.5,ak,aka2026knekbz,2026-05-29T23:35:30.002Z,"50 km ESE of Pedro Bay, Alaska",earthquake,5.8,2.4659,0.3,30,reviewed,ak,ak
2026-05-28T21:30:49.870Z,39.243167877197,-123.19933319092,5.4800000190735,1.79,md,17,45,0.06154,0.08,nc,nc75367696,2026-05-28T21:47:24.421Z,"3 km S of Redwood Valley, CA",earthquake,0.25,0.949999988,0.19,15,automatic,nc,nc
2026-05-28T21:24:30.000Z,34.1,-81.1,0,,,0,,,7.06,us,us7000sp6m,2026-06-01T11:09:37.084Z,"6 km NNE of Saint Andrews, South Carolina",sonic boom,0,0,,,reviewed,spec,us
2026-05-28T21:03:27.230Z,35.296,-117.809,8.17,1.37,ml,42,60,0.04147,0.18,ci,ci41476168,2026-05-28T22:59:01.458Z,"18 km WSW of Johannesburg, CA",earthquake,0.18,0.43,0.18274647345886,26,reviewed,ci,ci
2026-05-28T20:59:11.905Z,-8.0054,109.0459,81.1,4.6,mb,42,65,1.485,0.67,us,us7000sp6e,2026-05-29T14:47:13.040Z,"31 km S of Cilacap, Indonesia",earthquake,9.12,7.106,0.09,37,reviewed,us,us
2026-05-28T20:58:55.420Z,41.861666666667,-112.7755,3.42,3.1,ml,28,201,0.08193,0.24,uu,uu80141251,2026-05-30T21:03:48.757Z,"12 km SSW of Snowville, Utah",earthquake,0.66,0.83,0.20163675938687,19,reviewed,uu,uu
2026-05-28T20:51:29.660Z,40.630832672119,-125.50816345215,3.789999961853,2.99,md,30,313,0.9431,0.16,nc,nc75367686,2026-05-29T14:33:32.040Z,"105 km W of Ferndale, CA",earthquake,7.55,12.9099998,0.12,14,automatic,nc,nc
2026-05-28T20:46:01.180Z,44.793,-110.825,4.84,1.41,ml,18,105,0.01875,0.18,uu,uu80141246,2026-05-28T22:24:59.810Z,"22 km SSW of Mammoth, Wyoming",earthquake,0.34,0.43,0.24007441687736,5,reviewed,uu,uu
2026-05-28T20:37:55.132Z,52.243,-169.463,22,2.5,ml,11,287,0.6,0.5,ak,aka2026kncnae,2026-05-29T23:33:33.452Z,"87 km SSW of Nikolski, Alaska",earthquake,10.4,6.8083,0.2,8,reviewed,ak,ak
2026-05-28T20:25:07.650Z,42.100333333333,-124.19533333333,-0.69,1.87,ml,5,115,0.08123,0.07,uw,uw62251937,2026-05-29T17:52:03.020Z,"7 km NE of Harbor, Oregon",explosion,0.45,31.61,0.17151866213885,4,reviewed,uw,uw
2026-05-28T20:22:38.810Z,53.478666666667,-167.491,16.68,0.61,ml,6,336,0.2605,0.08,av,av93061144,2026-05-29T01:45:45.480Z,"77 km SW of Unalaska, Alaska",earthquake,1.61,3.12,0.097807332410377,6,reviewed,av,av
2026-05-28T19:54:44.729Z,61.881,-150.913,13.2,1.6,ml,24,49,0.3,0.5,ak,aka2026knbblv,2026-05-29T23:18:10.112Z,"28 km ESE of Skwentna, Alaska",earthquake,2.8,2.1714,0.1,15,reviewed,ak,ak
2026-05-28T19:44:46.630Z,61.2255,-152.1225,10.8,-0.69,ml,8,108,0.02983,0.05,av,av94213053,2026-05-29T01:32:44.570Z,"55 km WNW of Tyonek, Alaska",earthquake,0.37,0.53,0.12020295071005,8,reviewed,av,av
2026-05-28T19:41:19.650Z,36.299331665039,-120.8826675415,6.1999998092651,1.74,md,16,107,0.08976,0.14,nc,nc75367666,2026-05-28T19:57:21.747Z,"23 km NNE of San Lucas, CA",earthquake,0.32,1.11000001,0.16,11,automatic,nc,nc
2026-05-28T19:33:53.830Z,38.836498260498,-122.78383636475,1.8899999856949,0.7,md,9,80,0.005429,0.01,nc,nc75367661,2026-05-28T19:35:30.511Z,"5 km WNW of Cobb, CA",earthquake,0.32,0.430000007,0.13,10,automatic,nc,nc
2026-05-28T19:17:20.843Z,64.452,-148.73,23.3,1.2,ml,12,118,0.2,2.7,ak,aka2026kmzvax,2026-05-29T23:15:24.384Z,"21 km SE of Nenana, Alaska",earthquake,3.9,4.8097,0.2,10,reviewed,ak,ak
2026-05-28T19:16:24.920Z,38.817501068115,-122.80850219727,3.2400000095367,0.75,md,11,102,0.006012,0.02,nc,nc75367651,2026-05-28T19:17:59.381Z,"6 km NW of The Geysers, CA",earthquake,0.46,0.720000029,0.15,11,automatic,nc,nc
2026-05-28T19:14:48.592Z,60.245,-143.685,12.3,1.5,ml,13,208,0.1,0.9,ak,aka2026kmzswc,2026-05-29T23:13:17.681Z,"119 km ESE of Cordova, Alaska",earthquake,6.3,2.4109,0.2,8,reviewed,ak,ak
2026-05-28T19:12:05.870Z,19.069999694824,-155.34883117676,30.040000915527,1.8,md,23,261,0.1729,0.140000001,hv,hv74970852,2026-05-28T19:15:34.530Z,"20 km SE of Pāhala, Hawaii",earthquake,0.93,1.19000006,0.12944657756045,17,automatic,hv,hv
2026-05-28T19:04:40.560Z,37.1209,-115.3271,7.1042,2.52,ml,25,191,0.276,0.1589,nn,nn00919340,2026-05-28T19:33:12.040Z,"30 km SSW of Alamo, Nevada",earthquake,,3.5022,0.22,13,reviewed,nn,nn
2026-05-28T19:04:05.286Z,61.3,-152.335,5,0.3,ml,6,162,0.1,0.1,ak,aka2026kmzjny,2026-05-29T01:24:44.960Z,"69 km WNW of Tyonek, Alaska",earthquake,12.8,,0.1,5,automatic,ak,ak
2026-05-28T19:03:46.860Z,35.309,-117.81566666667,8.71,1.62,ml,45,34,0.04826,0.16,ci,ci41476096,2026-05-28T20:04:01.363Z,"18 km WSW of Johannesburg, CA",earthquake,0.15,0.38,0.15862985411871,36,reviewed,ci,ci
2026-05-28T19:02:47.610Z,36.869998931885,-121.32783508301,5.3200001716614,1.35,md,11,89,0.03968,0.15,nc,nc75367641,2026-05-28T19:42:20.644Z,"7 km ENE of Hollister, CA",earthquake,0.51,1.71000004,0.31,10,automatic,nc,nc
2026-05-28T18:57:47.810Z,38.819332122803,-122.80366516113,3.7599999904633,0.72,md,10,93,0.006444,0.04,nc,nc75367636,2026-05-28T18:59:25.231Z,"6 km NW of The Geysers, CA",earthquake,0.65,1.82000005,0.24,10,automatic,nc,nc
2026-05-28T18:51:16.609Z,28.554,-98.355,5.3084,1.3,ml,15,87,0.1,0.2,tx,tx2026klhgfl,2026-05-28T22:30:46.765Z,"19 km WNW of Three Rivers, Texas",earthquake,1.0093350831314,2.1603954785146,0.1,16,reviewed,tx,tx
2026-05-28T18:49:51.710Z,38.831665039062,-122.81800079346,1.2400000095367,0.58,md,7,135,0.01032,0.03,nc,nc75367631,2026-05-28T18:51:30.061Z,"8 km NW of The Geysers, CA",earthquake,0.56,1.25,0.18,8,automatic,nc,nc
2026-05-28T18:44:49.030Z,34.854,-118.79166666667,-1.19,0.93,ml,16,84,0.07784,0.26,ci,ci10241134,2026-05-28T19:02:49.147Z,"7 km ENE of Lebec, CA",quarry blast,0.62,31.61,0.075640854399905,4,reviewed,ci,ci
2026-05-28T18:44:27.990Z,34.447333333333,-119.38483333333,2.93,0.95,ml,14,108,0.08639,0.21,ci,ci41476072,2026-05-28T18:57:02.077Z,"13 km W of Ojai, CA",earthquake,0.32,0.45,0.18353660877123,11,reviewed,ci,ci
2026-05-28T18:40:45.381Z,60.138,-140.981,2.9,2.1,ml,20,139,0.7,0.8,ak,aka2026kmyphu,2026-05-29T23:11:55.826Z,"96 km NW of Yakutat, Alaska",earthquake,5.5,2.7991,0.1,15,reviewed,ak,ak
2026-05-28T18:40:11.432Z,31.618,-104.108,6.8304,1.8,ml,39,56,0,0.2,tx,tx2026klgwrm,2026-05-28T19:14:16.851Z,"44 km NW of Toyah, Texas",earthquake,0.35252449018273,0.37599136922385,0.2,25,reviewed,tx,tx
2026-05-28T18:22:37.473Z,52.633,-169.624,42.7,2.3,ml,17,256,0.2,0.8,ak,aka2026kmxzpn,2026-05-29T23:10:35.727Z,"61 km SW of Nikolski, Alaska",earthquake,20.9,7.121,0.4,13,reviewed,ak,ak
2026-05-28T18:17:23.465Z,32.284,-104.6458,5.101,3,ml,31,49,0.253,0.49,us,us7000sp51,2026-05-28T18:27:43.040Z,"28 km WNW of Whites City, New Mexico",earthquake,1.98,4.685,0.059,38,reviewed,us,us
2026-05-28T18:16:19.170Z,60.047,-153.07016666667,1,-0.4,ml,4,122,0.01089,0.04,av,av94212973,2026-05-29T01:20:43.710Z,"64 km ENE of Pedro Bay, Alaska",earthquake,0.69,0.43,0.37739380258485,4,reviewed,av,av
2026-05-28T18:15:04.804Z,51.838,-170.446,20,3.1,ml,17,232,1,1,ak,aka2026kmxtgz,2026-05-29T23:09:29.178Z,"163 km SW of Nikolski, Alaska",earthquake,10.9,0,0.1,13,reviewed,ak,ak
2026-05-28T18:13:52.590Z,38.830001831055,-122.85600280762,2.3699998855591,0.71,md,10,89,0.002546,0.03,nc,nc75367621,2026-05-28T18:15:30.749Z,"10 km NW of The Geysers, CA",earthquake,0.45,0.74000001,0.33,10,automatic,nc,nc
2026-05-28T18:11:09.510Z,58.823,-154.093,113.7,2.8,ml,116,46,0.3,0.6,ak,aka2026kmxprq,2026-05-29T23:06:27.000Z,"79 km SSE of Kokhanok, Alaska",earthquake,3.5,1.3835,0.3,84,reviewed,ak,ak
2026-05-28T18:09:26.609Z,36.006,-96.52883333,0,1.16,ml,65,79,0.16556751,0.42,ok,ok2026kjyx,2026-05-28T18:17:52.771Z,"6 km ENE of Drumright, Oklahoma",quarry blast,,0.3,0.16,30,reviewed,ok,ok
2026-05-28T18:04:16.250Z,35.306333333333,-117.80716666667,7.42,2.2,ml,55,35,0.05007,0.17,ci,ci41476056,2026-05-28T18:26:17.869Z,"17 km WSW of Johannesburg, CA",earthquake,0.15,0.44,0.17333268856469,69,reviewed,ci,ci
2026-05-28T17:57:19.445Z,12.4385,143.5219,36.098,4.7,mb,56,120,3.547,0.61,us,us7000sp4x,2026-05-28T18:35:56.040Z,"154 km SW of Merizo Village, Guam",earthquake,12.35,7.824,0.054,106,reviewed,us,us
2026-05-28T17:52:27.663Z,60.453,-147.472,20.5,1.6,ml,18,79,0.5,0.6,ak,aka2026kmwzld,2026-05-29T23:05:32.408Z,"52 km NE of Chenega, Alaska",earthquake,3.7,3.3147,0.1,12,reviewed,ak,ak
2026-05-28T17:43:35.154Z,32.418,-102.143,5.835,1,ml,26,81,0,0.1,tx,tx2026kleztm,2026-05-28T19:31:07.356Z,"38 km ENE of McKinney Acres, Texas",earthquake,0.58934929113534,0.47419197526612,0.1,22,reviewed,tx,tx
2026-05-28T17:31:46.879Z,65.766,-151.187,12,1.6,ml,15,73,0.2,0.5,ak,aka2026kmwhna,2026-05-29T23:03:33.977Z,"55 km WNW of Rampart, Alaska",earthquake,3.6,2.2931,0.1,11,reviewed,ak,ak
2026-05-28T17:30:47.280Z,33.847666666667,-117.49366666667,-0.53,1.64,ml,44,32,0.0505,0.21,ci,ci41476040,2026-05-28T17:59:43.723Z,"4 km SE of Home Gardens, CA",quarry blast,0.3,31.61,0.16235120254406,54,reviewed,ci,ci
2026-05-28T17:23:30.579Z,34.81116667,-97.59633333,11.1,1.19,ml,61,87,0.1043795172,0.34,ok,ok2026kjxj,2026-05-29T13:11:12.998Z,"0 km E of Erin Springs, Oklahoma",earthquake,,1.4,0.25,29,reviewed,ok,ok
2026-05-28T17:15:21.269Z,35.965,-101.407,2.3193,2,ml,8,77,0.6,0.3,tx,tx2026klebny,2026-05-29T16:29:29.583Z,"12 km SSE of Morse, Texas",earthquake,3.0177817347699,1.9999233947747,0.1,13,reviewed,tx,tx
2026-05-28T17:10:21.342Z,60.293,-152.173,83.4,1.9,ml,42,54,0.3,0.6,ak,aka2026kmvoxt,2026-05-29T23:01:54.201Z,"38 km NW of Ninilchik, Alaska",earthquake,4.1,2.667,0.3,31,reviewed,ak,ak
2026-05-28T17:03:06.560Z,45.013166666667,-121.30016666667,7.22,1.16,ml,16,105,0.2226,0.24,uw,uw62251832,2026-05-29T17:44:44.760Z,"11 km SSE of Pine Grove, Oregon",earthquake,0.36,31.61,0.09271239229863,4,reviewed,uw,uw
2026-05-28T17:02:53.900Z,60.963166666667,-152.2945,11.15,0.28,ml,10,162,0.2343,0.1,av,av94212918,2026-05-29T01:10:14.020Z,"62 km WNW of Nikiski, Alaska",earthquake,0.65,1.66,0.23638499938712,10,reviewed,av,av
2026-05-28T16:56:20.610Z,33.336333333333,-116.3835,7.69,-0.09,ml,10,75,0.06709,0.23,ci,ci41476016,2026-05-28T17:40:15.617Z,"9 km N of Borrego Springs, CA",earthquake,0.48,1.2,0.18134910111856,6,reviewed,ci,ci
2026-05-28T16:48:42.010Z,61.233833333333,-151.92766666667,14.98,-0.11,ml,4,268,0.07376,0.04,av,av93061139,2026-05-29T00:57:12.360Z,"46 km WNW of Tyonek, Alaska",earthquake,0.78,0.52,0.06691862925931,4,reviewed,av,av
2026-05-28T16:48:32.490Z,61.231,-151.9235,14.84,0.58,ml,8,271,0.07724,0.06,av,av94212913,2026-05-29T00:55:42.160Z,"46 km WNW of Tyonek, Alaska",earthquake,0.48,0.38,0.15317790414626,8,reviewed,av,av
2026-05-28T16:36:43.090Z,46.855666666667,-121.58783333333,1.81,0.81,ml,8,194,0.1003,0.11,uw,uw62251817,2026-05-29T17:38:42.030Z,"28 km NNE of Packwood, Washington",earthquake,0.54,3.38,0.33332333068204,3,reviewed,uw,uw
2026-05-28T16:36:23.550Z,34.1195,-117.468,7.05,0.71,ml,22,116,0.03137,0.13,ci,ci41476000,2026-05-28T17:45:32.645Z,"3 km NNW of Fontana, CA",earthquake,0.31,0.39,0.10477189580863,10,reviewed,ci,ci
2026-05-28T16:35:31.660Z,18.052666666667,-66.844833333333,7.66,1.95,md,5,119,0.08386,0.18,pr,pr71518003,2026-05-28T16:48:34.160Z,"2 km NNE of Yauco, Puerto Rico",earthquake,0.64,0.75,0.035842758514976,3,reviewed,pr,pr
2026-05-28T16:28:26.670Z,55.8375,-158.73266666667,4.71,1.08,ml,4,328,0.3505,0.07,av,av93061134,2026-05-29T00:51:11.810Z,"27 km ESE of Perryville, Alaska",earthquake,0.71,1.06,0.28916872382215,4,reviewed,av,av
2026-05-28T16:28:00.630Z,19.291999816894,-155.26033020019,45.159999847412,1.75,md,13,194,0.08856,0.100000001,hv,hv74970767,2026-05-28T16:31:36.000Z,"16 km S of Volcano, Hawaii",earthquake,1.09,0.970000029,0.12897184687583,17,automatic,hv,hv
2026-05-28T16:24:49.180Z,46.203666666667,-122.374,10.19,0.39,ml,10,233,0.01868,0.09,uw,uw62251807,2026-05-29T17:29:04.330Z,"33 km N of Amboy, Washington",earthquake,0.47,0.62,0.12498061064106,4,reviewed,uw,uw
2026-05-28T16:24:46.720Z,38.822166442871,-122.76483154297,1.9900000095367,1.54,md,27,119,0.009193,0.03,nc,nc75370462,2026-05-28T18:07:24.029Z,"4 km W of Cobb, CA",earthquake,0.25,0.370000005,0.21,26,automatic,nc,nc
2026-05-28T16:21:46.390Z,38.836666107178,-122.81749725342,1.8300000429153,0.34,md,10,79,0.01418,0.02,nc,nc75370457,2026-05-28T16:52:21.524Z,"8 km W of Cobb, CA",earthquake,0.31,0.699999988,0.25,11,automatic,nc,nc
2026-05-28T16:18:09.965Z,19.6577,-109.4358,10,5.3,mww,54,190,7.735,1.13,us,us7000sp4a,2026-05-28T16:35:53.040Z,"Revilla Gigedo Islands region",earthquake,9.45,1.94,0.065,23,reviewed,us,us
2026-05-28T16:17:32.830Z,19.198999404907,-155.25016784668,42.54999923706,1.76,md,20,219,0.1444,0.109999999,hv,hv74970757,2026-05-28T16:21:00.370Z,"24 km E of Pāhala, Hawaii",earthquake,0.77,0.839999974,0.18800619186197,15,automatic,hv,hv
2026-05-28T16:14:21.170Z,19.203166666667,-155.252,43.48,1.32,ml,30,230,0.08184,0.12,hv,hv74970752,2026-05-28T22:20:49.310Z,"23 km E of Pāhala, Hawaii",earthquake,1.06,0.54,0.19400411717435,6,reviewed,hv,hv
2026-05-28T16:07:08.077Z,31.661,-104.4,6.0999,1.9,ml,39,66,0,0.2,tx,tx2026klbuui,2026-05-28T16:44:58.285Z,"57 km S of Whites City, New Mexico",earthquake,0.72848810048684,0.5488763439516,0.1,23,reviewed,tx,tx
2026-05-28T16:02:56.940Z,19.195333480835,-155.24217224121,43,1.74,md,14,233,0.1503,0.0799999982,hv,hv74970732,2026-05-28T16:07:23.200Z,"24 km E of Pāhala, Hawaii",earthquake,1.47,1.08000004,0.10711017682261,16,automatic,hv,hv
2026-05-28T16:02:32.240Z,44.259,-120.878,-1.33,2.48,ml,18,192,0.1887,0.16,uw,uw62251792,2026-05-28T23:41:52.820Z,"5 km SW of Prineville, Oregon",explosion,0.62,31.61,0.11143683534607,10,reviewed,uw,uw
2026-05-28T16:00:56.513Z,60.425,-139.578,3.9,2.3,ml,24,190,0.8,1.7,ak,aka2026kmtgxb,2026-05-29T03:21:50.023Z,"98 km N of Yakutat, Alaska",earthquake,6.7,0,0.1,17,reviewed,ak,ak
2026-05-28T15:56:09.468Z,31.634,-104.374,6.0999,1.8,ml,33,72,0.1,0.3,tx,tx2026klblim,2026-05-28T16:36:22.677Z,"60 km S of Whites City, New Mexico",earthquake,1.1245173270411,0.76777801331839,0.1,24,reviewed,tx,tx
2026-05-28T15:46:10.300Z,38.831832885742,-122.81883239746,2.3900001049042,0.55,md,8,116,0.01085,0.01,nc,nc75370437,2026-05-28T15:47:46.138Z,"8 km NW of The Geysers, CA",earthquake,0.5,1.40999997,0.27,9,automatic,nc,nc
2026-05-28T15:43:12.820Z,38.836833953857,-122.81649780273,1.8400000333786,0.23,md,9,66,0.01433,0.02,nc,nc75370432,2026-05-28T16:17:24.311Z,"8 km WNW of Cobb, CA",earthquake,0.35,0.970000029,0.1,9,automatic,nc,nc
2026-05-28T15:31:10.642Z,37.1338,-115.3361,10.0944,1.85,ml,30,189,0.269,0.1671,nn,nn00919328,2026-05-28T19:15:24.941Z,"29 km SSW of Alamo, Nevada",earthquake,,2.4038,0.27,17,reviewed,nn,nn
2026-05-28T15:27:20.780Z,38.834331512451,-122.81500244141,1.8400000333786,1.89,md,31,46,0.01158,0.03,nc,nc75370417,2026-05-28T16:47:22.496Z,"8 km W of Cobb, CA",earthquake,0.17,0.289999992,0.18,38,automatic,nc,nc
2026-05-28T15:20:47.195Z,51.373,-178.493,5.8,2.6,ml,15,223,0.4,0.7,ak,aka2026kmryah,2026-05-28T19:19:31.711Z,"140 km WSW of Adak, Alaska",earthquake,11.1,3.3247,0.2,12,reviewed,ak,ak
2026-05-28T15:13:25.714Z,28.567,-98.363,7.8257,1.6,ml,25,69,0.1,0.2,tx,tx2026klaamf,2026-05-28T20:48:51.522Z,"21 km NW of Three Rivers, Texas",earthquake,0.41067621451887,1.6759024775872,0.1,13,reviewed,tx,tx
2026-05-28T15:10:50.570Z,60.498833333333,-152.77983333333,0.07,-0.85,ml,8,73,0.03381,0.09,av,av94212808,2026-05-29T00:25:11.490Z,"79 km NW of Ninilchik, Alaska",earthquake,0.22,0.51,0.17951225238106,8,reviewed,av,av
2026-05-28T15:07:48.099Z,-56.4113,-26.5457,79.985,4.8,mb,38,102,6.059,1.02,us,us7000sp42,2026-05-28T16:37:19.040Z,"South Sandwich Islands region",earthquake,13.52,6.979,0.096,34,reviewed,us,us
2026-05-28T14:57:44.240Z,38.80583190918,-122.78099822998,1.3099999427795,1.21,md,11,106,0.00742,0.04,nc,nc75370397,2026-05-28T16:22:23.342Z,"4 km NW of The Geysers, CA",earthquake,0.29,0.579999983,0.23,13,automatic,nc,nc
2026-05-28T14:55:50.201Z,60.466,-139.89,3.8,1.8,ml,11,115,0.7,0.6,ak,aka2026kmrchq,2026-05-28T19:18:33.396Z,"102 km N of Yakutat, Alaska",earthquake,6.7,3.5458,0.1,6,reviewed,ak,ak
2026-05-28T14:53:25.140Z,38.804832458496,-122.81150054932,2.1300001144409,0.8,md,17,69,0.01304,0.02,nc,nc75370387,2026-05-28T14:55:00.763Z,"6 km WNW of The Geysers, CA",earthquake,0.26,0.550000012,0.17,17,automatic,nc,nc
2026-05-28T14:52:40.680Z,38.805667877197,-122.813331604,2.8199999332428,0.54,md,8,114,0.01279,0.02,nc,nc75370382,2026-05-28T15:17:23.955Z,"6 km WNW of The Geysers, CA",earthquake,0.45,1.95000005,0.17,7,automatic,nc,nc
2026-05-28T14:52:20.990Z,38.803001403809,-122.81016540527,1.7599999904633,2.34,md,46,85,0.01263,0.07,nc,nc75370377,2026-05-28T21:22:21.258Z,"5 km WNW of The Geysers, CA",earthquake,0.17,0.239999995,0.13,54,automatic,nc,nc
2026-05-28T14:51:09.610Z,40.241333007812,-122.07683563232,9.6599998474121,2.84,md,34,35,0.04969,0.16,nc,nc75370372,2026-05-28T21:07:25.176Z,"15 km ENE of Red Bluff, CA",earthquake,0.28,0.709999979,0.16,38,automatic,nc,nc
2026-05-28T14:50:43.541Z,59.234,-156.675,2.9,2,ml,22,143,0.8,0.5,ak,aka2026kmqxty,2026-05-28T19:16:27.599Z,"16 km NE of Levelock, Alaska",earthquake,4.7,3.5994,0.1,16,reviewed,ak,ak
2026-05-28T14:48:16.030Z,19.038,-155.36416666667,32.65,2.01,ml,35,212,0.2009,0.12,hv,hv74970657,2026-05-28T22:14:15.280Z,"21 km SSE of Pāhala, Hawaii",earthquake,0.48,0.9,0.097548046389107,3,reviewed,hv,hv
2026-05-28T14:47:36.444Z,60.9704,-165.606,10,2.8,ml,15,235,1.069,0.29,us,us7000sp3n,2026-05-28T14:55:50.040Z,"47 km NNW of Tununak, Alaska",earthquake,6.97,2.007,0.074,24,reviewed,us,us
2026-05-28T14:46:14.003Z,61.171,-140.135,10.8,1.7,ml,8,162,0.5,0.4,ak,aka2026kmqtzf,2026-05-28T19:13:23.510Z,"152 km ESE of McCarthy, Alaska",earthquake,6.7,4.5409,0.3,4,reviewed,ak,ak
2026-05-28T14:42:55.942Z,-20.7087,-178.4335,565.094,4.4,mb,48,127,4.44,0.81,us,us7000sp3p,2026-05-28T18:16:24.040Z,"Fiji region",earthquake,14.66,3.345,0.065,70,reviewed,us,us
2026-05-28T14:33:34.503Z,28.827,-99.011,8.8476,2,ml,20,80,0.1,0.3,tx,tx2026kkyser,2026-05-28T20:31:14.970Z,"10 km SE of Pearsall, Texas",earthquake,2.323523256007,1.0173525716571,0.1,10,reviewed,tx,tx
2026-05-28T14:29:25.917Z,56.939,-153.987,26.6,2.1,ml,23,143,0.4,0.5,ak,aka2026kmqfkd,2026-05-28T19:12:13.564Z,"11 km E of Akhiok, Alaska",earthquake,6.7,3.6714,0.1,15,reviewed,ak,ak
2026-05-28T14:28:26.832Z,32.346,-102.097,6.7871,0.5,ml,13,77,0,0.1,tx,tx2026kkymwv,2026-05-28T14:58:04.057Z,"37 km NW of Stanton, Texas",earthquake,0.72127692573155,0.88511998795992,0.2,7,reviewed,tx,tx
2026-05-28T14:19:18.060Z,33.3695,-116.691,10.58,0.5,ml,19,60,0.09774,0.11,ci,ci41475968,2026-05-28T14:22:42.433Z,"11 km NNW of Warner Springs, CA",earthquake,0.18,0.36,0.15177186486642,8,automatic,ci,ci
2026-05-28T14:14:59.180Z,60.0645,-153.07716666667,1.74,-0.94,ml,4,235,0.009888,0.12,av,av94212738,2026-05-29T00:13:39.820Z,"65 km ENE of Pedro Bay, Alaska",earthquake,1.01,0.72,0.27964545516921,4,reviewed,av,av
2026-05-28T14:12:18.400Z,60.473,-140.005,7.7,2,ml,13,113,0.6,0.5,ak,aka2026kmpqnt,2026-05-28T19:11:22.920Z,"104 km N of Yakutat, Alaska",earthquake,7.2,3.142,0.1,13,reviewed,ak,ak
2026-05-28T14:12:16.070Z,60.004,-153.12816666667,8.1,-0.35,ml,4,207,0.05541,0.13,av,av94212733,2026-05-29T00:11:40.520Z,"59 km ENE of Pedro Bay, Alaska",earthquake,0.98,1.16,0.16692367131698,4,reviewed,av,av
2026-05-28T14:08:27.490Z,38.835334777832,-122.81666564941,1.9500000476837,1.07,md,14,67,0.01299,0.01,nc,nc75370357,2026-05-28T15:27:22.027Z,"8 km W of Cobb, CA",earthquake,0.26,0.779999971,0.31,16,automatic,nc,nc
2026-05-28T14:04:22.250Z,36.860168457031,-121.39766693115,7.6199998855591,1.2,md,10,106,0.07797,0.12,nc,nc75370347,2026-05-28T14:37:19.694Z,"1 km N of Hollister, CA",earthquake,0.53,1.75,0.14,6,automatic,nc,nc
2026-05-28T14:03:50.710Z,53.878333333333,-166.65983333333,9.05,-0.07,ml,6,117,0.01593,0.17,av,av94212728,2026-05-28T23:50:08.190Z,"7 km W of Dutch Harbor, Alaska",earthquake,0.54,1.07,0.27208290184237,6,reviewed,av,av
2026-05-28T14:02:20.670Z,53.8815,-166.65933333333,8.89,-0.19,ml,7,119,0.01561,0.11,av,av93061129,2026-05-29T00:09:09.350Z,"7 km W of Dutch Harbor, Alaska",earthquake,0.45,0.78,0.18562895338126,7,reviewed,av,av
2026-05-28T14:01:45.540Z,19.016166687012,-155.36383056641,14.739999771118,1.91,md,41,218,0.2225,0.340000004,hv,hv74970627,2026-05-28T14:08:03.810Z,"23 km ESE of Naalehu, Hawaii",earthquake,1.18,2.20000005,0.092475447610984,13,automatic,hv,hv
2026-05-28T13:59:13.365Z,37.1229,-115.3313,3.2798,1.63,ml,27,191,0.276,0.1585,nn,nn00919322,2026-05-28T21:06:35.120Z,"30 km SSW of Alamo, Nevada",earthquake,,4.9582,0.2,15,reviewed,nn,nn
2026-05-28T13:46:16.080Z,33.886166666667,-117.74033333333,8.09,0.38,ml,3,206,0.05316,0.02,ci,ci41475960,2026-05-28T17:32:57.570Z,"7 km E of Yorba Linda, CA",earthquake,0.34,0.61,0.18738012542077,3,reviewed,ci,ci
2026-05-28T13:41:55.793Z,31.634,-104.367,6.0999,3.1,ml,34,72,0.1,0.2,tx,tx2026kkwzra,2026-05-28T13:53:02.843Z,"60 km S of Whites City, New Mexico",earthquake,0.87073599634074,0.89397357272942,0.1,26,reviewed,tx,tx
2026-05-28T13:32:25.019Z,31.62,-104.111,6.7023,1.6,ml,31,52,0,0.1,tx,tx2026kkwreu,2026-05-28T14:09:30.097Z,"45 km NW of Toyah, Texas",earthquake,0.43515607053628,0.42301791252699,0.2,24,reviewed,tx,tx
2026-05-28T13:31:42.182Z,61.879,-150.901,11.1,1.6,ml,26,52,0.3,0.6,ak,aka2026kmohib,2026-05-28T19:10:02.008Z,"28 km ESE of Skwentna, Alaska",earthquake,3,1.972,0.1,14,reviewed,ak,ak
2026-05-28T13:26:25.580Z,19.8968334198,-155.43499755859,29.010000228882,1.73,md,19,165,0.08995,0.209999993,hv,hv74970607,2026-05-28T13:31:13.670Z,"17 km SSW of Pa‘auilo, Hawaii",earthquake,0.67,1.45000005,0.058146222234463,13,automatic,hv,hv
2026-05-28T13:15:05.730Z,54.457333333333,-165.103,17.65,1.77,ml,5,320,0.2244,0.18,av,av93061119,2026-05-28T23:37:07.480Z,"56 km NE of Akutan, Alaska",earthquake,1.42,3.18,0.1672972057429,5,reviewed,av,av
2026-05-28T13:11:24.912Z,51.6442,-175.8963,43.618,3.3,ml,19,214,0.343,0.37,us,us7000sp5p,2026-05-29T17:21:28.040Z,"56 km ESE of Adak, Alaska",earthquake,5.18,13.188,0.115,10,reviewed,us,us
2026-05-28T13:03:53.571Z,51.332,-176.905,29.3,2.4,ml,11,243,0.5,0.4,ak,aka2026kmnjfq,2026-05-28T19:06:19.500Z,"63 km SSW of Adak, Alaska",earthquake,18,9.5988,0.2,7,reviewed,ak,ak
2026-05-28T13:03:19.420Z,35.693333333333,-117.60233333333,10.21,1.01,ml,30,67,0.1206,0.12,ci,ci41475952,2026-05-28T22:59:36.463Z,"10 km NE of Ridgecrest, CA",earthquake,0.16,0.36,0.11654527470014,11,reviewed,ci,ci
2026-05-28T12:56:52.920Z,46.203166666667,-122.36833333333,8.75,-0.06,md,9,222,0.01596,0.07,uw,uw62251757,2026-05-28T17:23:15.110Z,"33 km N of Amboy, Washington",earthquake,0.33,0.52,0.066164784848495,6,reviewed,uw,uw
2026-05-28T12:55:28.490Z,38.833000183105,-122.81666564941,2.170000076294,0.71,md,10,57,0.01089,0.01,nc,nc75370342,2026-05-28T13:32:20.255Z,"8 km NW of The Geysers, CA",earthquake,0.41,1.45000005,0.16,10,automatic,nc,nc
2026-05-28T12:46:29.215Z,60.525,-139.87,1.2,1.9,ml,11,110,0.6,0.6,ak,aka2026kmmugl,2026-05-28T19:04:09.337Z,"109 km N of Yakutat, Alaska",earthquake,6.2,6.3658,0.1,6,reviewed,ak,ak
2026-05-28T12:39:09.670Z,62.139,-150.366,14.1,1.6,ml,24,75,0.3,0.7,ak,aka2026kmmnug,2026-05-28T19:03:28.857Z,"21 km SSW of Trapper Creek, Alaska",earthquake,2.7,2.0049,0.2,15,reviewed,ak,ak
2026-05-28T12:37:56.340Z,33.930833333333,-116.96816666667,15.39,0.81,ml,31,49,0.1645,0.13,ci,ci41475944,2026-05-28T12:46:21.813Z,"1 km E of Beaumont, CA",earthquake,0.19,0.54,0.18053690409256,18,reviewed,ci,ci
2026-05-28T12:35:40.163Z,-6.5891,132.0189,10,4.9,mb,53,40,2.94,1.16,us,us7000sp29,2026-05-28T13:18:12.040Z,"133 km SW of Tual, Indonesia",earthquake,6.9,1.873,0.085,43,reviewed,us,us
2026-05-28T12:31:19.309Z,31.612,-104.113,7.3303,0.5,ml,12,82,0,0.2,tx,tx2026kkuqvk,2026-05-28T15:23:27.325Z,"44 km NW of Toyah, Texas",earthquake,1.0933216658767,1.1740994949674,0.1,10,reviewed,tx,tx
2026-05-28T12:31:03.620Z,47.395,-123.19483333333,11.8,0.44,ml,6,139,0.05014,0.19,uw,uw62251747,2026-05-28T17:16:57.140Z,"4 km WSW of Hoodsport, Washington",earthquake,0.67,1.19,0.036219952390085,2,reviewed,uw,uw
2026-05-28T12:12:54.780Z,60.06,-153.007,0.84,-0.86,ml,4,278,0.02852,0.1,av,av94212638,2026-05-28T23:28:07.840Z,"68 km ENE of Pedro Bay, Alaska",earthquake,0.93,0.36,0.30234464056454,4,reviewed,av,av
2026-05-28T11:52:23.403Z,39.322,-119.0434,10.2914,2.23,ml,32,55,0.071,0.1652,nn,nn00919316,2026-05-28T16:19:28.592Z,"18 km ESE of Silver Springs, Nevada",earthquake,,0.8673,0.23,15,reviewed,nn,nn
2026-05-28T11:48:35.345Z,39.3251,-119.0524,5,3.72,mwr,21,145,0.075,0.1086,nn,nn00919312,2026-05-29T12:04:52.739Z,"17 km SE of Silver Springs, Nevada",earthquake,,1.017,,,reviewed,nn,nn
2026-05-28T11:37:13.920Z,32.952833333333,-116.44383333333,5.02,1.2,ml,49,31,0.03372,0.19,ci,ci41475928,2026-05-28T12:47:02.760Z,"17 km NNE of Pine Valley, CA",earthquake,0.16,0.36,0.14739505322177,26,reviewed,ci,ci
2026-05-28T11:35:47.346Z,-20.3052,-70.1869,76.917,3.7,ml,13,169,0.063,0.63,us,us7000sp22,2026-06-01T14:17:01.040Z,"6 km WSW of La Tirana, Chile",earthquake,5.15,3.587,0.074,24,reviewed,us,us
2026-05-28T11:16:08.005Z,51.523,-175.842,27.6,3.3,ml,27,225,0.5,0.4,ak,aka2026kmjtur,2026-05-28T19:02:40.414Z,"67 km SE of Adak, Alaska",earthquake,8.5,3.3654,0.2,21,reviewed,ak,ak
2026-05-28T11:15:08.680Z,34.851333333333,-118.96783333333,11.76,1.15,ml,26,106,0.07451,0.21,ci,ci41475920,2026-05-28T12:46:54.155Z,"4 km NNW of Frazier Park, CA",earthquake,0.33,0.6,0.31574212017813,23,reviewed,ci,ci
2026-05-28T11:02:13.964Z,31.941,-103.376,5.6897,1,ml,17,66,0,0.2,tx,tx2026kkrqxm,2026-05-28T15:01:53.891Z,"25 km SW of Jal, New Mexico",earthquake,1.8045882819059,0.82992573105139,0.2,6,reviewed,tx,tx
2026-05-28T11:01:53.487Z,52.793,-167.754,26.2,2.3,ml,11,232,0.6,0.4,ak,aka2026kmjhlg,2026-05-28T19:01:12.649Z,"76 km ESE of Nikolski, Alaska",earthquake,11.9,4.8662,0.2,7,reviewed,ak,ak
2026-05-28T10:56:19.000Z,19.291666666667,-155.20633333333,7.25,1.96,ml,44,145,0.02017,0.12,hv,hv74970527,2026-05-28T21:37:06.530Z,"16 km S of Volcano, Hawaii",earthquake,0.32,0.39,0.29462992055356,28,reviewed,hv,hv
2026-05-28T10:47:32.810Z,60.528333333333,-152.79283333333,31.6,-0.63,ml,8,85,0.04866,0.08,av,av94212568,2026-05-28T20:25:26.070Z,"81 km W of Salamatof, Alaska",earthquake,0.73,0.43,0.28234684355015,8,reviewed,av,av
2026-05-28T10:43:11.610Z,19.2805,-155.406,30.38,1.88,ml,40,80,0.04352,0.11,hv,hv74970522,2026-05-28T21:26:26.400Z,"11 km NE of Pāhala, Hawaii",earthquake,0.47,0.56,0.21795985840338,9,reviewed,hv,hv
2026-05-28T10:39:54.045Z,61.588,-150.001,29.5,1.6,ml,19,90,0.4,0.7,ak,aka2026kmiojl,2026-05-28T19:00:30.195Z,"7 km NNW of Big Lake, Alaska",earthquake,4.1,2.6811,0.2,11,reviewed,ak,ak
2026-05-28T10:36:33.620Z,34.096166666667,-116.409,9.14,1.14,ml,38,48,0.03112,0.17,ci,ci41475912,2026-05-28T12:49:09.640Z,"3 km SE of Yucca Valley, CA",earthquake,0.18,0.43,0.15638313957994,25,reviewed,ci,ci
2026-05-28T10:30:35.593Z,64.752,-149.185,12.1,1.2,ml,15,176,0.2,0.6,ak,aka2026kmighx,2026-05-28T18:58:40.993Z,"16 km N of Four Mile Road, Alaska",earthquake,4.1,2.4315,0.3,7,reviewed,ak,ak
2026-05-28T10:22:46.020Z,65.825,-151.336,12.8,1.4,ml,10,74,0.1,0.6,ak,aka2026kmhznk,2026-05-28T18:56:45.323Z,"64 km WNW of Rampart, Alaska",earthquake,3.9,2.0965,0.1,6,reviewed,ak,ak
2026-05-28T10:18:00.101Z,64.693,-148.694,6.3,1.3,ml,13,108,0.2,0.4,ak,aka2026kmhvjt,2026-05-28T18:55:41.419Z,"22 km ENE of Four Mile Road, Alaska",earthquake,3.5,4.6885,0.2,7,reviewed,ak,ak
2026-05-28T10:16:52.448Z,62.578,-151.379,10.6,1.8,ml,21,103,0.3,0.6,ak,aka2026kmhupa,2026-05-28T18:54:53.611Z,"32 km WNW of Petersville, Alaska",earthquake,3.6,2.2769,0.2,15,reviewed,ak,ak
2026-05-28T10:11:50.450Z,34.004666666667,-117.21033333333,6.05,0.89,ml,40,46,0.06511,0.19,ci,ci41475904,2026-05-28T12:47:27.474Z,"6 km SSW of Redlands, CA",earthquake,0.19,0.61,0.21039081512849,23,reviewed,ci,ci
2026-05-28T09:53:51.420Z,58.157666666667,-155.366,3.74,-0.43,ml,5,218,0.05642,0.09,av,av94212508,2026-05-28T23:07:06.570Z,"84 km NW of Karluk, Alaska",earthquake,0.69,0.95,0.47157679175026,5,reviewed,av,av
2026-05-28T09:44:35.790Z,38.834499359131,-122.797996521,1.960000038147,0.74,md,11,73,0.007139,0.01,nc,nc75370302,2026-05-28T10:47:24.198Z,"7 km WNW of Cobb, CA",earthquake,0.37,0.569999993,0.24,14,automatic,nc,nc
2026-05-28T09:42:59.205Z,56.031,-159.824,11.6,1.9,ml,12,147,0.3,0.5,ak,aka2026kmgqye,2026-05-28T23:16:07.190Z,"25 km NW of Ivanof Bay, Alaska",earthquake,13.6,5.0305,0.4,8,reviewed,ak,ak
2026-05-28T09:41:10.963Z,-20.0493,168.2222,10,4.7,mb,39,68,2.651,0.9,us,us7000sp1m,2026-05-28T10:43:27.040Z,"124 km WSW of Isangel, Vanuatu",earthquake,6.51,1.886,0.11,31,reviewed,us,us
2026-05-28T09:41:05.430Z,32.258333333333,-116.99883333333,19.68,2.99,ml,40,152,0.2555,0.23,ci,ci41475896,2026-06-01T05:32:29.056Z,"9 km WNW of Primo Tapia, B.C., MX",earthquake,0.44,0.98,0.15573395516345,125,reviewed,ci,ci
2026-05-28T09:36:41.727Z,32.396,-102.145,6.665,1.7,ml,88,45,0,0.2,tx,tx2026kkowhv,2026-05-28T10:40:49.354Z,"37 km ENE of McKinney Acres, Texas",earthquake,0.33608965472104,0.33032151762434,0.1,37,reviewed,tx,tx
2026-05-28T09:30:11.362Z,31.606,-103.961,6.0999,2.1,ml,22,66,0.2,0.2,tx,tx2026kkoqsz,2026-05-28T10:14:39.831Z,"36 km NNW of Toyah, Texas",earthquake,0.75829219439624,1.5487980534099,0.1,16,reviewed,tx,tx
2026-05-28T09:17:37.200Z,33.762833333333,-116.05883333333,1.52,1.02,ml,37,37,0.1129,0.17,ci,ci41475888,2026-05-28T09:21:06.093Z,"14 km NE of Coachella, CA",earthquake,0.15,0.33,0.15744367621129,24,automatic,ci,ci
2026-05-28T09:09:37.619Z,31.601,-103.966,6.0999,1.9,ml,26,51,0.2,0.2,tx,tx2026kknyye,2026-05-28T10:25:16.748Z,"35 km NNW of Toyah, Texas",earthquake,0.57906723782285,1.7704213902073,0.2,18,reviewed,tx,tx
2026-05-28T09:04:21.290Z,38.811832427979,-122.79533386231,0.41999998688698,0.79,md,8,121,0.003859,0.27,nc,nc75370297,2026-05-28T10:22:21.032Z,"5 km NW of The Geysers, CA",earthquake,2.02,2.97000003,0.22,7,automatic,nc,nc
2026-05-28T09:01:32.211Z,60.983,-151.022,64.7,1.4,ml,17,64,0.2,0.4,ak,aka2026kmfhce,2026-05-28T18:50:53.578Z,"11 km SSE of Tyonek, Alaska",earthquake,4.6,5.5764,0.2,6,reviewed,ak,ak
2026-05-28T08:46:58.230Z,51.5576,-175.8819,35,3.4,ml,23,210,0.43,0.61,us,us7000sp59,2026-05-30T07:02:55.040Z,"62 km SE of Adak, Alaska",earthquake,3.31,2.001,0.105,12,reviewed,us,us
2026-05-28T08:45:26.675Z,59.077,-152.459,58.6,3.3,ml,167,78,0.5,1,ak,aka2026kmetfk,2026-05-28T18:47:19.222Z,"43 km SW of Nanwalek, Alaska",earthquake,2.2,2.4002,0.1,115,reviewed,ak,ak
2026-05-28T08:45:12.320Z,19.161500930786,-155.48500061035,30.760000228882,1.76,md,28,165,0.08742,0.140000001,hv,hv74970477,2026-05-28T08:50:01.710Z,"4 km S of Pāhala, Hawaii",earthquake,0.68,0.920000017,0.19909360355577,16,automatic,hv,hv
2026-05-28T08:39:25.257Z,51.5133,-176.3263,35,2.7,ml,17,225,0.353,0.37,us,us7000sp5e,2026-05-30T07:00:26.040Z,"45 km SSE of Adak, Alaska",earthquake,4.21,1.996,0.128,8,reviewed,us,us
2026-05-28T08:20:20.120Z,60.057833333333,-153.07716666667,1.89,-0.99,ml,4,181,0.006823,0.12,av,av94212413,2026-05-28T22:58:35.070Z,"64 km ENE of Pedro Bay, Alaska",earthquake,0.96,0.92,0.27356138763522,4,reviewed,av,av
2026-05-28T08:20:19.560Z,33.9235,-82.320166666667,6.88,1.89,md,7,176,0.3114,0.18,se,se60505598,2026-05-28T12:49:12.330Z,"2 km WNW of McCormick, South Carolina",earthquake,1.15,1.1,0.048655048051099,6,reviewed,se,se
2026-05-28T08:18:26.616Z,59.716,-152.629,91.4,1.3,ml,16,87,0.2,0.4,ak,aka2026kmdvsu,2026-05-28T18:44:33.283Z,"45 km W of Anchor Point, Alaska",earthquake,7.6,4.413,0.4,10,reviewed,ak,ak
2026-05-28T08:18:18.610Z,35.314166666667,-117.8075,7.64,1.4,ml,47,56,0.05619,0.18,ci,ci41475880,2026-05-28T16:40:32.271Z,"17 km WSW of Johannesburg, CA",earthquake,0.17,0.56,0.19438668319015,23,reviewed,ci,ci
2026-05-28T08:15:42.392Z,59.288,-151.548,32.6,2.4,ml,57,133,0.6,0.7,ak,aka2026kmdtiw,2026-05-28T18:43:00.774Z,"17 km ESE of Port Graham, Alaska",earthquake,3.4,4.3974,0.1,42,reviewed,ak,ak
2026-05-28T08:14:38.450Z,35.68666667,-98.2335,6.57,0.95,ml,57,90,0.01799646848,0.4,ok,ok2026kjfg,2026-05-29T13:05:14.869Z,"9 km NE of Geary, Oklahoma",earthquake,,0.7,0.26,26,reviewed,ok,ok
2026-05-28T08:13:19.760Z,19.3825,-155.28216666667,1.38,1.63,ml,16,86,0.004034,0.12,hv,hv74970462,2026-05-28T23:13:41.640Z,"8 km SW of Volcano, Hawaii",earthquake,0.19,0.26,0.16222024419819,6,reviewed,hv,hv
2026-05-28T08:13:05.617Z,59.367,-153.018,82.6,1.8,ml,29,77,0.3,0.5,ak,aka2026kmdrck,2026-05-28T18:41:47.353Z,"62 km W of Nanwalek, Alaska",earthquake,4.6,3.4902,0.2,17,reviewed,ak,ak
2026-05-28T08:07:22.410Z,38.824501037598,-122.79483032227,2.829999923706,0.74,md,13,100,0.01196,0.03,nc,nc75370277,2026-05-28T09:07:19.591Z,"6 km NNW of The Geysers, CA",earthquake,0.34,0.879999995,0.09,17,automatic,nc,nc
2026-05-28T08:06:54.264Z,-7.3627,119.5484,444.62,4.1,mb,18,97,2.279,0.94,us,us7000sp1c,2026-05-28T08:23:53.040Z,"130 km NNW of Labuan Bajo, Indonesia",earthquake,14.98,9.576,0.135,15,reviewed,us,us
2026-05-28T08:06:20.950Z,42.658833333333,-111.13833333333,-1.15,1.94,ml,18,107,0.1101,0.16,uu,uu80141211,2026-05-28T13:51:52.880Z,"13 km WSW of Fairview, Wyoming",earthquake,0.67,2.5,0.35709098147216,4,reviewed,uu,uu
2026-05-28T07:46:18.060Z,35.829,-117.66633333333,5.84,1.06,ml,21,55,0.05748,0.14,ci,ci41475872,2026-05-28T12:48:05.614Z,"23 km N of Ridgecrest, CA",earthquake,0.19,0.59,0.23000429318321,13,reviewed,ci,ci
2026-05-28T07:43:22.313Z,61.119,-140.444,5.8,1.7,ml,16,123,0.4,0.7,ak,aka2026kmcrhu,2026-05-28T18:39:58.010Z,"137 km ESE of McCarthy, Alaska",earthquake,4.8,3.0079,0.2,7,reviewed,ak,ak
2026-05-28T07:39:29.790Z,55.8985,-159.77233333333,2.91,1.39,ml,7,338,0.2638,0.17,av,av94212343,2026-05-28T22:37:03.900Z,"18 km W of Ivanof Bay, Alaska",earthquake,3.29,1.74,0.16818161111375,7,reviewed,av,av
2026-05-28T07:37:19.400Z,58.207,-155.027,28.3,0.6,ml,11,127,0,0.3,ak,aka2026kmcmbz,2026-05-28T22:29:33.420Z,"78 km NNW of Karluk, Alaska",earthquake,12.1,11.0918,0.3,4,automatic,ak,ak
2026-05-28T07:28:03.298Z,51.389,-175.898,25.3,2.6,ml,18,235,0.6,0.7,ak,aka2026kmceaw,2026-05-28T18:38:48.872Z,"74 km SE of Adak, Alaska",earthquake,9.6,4.074,0.1,13,reviewed,ak,ak
2026-05-28T07:22:42.320Z,38.508333333333,-112.9135,2.04,1.11,ml,15,67,0.01464,0.12,uu,uu80141201,2026-05-28T13:30:09.120Z,"15 km NE of Milford, Utah",earthquake,0.3,0.64,0.1058803996571,2,reviewed,uu,uu
2026-05-28T07:21:25.140Z,38.822166442871,-122.79467010498,2.6900000572205,1.32,md,21,34,0.01209,0.02,nc,nc75370272,2026-05-28T08:07:23.223Z,"6 km NNW of The Geysers, CA",earthquake,0.24,0.5,0.22,22,automatic,nc,nc
2026-05-28T07:12:10.642Z,32.363,-102.057,4.8096,0.1,ml,15,65,0,0.2,tx,tx2026kkkble,2026-05-28T11:42:22.173Z,"36 km NW of Stanton, Texas",earthquake,0.67560166295527,1.3749693237229,0.2,9,reviewed,tx,tx
2026-05-28T07:11:07.606Z,61.884,-147.402,40.7,1.5,ml,18,68,0.1,0.7,ak,aka2026kmbpir,2026-05-28T18:38:15.129Z,"13 km WSW of Eureka Roadhouse, Alaska",earthquake,3.9,3.4152,0.4,9,reviewed,ak,ak
2026-05-28T07:08:48.920Z,33.030833333333,-116.29316666667,7.18,1.01,ml,42,56,0.07651,0.18,ci,ci41475864,2026-05-28T12:48:06.284Z,"20 km SW of Ocotillo Wells, CA",earthquake,0.23,0.53,0.13033856401208,22,reviewed,ci,ci
2026-05-28T07:05:24.750Z,19.234333333333,-155.34133333333,29.73,1.53,ml,41,206,0.05316,0.11,hv,hv74970432,2026-05-28T21:18:14.360Z,"14 km ENE of Pāhala, Hawaii",earthquake,0.51,0.41,0.065163069388329,5,reviewed,hv,hv
2026-05-28T07:01:20.900Z,34.156166666667,-117.787,10.35,2.01,ml,110,15,0.0535,0.21,ci,ci41475856,2026-05-28T12:49:14.120Z,"6 km NNE of San Dimas, CA",earthquake,0.14,0.28,0.17806943740101,28,reviewed,ci,ci
2026-05-28T06:54:15.910Z,40.916831970215,-124.3125,10.64999961853,2.42,md,10,208,0.2364,0.21,nc,nc75370262,2026-05-28T20:22:20.904Z,"18 km W of McKinleyville, CA",earthquake,1.58,1.91999996,0.11,8,automatic,nc,nc
2026-05-28T06:52:47.060Z,54.4895,-164.6575,3.43,0.76,ml,4,163,0.03851,0.05,av,av94212308,2026-05-29T02:11:17.050Z,"82 km ENE of Akutan, Alaska",earthquake,1.86,1.66,0.19842046329853,4,reviewed,av,av
2026-05-28T06:52:35.730Z,40.127334594727,-122.73449707031,6.3499999046326,2.08,md,9,183,0.06425,0.11,nc,nc75370257,2026-05-28T07:22:19.920Z,"31 km WNW of Rancho Tehama Reserve, CA",earthquake,0.74,0.430000007,0.22,8,automatic,nc,nc
2026-05-28T06:37:38.910Z,33.985333333333,-116.97766666667,13.18,1.15,ml,57,27,0.1134,0.16,ci,ci41475848,2026-05-28T17:24:38.450Z,"6 km N of Beaumont, CA",earthquake,0.14,0.51,0.16817363998772,30,reviewed,ci,ci
2026-05-28T06:34:13.570Z,32.094,-101.478,8.6182,1.7,ml,26,59,0.1,0.2,tx,tx2026kkisoy,2026-05-28T07:45:19.570Z,"10 km W of Forsan, Texas",earthquake,0.49424552338431,1.18203152305,0.2,15,reviewed,tx,tx
2026-05-28T06:31:45.890Z,33.029833333333,-116.2945,7.65,1.35,ml,49,56,0.0754,0.19,ci,ci41475840,2026-05-28T12:49:19.420Z,"20 km SW of Ocotillo Wells, CA",earthquake,0.21,0.75,0.18004680588771,28,reviewed,ci,ci
2026-05-28T06:30:57.232Z,53.429,-166.996,3.8,2.5,ml,22,214,0.4,0.4,ak,aka2026kmagnp,2026-05-28T06:45:57.256Z,"58 km SSW of Unalaska, Alaska",earthquake,8.2,4.879,0.2,18,reviewed,ak,ak
2026-05-28T06:26:27.070Z,38.797832489014,-122.74583435059,1.5,0.94,md,11,100,0.01622,0.03,nc,nc75370252,2026-05-28T06:42:23.678Z,"2 km NNE of The Geysers, CA",earthquake,0.31,0.839999974,0.21,10,automatic,nc,nc
2026-05-28T06:26:11.600Z,60.049166666667,-153.08033333333,0.65,-0.41,ml,4,116,0.01174,0.09,av,av94212268,2026-05-28T22:18:03.760Z,"64 km ENE of Pedro Bay, Alaska",earthquake,0.73,0.51,0.34840578516221,4,reviewed,av,av
2026-05-28T06:25:57.510Z,40.90633392334,-124.18383026123,14.239999771118,2.24,md,8,254,0.1469,0.05,nc,nc75370247,2026-05-28T20:07:19.810Z,"8 km WSW of McKinleyville, CA",earthquake,1.53,0.850000024,0.11,9,automatic,nc,nc
2026-05-28T06:13:01.629Z,36.48083333,-98.73466667,8.22,0.5,ml,19,160,0.02789452614,0.16,ok,ok2026kjbg,2026-05-29T13:00:03.431Z,"17 km SE of Waynoka, Oklahoma",earthquake,,0.6,0.26,6,reviewed,ok,ok
2026-05-28T06:11:53.380Z,60.6135,-152.848,10.93,-0.69,ml,8,242,0.03108,0.08,av,av94212263,2026-05-28T22:14:32.450Z,"83 km W of Salamatof, Alaska",earthquake,0.42,0.51,0.14048655406595,8,reviewed,av,av
2026-05-28T06:08:35.770Z,57.938,-155.84883333333,9.31,0.24,ml,10,155,0.186,0.21,av,av94212258,2026-05-28T22:12:03.170Z,"92 km WNW of Karluk, Alaska",earthquake,0.54,0.66,0.16218233906963,10,reviewed,av,av
2026-05-28T06:00:59.320Z,40.070667266846,-122.74066925049,4.0300002098083,2.33,md,15,84,0.112,0.32,nc,nc75370242,2026-05-28T19:52:22.714Z,"30 km WNW of Rancho Tehama Reserve, CA",earthquake,0.74,1.77999997,0.33,11,automatic,nc,nc
2026-05-28T05:51:24.730Z,53.882333333333,-166.66016666667,8.99,0.54,ml,7,119,0.01507,0.14,av,av94212238,2026-05-28T22:03:01.530Z,"7 km W of Dutch Harbor, Alaska",earthquake,0.41,0.79,0.34615730711282,7,reviewed,av,av
2026-05-28T05:37:50.189Z,34.4255,-97.46166667,4.59,1.25,ml,28,76,0.06298763968,0.42,ok,ok2026kjac,2026-05-29T12:39:35.856Z,"5 km ESE of Ratliff City, Oklahoma",earthquake,,1.4,0.24,12,reviewed,ok,ok
2026-05-28T05:34:12.570Z,34.034,-117.04,11.81,1.22,ml,55,35,0.06015,0.17,ci,ci41475832,2026-05-28T12:50:25.400Z,"0 km E of Yucaipa, CA",earthquake,0.16,0.49,0.23891316451086,30,reviewed,ci,ci
2026-05-28T05:15:17.350Z,38.803833007812,-122.77716827393,3.170000076294,1.63,md,31,69,0.009805,0.02,nc,nc75370222,2026-05-28T19:22:20.515Z,"3 km NNW of The Geysers, CA",earthquake,0.22,0.409999996,0.12,35,automatic,nc,nc
2026-05-28T05:07:27.900Z,33.8275,-116.78583333333,13.93,0.88,ml,38,39,0.01136,0.15,ci,ci41475824,2026-05-28T12:49:23.064Z,"10 km S of Cabazon, CA",earthquake,0.16,0.43,0.12564344406685,23,reviewed,ci,ci
2026-05-28T05:03:41.885Z,51.4705,-179.5111,72.178,3.3,ml,16,184,0.443,0.18,us,us7000sp10,2026-05-28T08:27:48.040Z,"204 km WSW of Adak, Alaska",earthquake,4.11,7.703,0.085,18,reviewed,us,us
2026-05-28T04:59:53.104Z,61.777,-146.268,20.3,2.2,ml,46,33,0.3,0.8,ak,aka2026klxfoi,2026-05-28T06:40:09.453Z,"33 km SSE of Mendeltna, Alaska",earthquake,2.5,2.209,0.2,31,reviewed,ak,ak
2026-05-28T04:50:10.804Z,31.927,-101.778,8.3252,0.5,ml,14,58,0.1,0.1,tx,tx2026kkfjhq,2026-05-28T11:36:24.382Z,"22 km S of Stanton, Texas",earthquake,0.51098335112597,0.89989667729472,0.2,6,reviewed,tx,tx
2026-05-28T04:36:25.393Z,85.2028,12.6084,10,4.2,mb,21,86,4.847,1.23,us,us7000sphk,2026-05-30T06:47:55.040Z,"north of Svalbard",earthquake,10.38,1.932,0.137,15,reviewed,us,us
2026-05-28T04:34:06.260Z,34.346333333333,-118.2555,9.65,0.64,ml,15,92,0.05568,0.14,ci,ci10241094,2026-05-28T15:15:32.411Z,"11 km NNE of Sunland, CA",earthquake,0.3,0.87,0.20927255131165,13,reviewed,ci,ci
2026-05-28T04:32:37.920Z,38.839668273926,-122.79049682617,2.2999999523163,0.63,md,8,93,0.001263,0.05,nc,nc75370212,2026-05-28T04:52:20.945Z,"6 km WNW of Cobb, CA",earthquake,0.55,1.50999999,0.16,8,automatic,nc,nc
2026-05-28T04:25:36.364Z,60.3978,-139.4647,5,2.6,ml,21,123,0.872,0.7,us,us7000sp0c,2026-05-28T06:33:42.816Z,"95 km N of Yakutat, Alaska",earthquake,4.81,1.682,0.05,52,reviewed,us,us
2026-05-28T04:19:50.444Z,31.626,-104.095,6.3049,1.5,ml,37,67,0,0.2,tx,tx2026kkejhx,2026-05-28T08:24:36.040Z,"44 km NW of Toyah, Texas",earthquake,0.58204707768022,0.45521179775056,0.2,18,reviewed,tx,tx
2026-05-28T04:18:59.418Z,31.625,-104.099,6.0999,1.6,ml,38,68,0,0.2,tx,tx2026kkeifb,2026-05-28T07:57:22.307Z,"45 km NW of Toyah, Texas",earthquake,0.51721455649076,0.3922939301638,0.2,21,reviewed,tx,tx
2026-05-28T04:16:54.570Z,35.683666666667,-117.506,4.54,0.6,ml,14,129,0.06951,0.13,ci,ci41475808,2026-05-28T15:40:42.561Z,"13 km SW of Searles Valley, CA",earthquake,0.4,0.79,0.040003065382424,6,reviewed,ci,ci
2026-05-28T04:13:47.480Z,19.174499511719,-155.49349975586,28.239999771118,1.87,md,29,154,0.07367,0.150000006,hv,hv74970377,2026-05-28T04:17:46.810Z,"3 km SSW of Pāhala, Hawaii",earthquake,0.68,0.839999974,0.095961027433051,16,automatic,hv,hv
2026-05-28T04:12:33.927Z,59.888,-153.127,118.6,1.9,ml,31,89,0.1,0.4,ak,aka2026klvqnb,2026-05-28T06:31:08.427Z,"56 km E of Pedro Bay, Alaska",earthquake,5.4,3.2119,0.2,18,reviewed,ak,ak
2026-05-28T04:09:12.196Z,60.458,-141.264,11.2,1.6,ml,13,123,0.4,0.6,ak,aka2026klvnpt,2026-05-28T06:28:42.404Z,"132 km NW of Yakutat, Alaska",earthquake,6.8,3.8711,0.1,6,reviewed,ak,ak
2026-05-28T04:06:43.520Z,38.788166046143,-122.76816558838,2.8800001144409,1.63,md,26,80,0.01409,0.03,nc,nc75370202,2026-05-28T18:57:22.350Z,"2 km NW of The Geysers, CA",earthquake,0.24,0.449999988,0.11,27,automatic,nc,nc
2026-05-28T03:52:11.284Z,32.122,-101.042,7.1777,1.3,ml,15,63,0.2,0.1,tx,tx2026kkdlhm,2026-05-28T11:48:48.788Z,"26 km S of Westbrook, Texas",earthquake,0.78878923744441,1.6525416682836,0.2,13,reviewed,tx,tx
2026-05-28T03:42:10.133Z,32.127,-101.047,6.665,1.5,ml,30,48,0.2,0.2,tx,tx2026kkdcvl,2026-05-28T08:39:00.138Z,"25 km S of Westbrook, Texas",earthquake,0.64948227975588,1.3230181353517,0.1,16,reviewed,tx,tx
2026-05-28T03:24:29.700Z,38.773334503174,-122.73466491699,1.289999961853,0.72,md,8,63,0.01002,0.01,nc,nc75370197,2026-05-28T03:52:20.562Z,"2 km ESE of The Geysers, CA",earthquake,0.36,0.670000017,0.24,6,automatic,nc,nc
2026-05-28T03:18:15.445Z,32.129,-102.014,8.7158,1.4,ml,79,42,0,0.2,tx,tx2026kkcifs,2026-05-28T07:14:39.417Z,"15 km NNE of Midland, Texas",earthquake,0.28442808477613,0.472599134015,0.2,48,reviewed,tx,tx
2026-05-28T03:16:28.718Z,51.34,-177.45,26.5,2.5,ml,22,219,0.4,0.4,ak,aka2026klttxg,2026-05-28T06:16:34.232Z,"82 km SW of Adak, Alaska",earthquake,9,3.628,0.1,17,reviewed,ak,ak
2026-05-28T03:16:00.031Z,31.966,-101.952,6.4209,0.4,ml,24,45,0.1,0.2,tx,tx2026kkcggz,2026-05-28T09:59:03.758Z,"12 km ESE of Midland, Texas",earthquake,0.71578790109275,2.1030894398696,0.2,6,reviewed,tx,tx
2026-05-28T03:13:03.070Z,19.178499221802,-155.48815917969,26.049999237061,1.83,md,20,200,0.1374,0.129999995,hv,hv74970372,2026-05-28T03:16:42.750Z,"2 km SSW of Pāhala, Hawaii",earthquake,0.83,0.930000007,0.066575406706857,16,automatic,hv,hv
2026-05-28T03:07:54.450Z,38.814167022705,-122.80833435059,3.9700000286102,0.75,md,9,80,0.009314,0.02,nc,nc75370187,2026-05-28T18:32:22.194Z,"6 km NW of The Geysers, CA",earthquake,0.42,1.96000004,0.19,11,automatic,nc,nc
2026-05-28T02:59:22.580Z,38.81916809082,-122.76433563232,1.3600000143051,0.78,md,13,114,0.0121,0.04,nc,nc75370177,2026-05-28T03:17:23.347Z,"4 km W of Cobb, CA",earthquake,0.28,0.579999983,0.09,13,automatic,nc,nc
2026-05-28T02:59:14.350Z,47.0565,-122.18266666667,10.96,0.84,ml,8,205,0.07403,0.08,uw,uw62251712,2026-05-28T16:52:24.810Z,"4 km SSE of Orting, Washington",earthquake,0.44,0.75,0.17111592791203,5,reviewed,uw,uw
2026-05-28T02:58:53.860Z,61.297,-152.35033333333,2.65,-0.44,ml,8,158,0.03948,0.3,av,av94212023,2026-05-28T21:05:59.570Z,"70 km WNW of Tyonek, Alaska",earthquake,0.85,2.41,0.26155753109052,8,reviewed,av,av
2026-05-28T02:56:46.069Z,51.513,-175.841,27.3,2.4,ml,13,230,0.5,0.3,ak,aka2026kltcve,2026-05-28T06:14:33.762Z,"67 km SE of Adak, Alaska",earthquake,12.1,4.912,0.1,10,reviewed,ak,ak
2026-05-28T02:54:17.340Z,61.26,-151.373,74.3,1.9,ml,40,72,0.3,0.6,ak,aka2026kltaql,2026-05-28T06:11:29.255Z,"20 km NW of Beluga, Alaska",earthquake,3.7,3.0943,0.3,25,reviewed,ak,ak
2026-05-28T02:49:15.784Z,58.652,-154.99,136,2.3,ml,68,51,0,0.7,ak,aka2026klswgt,2026-05-28T06:10:34.717Z,"88 km S of Kokhanok, Alaska",earthquake,4.9,2.1386,0.4,46,reviewed,ak,ak
2026-05-28T02:48:31.132Z,63.919,-146.261,6,1.6,ml,22,38,0.2,0.7,ak,aka2026klsvrc,2026-05-28T06:09:20.634Z,"29 km WSW of Delta Junction, Alaska",earthquake,3.3,2.3575,0.2,13,reviewed,ak,ak
2026-05-28T02:44:13.963Z,64.621,-151.042,11.6,2.6,ml,54,26,0.7,1.4,ak,aka2026klsryu,2026-05-28T05:53:45.662Z,"46 km SSW of Manley Hot Springs, Alaska",earthquake,2.4,2.4687,0.2,37,reviewed,ak,ak
2026-05-28T02:37:50.460Z,33.1393,96.1517,10,4.7,mb,111,47,5.492,0.73,us,us7000snzw,2026-05-28T05:26:32.040Z,"242 km NNW of Qamdo, China",earthquake,8.19,1.856,0.058,89,reviewed,us,us
2026-05-28T02:30:11.979Z,38.8027,-118.6207,7.1352,1.58,ml,16,63,0.364,0.1389,nn,nn00919294,2026-05-28T16:56:53.757Z,"20 km NE of Walker Lake, Nevada",earthquake,,4.3627,0.15,11,reviewed,nn,nn
2026-05-28T02:28:43.712Z,16.456,119.2658,10,4.4,mb,42,107,6.555,0.56,us,us7000snzu,2026-05-28T04:42:44.040Z,"60 km WNW of Catuday, Philippines",earthquake,10.3,1.902,0.094,33,reviewed,us,us
2026-05-28T02:24:37.901Z,60.614,-151.202,66,2.5,ml,78,45,0.1,0.9,ak,aka2026klsaxu,2026-05-28T05:42:43.550Z,"6 km E of Salamatof, Alaska",earthquake,2.2,2.2676,0.2,55,reviewed,ak,ak
2026-05-28T02:23:59.099Z,18.9729,-107.8032,10,4.1,mb,26,205,6.246,1.37,us,us7000snzs,2026-05-28T02:47:43.040Z,"271 km WSW of La Cruz de Loreto, Mexico",earthquake,7.17,1.968,0.096,30,reviewed,us,us
2026-05-28T02:20:09.381Z,32.008,-103.793,7.7405,1.2,ml,18,68,0,0.1,tx,tx2026kkaiyv,2026-05-28T08:31:10.195Z,"35 km SE of Malaga, New Mexico",earthquake,0.75610124440374,0.51789104861097,0.2,9,reviewed,tx,tx
2026-05-28T02:09:40.080Z,34.564666666667,-117.50283333333,8.19,1.09,ml,24,93,0.1793,0.13,ci,ci41475792,2026-05-31T19:46:52.792Z,"9 km WSW of Adelanto, CA",earthquake,0.2,1.06,0.1428119483874,14,reviewed,ci,ci
2026-05-28T02:04:08.614Z,59.88,-151.655,75.3,1.6,ml,21,79,0.4,0.6,ak,aka2026klrjes,2026-05-28T05:40:03.934Z,"7 km NNW of Nikolaevsk, Alaska",earthquake,5.1,4.7987,0.2,13,reviewed,ak,ak
2026-05-28T01:56:43.610Z,57.938,-155.85216666667,12.62,0.29,ml,7,154,0.1874,0.2,av,av94211933,2026-05-28T20:54:57.990Z,"92 km WNW of Karluk, Alaska",earthquake,0.67,1,0.1336838148252,7,reviewed,av,av
2026-05-28T01:55:13.360Z,38.820499420166,-122.84266662598,2.1800000667572,1.94,md,37,51,0.006512,0.03,nc,nc75370157,2026-05-28T04:47:21.908Z,"9 km WNW of The Geysers, CA",earthquake,0.16,0.239999995,0.09,39,automatic,nc,nc
2026-05-28T01:52:02.980Z,38.830165863037,-122.81466674805,2.0699999332428,0.76,md,11,104,0.007654,0.01,nc,nc75370152,2026-05-28T02:17:22.964Z,"8 km NW of The Geysers, CA",earthquake,0.3,0.730000019,0.31,11,automatic,nc,nc
2026-05-28T01:49:13.920Z,51.865,-177.8645,6.4,1.25,ml,7,152,0.05937,0.08,av,av94211908,2026-05-28T20:35:26.880Z,"84 km W of Adak, Alaska",earthquake,0.39,0.4,0.2597843176545,7,reviewed,av,av
2026-05-28T01:47:16.150Z,51.866166666667,-177.87316666667,5.93,-0.02,ml,4,209,0.06329,0.05,av,av93061089,2026-05-28T20:47:58.490Z,"85 km W of Adak, Alaska",earthquake,0.45,1,0.040626029218268,4,reviewed,av,av
2026-05-28T01:46:18.726Z,-10.451,124.473,10,5.1,mb,41,72,0.72,1.02,us,us7000snzn,2026-05-28T01:59:46.040Z,"68 km SSE of Soe, Indonesia",earthquake,5.55,1.87,0.088,42,reviewed,us,us
2026-05-28T01:45:24.735Z,32.013,-101.751,8.8623,0.7,ml,28,68,0.1,0.2,tx,tx2026kjzgfx,2026-05-28T09:44:31.086Z,"13 km SSE of Stanton, Texas",earthquake,0.5768273540989,0.89723657884917,0.2,6,reviewed,tx,tx
2026-05-28T01:42:48.534Z,62.394,-151.24,86.3,1.9,ml,27,71,0.3,0.7,ak,aka2026klqqqc,2026-05-28T05:38:13.929Z,"27 km WSW of Petersville, Alaska",earthquake,3.8,3.7562,0.2,16,reviewed,ak,ak
2026-05-28T01:40:17.620Z,18.009833333333,-66.665833333333,15.21,2.6,md,28,129,0.0585,0.17,pr,pr71517988,2026-05-28T01:53:34.620Z,"4 km W of Ponce, Puerto Rico",earthquake,0.3,0.37,0.25529641534398,16,reviewed,pr,pr
2026-05-28T01:29:35.320Z,60.044333333333,-153.098,-1.23,-0.89,ml,4,136,0.02164,0.07,av,av94211878,2026-05-28T20:32:56.520Z,"63 km ENE of Pedro Bay, Alaska",earthquake,0.49,3.94,0.33763061258846,4,reviewed,av,av
2026-05-28T01:26:52.290Z,39.193832397461,-123.00716400147,7.210000038147,1.22,md,11,62,0.08351,0.03,nc,nc75370142,2026-05-28T01:57:22.833Z,"9 km WNW of Upper Lake, CA",earthquake,0.37,0.889999986,0.12,4,automatic,nc,nc
2026-05-28T01:23:30.120Z,51.271,-179.515,42.3,3,ml,32,207,0.5,0.5,ak,aka2026klpzyj,2026-05-28T05:35:16.674Z,"210 km WSW of Adak, Alaska",earthquake,10.2,9.9155,0.2,25,reviewed,ak,ak
2026-05-28T01:16:04.920Z,38.825500488281,-122.79716491699,2.170000076294,1.05,md,14,54,0.0103,0.03,nc,nc75370137,2026-05-28T01:42:22.729Z,"6 km NNW of The Geysers, CA",earthquake,0.28,0.649999976,0.22,15,automatic,nc,nc
2026-05-28T01:15:49.640Z,38.836666107178,-122.78483581543,1.3500000238419,0.72,md,8,107,0.00464,0.02,nc,nc75370132,2026-05-28T01:32:19.667Z,"6 km WNW of Cobb, CA",earthquake,0.49,1.07000005,0.44,8,automatic,nc,nc
2026-05-28T01:00:38.057Z,-22.504,-68.7827,111.178,4.1,mb,20,67,0.714,0.66,us,us7000snzj,2026-05-28T03:23:38.040Z,"15 km ESE of Calama, Chile",earthquake,3.35,5.735,0.213,6,reviewed,us,us
2026-05-28T00:48:12.120Z,19.279,-64.837166666667,19.98,3.14,md,5,289,0.8786,0.11,pr,pr71517978,2026-05-28T01:08:13.960Z,"104 km N of Charlotte Amalie, U.S. Virgin Islands",earthquake,1.08,12.63,0.022795719505036,4,reviewed,pr,pr
2026-05-28T00:45:27.855Z,61.225,-146.382,2.7,1.8,ml,21,76,0.1,0.8,ak,aka2026klosza,2026-05-28T05:26:58.818Z,"10 km N of Valdez, Alaska",earthquake,3,2.566,0.3,12,reviewed,ak,ak
2026-05-28T00:43:02.050Z,32.450666666667,-115.17316666667,17.6,2.01,ml,21,55,0.1157,0.24,ci,ci41475776,2026-05-28T14:27:44.164Z,"11 km N of Delta, B.C., MX",earthquake,0.39,1,0.25054439342752,17,reviewed,ci,ci
2026-05-28T00:41:17.050Z,38.792999267578,-122.80449676514,3.3699998855591,0.77,md,8,76,0.004798,0.01,nc,nc75370117,2026-05-28T01:07:20.514Z,"5 km WNW of The Geysers, CA",earthquake,0.47,1.27999997,0.04,10,automatic,nc,nc
2026-05-28T00:32:51.280Z,34.42433333,-97.47683333,4.57,1.32,ml,50,48,0.06118799283,0.39,ok,ok2026kiqa,2026-05-29T12:29:51.336Z,"4 km SE of Ratliff City, Oklahoma",earthquake,,1.1,0.26,24,reviewed,ok,ok
2026-05-28T00:28:03.380Z,35.308333333333,-117.81333333333,8.7,1.44,ml,18,117,0.04871,0.17,ci,ci41475768,2026-05-28T12:50:38.972Z,"18 km WSW of Johannesburg, CA",earthquake,0.46,0.6,0.19486854511081,28,reviewed,ci,ci
2026-05-28T00:25:21.947Z,51.7852,-175.9331,58.274,5.2,mb,72,135,0.202,0.95,us,us7000snz9,2026-06-01T00:35:25.941Z,"49 km ESE of Adak, Alaska",earthquake,4.86,4.765,0.032,320,reviewed,us,us
2026-05-28T00:22:55.750Z,35.864166666667,-117.6955,7.28,1.08,ml,25,64,0.0791,0.15,ci,ci41475760,2026-05-28T12:50:43.021Z,"21 km ESE of Little Lake, CA",earthquake,0.18,0.52,0.12520158584561,16,reviewed,ci,ci
2026-05-28T00:16:48.439Z,60.27,-150.849,65.7,3.4,ml,196,68,0.4,0.9,ak,aka2026klnucr,2026-05-29T00:35:19.715Z,"24 km ESE of Kasilof, Alaska",earthquake,1.7,1.8664,0.1,132,reviewed,ak,ak
2026-05-28T00:03:36.420Z,58.599,-154.2985,10.5,0.87,ml,16,173,0.1676,0.24,av,av94211763,2026-05-28T20:07:25.950Z,"97 km SSE of Kokhanok, Alaska",earthquake,0.98,1.67,0.20845912479168,16,reviewed,av,av
2026-05-27T23:50:27.020Z,52.007166666667,178.40266666667,2.72,1.73,ml,4,345,0.07904,0.03,av,av94211738,2026-05-28T00:29:00.350Z,"Rat Islands, Aleutian Islands, Alaska",earthquake,1.35,3.25,0.20400255447636,4,reviewed,av,av
2026-05-27T23:50:25.310Z,36.62183380127,-121.26483154297,4.3499999046326,1.36,md,9,68,0.04156,0.2,nc,nc75370092,2026-05-28T00:07:21.118Z,"15 km NW of Pinnacles, CA",earthquake,0.82,2.11999989,0.37,10,automatic,nc,nc
2026-05-27T23:47:10.423Z,64.986,-147.477,0,1.5,ml,16,48,0.1,1,ak,aka2026klmukt,2026-05-27T23:55:10.852Z,"7 km ENE of Fox, Alaska",quarry blast,3.7,0,0.2,10,reviewed,ak,ak
2026-05-27T23:30:59.946Z,60.287,-149.954,30.5,2.3,ml,42,92,0.3,0.8,ak,aka2026klmgkb,2026-05-27T23:53:50.734Z,"23 km SSW of Cooper Landing, Alaska",earthquake,3.5,2.5062,0.1,30,reviewed,ak,ak
2026-05-27T23:28:46.160Z,35.894,-117.7415,7.55,0.97,ml,21,70,0.08294,0.1,ci,ci41475752,2026-05-27T23:44:08.091Z,"16 km ESE of Little Lake, CA",earthquake,0.16,0.43,0.25701815585762,12,reviewed,ci,ci
2026-05-27T23:23:33.510Z,18.0655,-66.269,50.85,2.18,md,9,126,0.04898,0.14,pr,pr71517973,2026-05-27T23:58:01.000Z,"3 km W of Vázquez, Puerto Rico",earthquake,1.3,0.9,0.26468071736622,7,reviewed,pr,pr
2026-05-27T23:16:18.466Z,58.098,-154.612,92.5,2,ml,27,73,0.2,0.3,ak,aka2026klltum,2026-05-27T23:53:23.964Z,"59 km N of Karluk, Alaska",earthquake,5.7,3.0422,0.4,20,reviewed,ak,ak
2026-05-27T23:15:04.360Z,48.358833333333,-122.32183333333,18.77,1.21,ml,16,100,0.01933,0.2,uw,uw62251622,2026-05-29T18:51:49.890Z,"2 km NE of Conway, Washington",earthquake,0.35,0.55,0.14705407098405,7,reviewed,uw,uw
2026-05-27T23:11:53.210Z,36.552666666667,-89.614333333333,6.04,1.36,md,21,62,0.0495,0.05,nm,nm60621956,2026-05-29T14:21:19.580Z,"2 km SW of Howardville, Missouri",earthquake,0.36,0.86,0.097338523174018,18,reviewed,nm,nm
2026-05-27T23:07:47.080Z,35.316833333333,-117.807,6.99,2.79,ml,57,33,0.05864,0.18,ci,ci41475744,2026-05-28T14:19:46.620Z,"17 km WSW of Johannesburg, CA",earthquake,0.15,0.52,0.17706111462033,142,reviewed,ci,ci
2026-05-27T23:04:20.370Z,35.318666666667,-117.80416666667,7,1.24,ml,28,85,0.06144,0.19,ci,ci41475736,2026-05-31T23:28:15.656Z,"17 km WSW of Johannesburg, CA",earthquake,0.25,0.69,0.25935710266996,15,reviewed,ci,ci
2026-05-27T22:57:05.320Z,60.0565,-153.07066666667,0,-0.61,ml,0,160,0.003646,0.07,av,av94211673,2026-05-28T00:08:28.010Z,"65 km ENE of Pedro Bay, Alaska",earthquake,0.84,0.38,0.15051025087453,4,reviewed,av,av
2026-05-27T22:49:36.890Z,40.686500549316,-121.45850372315,-1.9900000095367,2.51,md,19,45,0.1101,0.15,nc,nc75370067,2026-05-28T01:57:23.832Z,"26 km NE of Viola, CA",earthquake,0.31,2.1500001,0.09,17,automatic,nc,nc
2026-05-27T22:48:57.120Z,47.374,-122.698,25.84,2.84,ml,86,25,0.04546,0.13,uw,uw62251617,2026-05-29T16:48:41.426Z,"4 km W of Wauna, Washington",earthquake,0.17,0.29,0.18179045117168,100,reviewed,uw,uw
2026-05-27T22:45:12.369Z,61.645,-148.116,14.1,1.5,ml,14,83,0.2,0.6,ak,aka2026klksrv,2026-05-27T23:44:41.517Z,"24 km SE of Chickaloon, Alaska",earthquake,3,1.8847,0.4,11,reviewed,ak,ak
2026-05-27T22:43:51.730Z,19.426166666667,-155.58533333333,10.89,1.71,ml,19,66,0.03878,0.16,hv,hv74970262,2026-05-28T23:03:36.880Z,"27 km NNW of Pāhala, Hawaii",earthquake,0.44,0.7,0.2422219753992,7,reviewed,hv,hv
2026-05-27T22:29:32.060Z,33.0681,96.3179,10,4.1,mb,35,90,5.562,0.96,us,us7000sp0q,2026-05-31T20:31:10.040Z,"229 km NNW of Qamdo, China",earthquake,10.27,1.95,0.111,22,reviewed,us,us
2026-05-27T22:15:12.450Z,38.706832885742,-122.88766479492,7.4299998283386,1.92,md,37,52,0.06972,0.06,nc,nc75370047,2026-05-28T01:17:22.574Z,"11 km N of Healdsburg, CA",earthquake,0.23,0.850000024,0.13,40,automatic,nc,nc
2026-05-27T22:07:52.205Z,64.25,-148.331,6.7,1.4,ml,15,110,0.2,0.3,ak,aka2026kljmih,2026-05-27T23:43:32.803Z,"41 km E of Clear, Alaska",earthquake,3.7,3.0799,0.2,10,reviewed,ak,ak
2026-05-27T21:59:33.590Z,38.779834747315,-122.7559967041,0.61000001430511,0.76,md,8,94,0.01187,0.02,nc,nc75370042,2026-05-27T22:01:08.206Z,"0 km N of The Geysers, CA",earthquake,0.34,0.800000012,0.04,6,automatic,nc,nc
2026-05-27T21:50:23.134Z,51.7652,178.1781,66.334,2.5,ml,19,293,0.31,0.43,us,us7000snz3,2026-05-28T00:01:32.040Z,"Rat Islands, Aleutian Islands, Alaska",earthquake,10.04,9.376,0.097,14,reviewed,us,us
2026-05-27T21:48:20.080Z,38.826499938965,-122.80899810791,2.8800001144409,1.81,md,37,57,0.003212,0.03,nc,nc75370037,2026-05-27T22:42:20.573Z,"7 km NW of The Geysers, CA",earthquake,0.18,0.310000002,0.12,37,automatic,nc,nc
2026-05-27T21:45:07.670Z,38.835998535156,-122.81816864014,2.0999999046326,1.1,md,15,71,0.01377,0.01,nc,nc75370032,2026-05-28T00:32:23.289Z,"8 km W of Cobb, CA",earthquake,0.29,0.610000014,0.16,17,automatic,nc,nc
2026-05-27T21:43:30.160Z,58.164,-154.5035,11.35,0.11,ml,12,246,0.2528,0.13,av,av94211583,2026-05-27T23:58:26.130Z,"66 km N of Karluk, Alaska",earthquake,0.61,2.49,0.31352547709589,12,reviewed,av,av
2026-05-27T21:42:07.780Z,38.826000213623,-122.80933380127,2.7200000286102,0.84,md,9,98,0.002665,0.01,nc,nc75370027,2026-05-27T22:12:22.373Z,"7 km NW of The Geysers, CA",earthquake,0.46,0.899999976,0.17,10,automatic,nc,nc
2026-05-27T21:37:38.918Z,-58.1685,-26.017,98.847,4.6,mb,45,87,7.014,0.72,us,us7000snyb,2026-05-27T22:18:30.040Z,"South Sandwich Islands region",earthquake,13.29,7.414,0.112,24,reviewed,us,us
2026-05-27T21:30:40.481Z,62.226,-142.203,5,2.4,ml,32,106,0.4,0.7,ak,aka2026kligbo,2026-05-27T23:37:40.267Z,"45 km ESE of Nabesna, Alaska",earthquake,3.1,0,0.2,24,reviewed,ak,ak
2026-05-27T21:30:02.694Z,28.709,-98.465,7.4679,0.7,ml,8,90,0,0.1,tx,tx2026kjquea,2026-05-28T20:54:46.080Z,"9 km SSE of Christine, Texas",earthquake,2.0370498399642,0.65558723596767,0.4,7,reviewed,tx,tx
2026-05-27T21:28:09.310Z,58.2805,-154.89566666667,5.26,-0.03,ml,9,156,0.09027,0.21,av,av94211553,2026-05-28T00:05:27.760Z,"83 km NNW of Karluk, Alaska",earthquake,0.56,1.52,0.15650554770647,9,reviewed,av,av
2026-05-27T21:25:15.103Z,64.922,-147.745,0,1.1,ml,12,55,0.1,0.4,ak,aka2026klibjk,2026-05-27T23:56:17.674Z,"2 km NW of Farmers Loop, Alaska",quarry blast,3.8,0,0.2,6,reviewed,ak,ak
2026-05-27T21:22:48.155Z,38.7143,-117.0363,2.5332,1.92,ml,10,127,0.656,0.3623,nn,nn00919283,2026-05-27T21:51:24.483Z,"55 km S of Kingston, Nevada",explosion,,2.7443,0.44,4,reviewed,nn,nn
2026-05-27T21:18:04.790Z,59.364333333333,-153.43733333333,-0.2,-0.12,ml,5,163,0.004154,0.09,av,av94211538,2026-05-28T00:01:26.450Z,"60 km SE of Pedro Bay, Alaska",earthquake,0.27,0.2,0.21469206154267,5,reviewed,av,av
2026-05-27T21:16:14.660Z,38.638668060303,-123.0881652832,3.4400000572205,1.83,md,6,125,0.05083,0.02,nc,nc75370012,2026-05-27T23:42:23.125Z,"17 km NNW of Guerneville, CA",earthquake,0.75,1.38999999,0.17,6,automatic,nc,nc
2026-05-27T21:11:14.688Z,60.521,-140,10,2.5,ml,21,103,0.6,1.2,ak,aka2026klhpix,2026-05-27T23:34:23.844Z,"109 km N of Yakutat, Alaska",earthquake,4.3,0,0.1,20,reviewed,ak,ak
2026-05-27T20:54:32.460Z,47.916,-121.66883333333,12.81,1.04,ml,7,124,0.1307,0.07,uw,uw62251502,2026-05-28T04:43:16.350Z,"6 km N of May Creek, Washington",earthquake,0.4,1.33,0.085303953994115,2,reviewed,uw,uw
2026-05-27T20:52:36.260Z,33.2555,-116.12633333333,11.16,0.94,ml,21,55,0.1202,0.17,ci,ci41475696,2026-05-28T15:37:11.087Z,"12 km N of Ocotillo Wells, CA",earthquake,0.27,0.65,0.10039038116737,14,reviewed,ci,ci
2026-05-27T20:50:08.518Z,60.388,-139.468,2.3,2.1,ml,14,96,0.7,1,ak,aka2026klgxbt,2026-05-27T23:30:58.119Z,"94 km N of Yakutat, Alaska",earthquake,5.8,3.3138,0.1,6,reviewed,ak,ak
2026-05-27T20:46:55.320Z,-43.0511,176.6935,10,4.4,mb,37,87,1.841,0.67,us,us7000snxz,2026-05-29T14:24:48.040Z,"206 km SSE of Waipawa, New Zealand",earthquake,6.07,1.94,0.191,10,reviewed,us,us
2026-05-27T20:43:28.220Z,58.277333333333,-154.9095,4.71,0.92,ml,14,152,0.08376,0.21,av,av94211488,2026-05-27T23:53:55.790Z,"83 km NNW of Karluk, Alaska",earthquake,0.5,0.69,0.20586453599925,12,reviewed,av,av
2026-05-27T20:40:49.120Z,36.023333333333,-117.77416666667,2.18,0.81,ml,10,65,0.007459,0.05,ci,ci10241086,2026-05-27T23:22:30.401Z,"15 km NE of Little Lake, CA",earthquake,0.13,0.15,0.30808611966611,10,reviewed,ci,ci
2026-05-27T20:40:34.680Z,36.017166666667,-117.73566666667,3.86,0.6,mh,8,178,0.0253,0.18,ci,ci10241078,2026-05-27T23:31:00.612Z,"18 km ENE of Little Lake, CA",earthquake,0.65,0.86,,0,reviewed,ci,ci
2026-05-27T20:40:28.950Z,36.0245,-117.77733333333,1.87,1.03,ml,21,65,0.009813,0.12,ci,ci41475688,2026-05-27T23:31:04.649Z,"15 km NE of Little Lake, CA",earthquake,0.13,0.14,0.34387912097015,7,reviewed,ci,ci
2026-05-27T20:38:05.210Z,38.828998565674,-122.80300140381,2,1.08,md,18,38,0.007863,0.02,nc,nc75370002,2026-05-27T20:39:43.550Z,"7 km W of Cobb, CA",earthquake,0.24,0.550000012,0.06,18,automatic,nc,nc
2026-05-27T20:34:31.320Z,35.9025,-117.74733333333,8.41,0.22,ml,6,213,0.09415,0.05,ci,ci41475680,2026-05-28T14:32:45.971Z,"15 km ESE of Little Lake, CA",earthquake,0.35,0.8,0.24301347600433,2,reviewed,ci,ci
2026-05-27T20:32:07.704Z,60.335,-143.768,2.4,1.8,ml,14,173,0.1,1,ak,aka2026klghhr,2026-05-27T23:28:56.729Z,"112 km ESE of Cordova, Alaska",earthquake,5.2,4.5381,0.2,9,reviewed,ak,ak
2026-05-27T20:29:09.680Z,35.3155,-117.813,7.73,1.35,ml,36,55,0.05497,0.17,ci,ci41475672,2026-05-28T16:55:20.921Z,"17 km WSW of Johannesburg, CA",earthquake,0.17,0.48,0.14673310881438,16,reviewed,ci,ci
2026-05-27T20:18:26.480Z,35.917333333333,-117.746,9.27,0.97,ml,16,62,0.0664,0.09,ci,ci41475664,2026-05-27T20:24:06.093Z,"15 km E of Little Lake, CA",earthquake,0.16,0.38,0.37287922545492,11,reviewed,ci,ci
2026-05-27T20:18:26.440Z,34.42283333,-97.4645,4.91,2.45,ml,98,41,0,0.44,ok,ok2026kihq,2026-05-27T20:47:03.696Z,"5 km SE of Ratliff City, Oklahoma",earthquake,,0.9,0.25,44,reviewed,ok,ok
2026-05-27T20:17:16.050Z,33.158666666667,-115.61816666667,4.82,1.7,ml,11,114,0.02467,0.15,ci,ci10241062,2026-05-27T20:41:02.334Z,"10 km WNW of Calipatria, CA",earthquake,0.38,0.55,0.32365772477174,5,reviewed,ci,ci
2026-05-27T20:16:56.050Z,33.159166666667,-115.62183333333,5.22,2.04,ml,41,42,0.02391,0.22,ci,ci41475656,2026-05-28T14:46:07.566Z,"11 km WNW of Calipatria, CA",earthquake,0.24,0.44,0.16131426227121,48,reviewed,ci,ci
2026-05-27T20:16:20.380Z,28.711,-98.47,7.5942,1.5,ml,19,75,0,0.1,tx,tx2026kjoiqy,2026-05-27T23:24:26.301Z,"9 km SSE of Christine, Texas",earthquake,0.72430559894037,0.71058583793745,0.1,11,reviewed,tx,tx
2026-05-27T19:59:19.629Z,34.37716667,-96.797,0,1.23,ml,49,124,0.218657092,0.32,ok,ok2026kiha,2026-05-28T15:28:17.089Z,"4 km SE of Mill Creek, Oklahoma",quarry blast,,0.4,0.26,25,reviewed,ok,ok
2026-05-27T19:58:38.430Z,36.025666666667,-117.77133333333,1.83,1.19,ml,22,66,0.004944,0.11,ci,ci41475640,2026-05-28T22:31:03.429Z,"16 km NE of Little Lake, CA",earthquake,0.13,0.15,0.18648156069879,15,reviewed,ci,ci
2026-05-27T19:56:37.073Z,61.648,-149.432,29,2.5,ml,77,32,0.1,0.9,ak,aka2026klfcmz,2026-05-27T23:26:30.201Z,"2 km N of Tanaina, Alaska",earthquake,1.9,1.0369,0.2,52,reviewed,ak,ak
2026-05-27T19:55:54.918Z,31.616,-104.105,6.4075,1.6,ml,24,53,0,0.2,tx,tx2026kjnqze,2026-05-27T20:24:39.577Z,"44 km NW of Toyah, Texas",earthquake,0.56532773339485,0.56561699426852,0.2,18,reviewed,tx,tx
2026-05-27T19:48:46.910Z,36.388668060303,-121.23683166504,3.210000038147,1.77,md,13,62,0.02915,0.16,nc,nc75369997,2026-05-27T22:17:25.406Z,"8 km N of Greenfield, CA",earthquake,0.62,0.589999974,0.25,13,automatic,nc,nc
2026-05-27T19:48:46.527Z,51.1636,-178.5483,35,2.5,ml,24,212,0.424,0.51,us,us7000snyz,2026-05-28T21:20:27.040Z,"154 km WSW of Adak, Alaska",earthquake,3.97,2.005,0.091,16,reviewed,us,us
2026-05-27T19:47:50.473Z,32.448,-102.114,6.2988,0.5,ml,15,113,0,0.1,tx,tx2026kjngjd,2026-05-27T20:51:29.450Z,"35 km SSW of Los Ybanez, Texas",earthquake,1.1469481233256,0.53813030731752,0.1,6,reviewed,tx,tx
2026-05-27T19:47:44.620Z,60.050333333333,-153.05683333333,2.93,-0.58,ml,4,175,0.007816,0.15,av,av94211438,2026-05-27T23:45:25.130Z,"65 km ENE of Pedro Bay, Alaska",earthquake,1.24,1.12,0.41964658712255,4,reviewed,av,av
2026-05-27T19:47:31.530Z,34.1745,-117.92833333333,-0.6,1.19,ml,16,71,0.04472,0.16,ci,ci41475616,2026-05-28T14:55:27.614Z,"5 km NNW of Azusa, CA",quarry blast,0.37,31.61,0.10611494346,7,reviewed,ci,ci
2026-05-27T19:41:42.830Z,38.841167449951,-122.83866882324,1.8500000238419,1.24,md,21,99,0.003578,0.01,nc,nc75369992,2026-05-27T21:27:23.099Z,"10 km NW of The Geysers, CA",earthquake,0.23,0.330000013,0.15,23,automatic,nc,nc
2026-05-27T19:40:25.560Z,19.188833236694,-155.49732971191,26.85000038147,1.82,md,16,195,0.106,0.140000001,hv,hv74970132,2026-05-27T19:44:01.960Z,"2 km SW of Pāhala, Hawaii",earthquake,0.72,0.920000017,0.081341540527975,16,automatic,hv,hv
2026-05-27T19:34:38.510Z,38.792331695557,-122.75616455078,0.21999999880791,0.46,md,7,137,0.008733,0.01,nc,nc75369987,2026-05-27T20:07:22.579Z,"2 km N of The Geysers, CA",earthquake,0.33,0.699999988,0.24,6,automatic,nc,nc
2026-05-27T19:29:22.697Z,62.409,-148.241,43,1.7,ml,23,49,0.4,0.7,ak,aka2026kleewv,2026-05-27T23:21:30.612Z,"69 km N of Chickaloon, Alaska",earthquake,3.5,6.2918,0.2,16,reviewed,ak,ak
2026-05-27T19:26:55.459Z,29.018,-97.923,8.6626,1.3,ml,15,63,0,0.2,tx,tx2026kjmsci,2026-05-28T08:46:41.352Z,"10 km ENE of Falls City, Texas",earthquake,0.87687852401821,2.0272605764101,0.1,7,reviewed,tx,tx
2026-05-27T19:23:21.491Z,61.64,-141.406,11.7,1.8,ml,11,124,0.5,0.6,ak,aka2026kldzrv,2026-05-27T23:17:43.302Z,"83 km ENE of McCarthy, Alaska",earthquake,6.3,3.3913,0.2,6,reviewed,ak,ak
2026-05-27T19:12:44.090Z,35.107166666667,-119.11316666667,10.53,1.63,ml,40,43,0.05411,0.21,ci,ci41475592,2026-05-27T21:17:36.547Z,"25 km NW of Grapevine, CA",earthquake,0.22,0.57,0.17803151063624,17,reviewed,ci,ci
2026-05-27T19:11:15.090Z,35.303,-117.8045,9.17,0.85,ml,13,91,0.04901,0.09,ci,ci41475600,2026-05-28T15:24:35.788Z,"17 km WSW of Johannesburg, CA",earthquake,0.21,0.39,0.17200912708478,6,reviewed,ci,ci
2026-05-27T19:09:53.651Z,-18.0405,-176.563,10,5.3,mww,133,123,4.185,0.5,us,us7000snxg,2026-05-28T20:52:28.040Z,"280 km WNW of Neiafu, Tonga",earthquake,11.49,1.8,0.11,8,reviewed,us,us
2026-05-27T18:53:05.960Z,60.447,-139.516,5,2.5,ml,25,91,0.8,1.8,ak,aka2026klczrc,2026-05-27T23:14:26.395Z,"100 km N of Yakutat, Alaska",earthquake,4.6,0,0.2,19,reviewed,ak,ak
2026-05-27T18:51:26.962Z,54.4334,-161.8746,17.926,2.7,ml,33,221,0.599,0.93,us,us7000snyx,2026-05-28T20:49:32.040Z,"75 km SSE of King Cove, Alaska",earthquake,4.03,10.975,0.097,14,reviewed,us,us
2026-05-27T18:49:38.980Z,35.032666666667,-117.687,-0.82,1.52,ml,32,95,0.09835,0.15,ci,ci41475584,2026-05-28T15:20:54.769Z,"5 km NW of Boron, CA",earthquake,0.37,31.61,0.17475190632122,23,reviewed,ci,ci
2026-05-27T18:26:44.170Z,19.274166107178,-155.40350341797,31.010000228882,1.89,md,25,84,0.03691,0.140000001,hv,hv74970052,2026-05-27T18:32:21.380Z,"11 km NE of Pāhala, Hawaii",earthquake,0.51,0.790000021,0.1065937117235,16,automatic,hv,hv
2026-05-27T18:24:25.040Z,35.316333333333,-117.814,7.77,2.86,ml,64,33,0.05531,0.18,ci,ci41475576,2026-05-27T20:23:44.110Z,"17 km WSW of Johannesburg, CA",earthquake,0.14,0.47,0.20291425996524,138,reviewed,ci,ci
2026-05-27T18:21:27.551Z,31.617,-104.104,6.3947,1.6,ml,16,72,0,0.2,tx,tx2026kjkkrm,2026-05-27T19:48:24.171Z,"44 km NW of Toyah, Texas",earthquake,0.51336488346967,0.58924637375785,0.1,12,reviewed,tx,tx
2026-05-27T18:17:48.660Z,50.6317,-174.0197,10,3,ml,19,290,1.576,0.79,us,us7000snxb,2026-05-27T19:21:16.040Z,"174 km S of Atka, Alaska",earthquake,4.44,2.026,0.097,14,reviewed,us,us
2026-05-27T18:14:34.520Z,57.939,-155.84383333333,9.34,0.51,ml,8,155,0.1833,0.2,av,av94211318,2026-05-27T23:47:55.430Z,"92 km WNW of Karluk, Alaska",earthquake,0.51,0.61,0.23030224153877,8,reviewed,av,av
2026-05-27T18:08:05.540Z,17.917,-66.294666666667,12.63,1.93,md,6,227,0.1251,0.12,pr,pr71517968,2026-05-27T18:18:54.210Z,"6 km S of Salinas, Puerto Rico",earthquake,0.92,0.71,0.17450173746698,6,reviewed,pr,pr
2026-05-27T18:07:39.853Z,31.281,-103.412,6.9458,1.2,ml,12,85,0.1,0.2,tx,tx2026kjjzlh,2026-05-27T20:45:33.855Z,"15 km SE of Lindsay, Texas",earthquake,1.5904378278686,2.8479874428213,0.2,10,reviewed,tx,tx
2026-05-27T18:02:59.822Z,67.74,-135.916,14.9,3.2,ml,39,143,1.1,0.7,ak,aka2026klbiju,2026-05-27T18:52:10.747Z,"114 km SW of Inuvik, Canada",earthquake,5.6,7.6299,0.1,24,reviewed,ak,ak
2026-05-27T18:02:53.991Z,61.532,-146.399,28.2,1.9,ml,24,94,0.2,0.7,ak,aka2026klbhxk,2026-05-27T18:46:50.086Z,"44 km N of Valdez, Alaska",earthquake,3.3,2.0511,0.3,12,reviewed,ak,ak
2026-05-27T17:57:18.840Z,38.80583190918,-122.73533630371,1.1900000572205,0.73,md,9,119,0.02259,0.03,nc,nc75369962,2026-05-27T17:58:52.172Z,"2 km SSW of Cobb, CA",earthquake,0.28,1.09000003,0.04,9,automatic,nc,nc
2026-05-27T17:53:45.253Z,32.5669,-104.6424,6.195,3.4,ml,35,79,0.048,0.39,us,us7000snwv,2026-05-28T18:19:51.824Z,"28 km SSE of Hope, New Mexico",earthquake,2.56,4.232,0.074,54,reviewed,us,us
2026-05-27T17:52:17.130Z,35.904998779297,-121.35283660889,2.9400000572205,1.41,md,6,233,0.02129,0.05,nc,nc75369952,2026-05-27T19:22:19.285Z,"23 km ESE of Lopez Point, CA",earthquake,1.36,1.26999998,0.23,6,automatic,nc,nc
2026-05-27T17:51:26.698Z,61.352,-147.883,1,2.2,ml,38,35,0.2,0.7,ak,aka2026klaxzm,2026-05-27T18:57:10.879Z,"52 km SSW of Glacier View, Alaska",earthquake,2.2,1.94,0.2,28,reviewed,ak,ak
2026-05-27T17:49:13.673Z,60.429,-139.538,3.1,2,ml,12,107,0.8,1,ak,aka2026klawft,2026-05-27T18:44:15.246Z,"98 km N of Yakutat, Alaska",earthquake,5.4,3.6549,0.1,6,reviewed,ak,ak
2026-05-27T17:41:04.240Z,32.451,-102.173,4.1748,1,ml,17,64,0,0.2,tx,tx2026kjjeyf,2026-05-27T18:47:17.586Z,"37 km ENE of McKinney Acres, Texas",earthquake,1.217241916227,1.53341178135,0.2,8,reviewed,tx,tx
2026-05-27T17:36:32.643Z,31.618,-104.103,6.5485,2.6,ml,26,77,0,0.1,tx,tx2026kjjayn,2026-05-27T19:02:18.040Z,"44 km NW of Toyah, Texas",earthquake,0.38638815053915,0.37648851228609,0.2,18,reviewed,tx,tx
2026-05-27T17:28:29.180Z,17.923166666667,-66.288166666667,18.5,2.06,md,5,223,0.1169,0.37,pr,pr71517963,2026-05-27T18:03:08.180Z,"6 km S of Salinas, Puerto Rico",earthquake,2.51,3.19,0.031638018302022,3,reviewed,pr,pr
2026-05-27T17:15:43.986Z,32.01,-103.806,7.7917,1.1,ml,16,65,0,0.2,tx,tx2026kjijab,2026-05-28T09:24:45.933Z,"34 km SE of Malaga, New Mexico",earthquake,0.99807319850445,0.61401946829977,0.2,10,reviewed,tx,tx
2026-05-27T17:10:24.351Z,10.5853,-86.1904,33.932,4.5,mb,91,169,1.252,0.54,us,us7000snwp,2026-05-27T17:54:10.040Z,"49 km NW of Tamarindo, Costa Rica",earthquake,5.38,7.988,0.058,86,reviewed,us,us
2026-05-27T17:06:30.954Z,32.416,-102.13,6.3232,0.7,ml,14,71,0,0.2,tx,tx2026kjiazk,2026-05-27T19:01:37.414Z,"39 km SSW of Los Ybanez, Texas",earthquake,0.83373735885137,0.85033825209681,0.2,11,reviewed,tx,tx
2026-05-27T16:51:51.056Z,32.379,-101.665,6.3721,0.9,ml,14,81,0,0.1,tx,tx2026kjhmmv,2026-05-27T19:05:56.225Z,"17 km SSE of Ackerly, Texas",earthquake,0.6781166476648,0.84864785706379,0.2,11,reviewed,tx,tx
2026-05-27T16:49:31.990Z,35.957833333333,-117.38966666667,2.63,1.16,ml,21,50,0.1091,0.16,ci,ci41475496,2026-05-27T23:48:26.648Z,"21 km N of Searles Valley, CA",earthquake,0.22,0.57,0.15206454069314,11,reviewed,ci,ci
2026-05-27T16:47:10.740Z,35.954333333333,-117.38816666667,2.58,2.57,ml,39,50,0.106,0.16,ci,ci41475480,2026-05-27T17:31:00.304Z,"21 km N of Searles Valley, CA",earthquake,0.15,0.41,0.12301212966001,24,reviewed,ci,ci
2026-05-27T16:44:37.079Z,36.63833333,-95.06083333,0,1.49,ml,59,179,0.4706076507,0.47,ok,ok2026kiap,2026-05-28T15:23:02.284Z,"8 km E of Vinita, Oklahoma",quarry blast,,0.4,0.22,17,reviewed,ok,ok
2026-05-27T16:40:06.278Z,57.477,-154.751,54.3,1.7,ml,20,124,0.2,0.3,ak,aka2026kkyodg,2026-05-27T18:41:17.492Z,"20 km WSW of Karluk, Alaska",earthquake,6.5,4.8923,0.1,13,reviewed,ak,ak
2026-05-27T16:35:47.210Z,35.9015,-95.18216667,0,1.26,ml,55,97,0.3095392578,0.39,ok,ok2026kiah,2026-05-28T15:17:19.902Z,"5 km SW of Hulbert, Oklahoma",quarry blast,,0.4,0.22,15,reviewed,ok,ok
2026-05-27T16:28:39.060Z,60.055166666667,-153.08216666667,2.17,-0.43,ml,4,157,0.009568,0.14,av,av94211188,2026-05-27T23:40:25.770Z,"64 km ENE of Pedro Bay, Alaska",earthquake,1.04,1.2,0.43082708680134,4,reviewed,av,av
2026-05-27T16:24:28.850Z,38.84366607666,-122.81916809082,17.430000305176,1.05,md,7,219,0.01372,0.06,nc,nc75369917,2026-05-27T16:26:07.605Z,"9 km WNW of Cobb, CA",earthquake,4.27,9.01000023,0.25,9,automatic,nc,nc
2026-05-27T15:49:33.500Z,33.530333333333,-116.721,5.94,0.77,ml,25,28,0.03751,0.14,ci,ci41475464,2026-05-31T03:49:05.278Z,"5 km WSW of Anza, CA",earthquake,0.16,0.42,0.09883194430043,15,reviewed,ci,ci
2026-05-27T15:49:30.300Z,31.584,-104.18,6.8304,1.9,ml,42,68,0,0.2,tx,tx2026kjfmhr,2026-05-27T16:23:06.675Z,"47 km NW of Toyah, Texas",earthquake,0.46608972171421,0.54041535194573,0.1,31,reviewed,tx,tx
2026-05-27T15:48:51.220Z,19.194000244141,-155.37133789062,29.979999542236,1.78,md,27,176,0.04984,0.129999995,hv,hv74969962,2026-05-27T15:52:27.220Z,"11 km E of Pāhala, Hawaii",earthquake,0.59,0.589999974,0.1098562460812,16,automatic,hv,hv
2026-05-27T15:38:27.876Z,31.617,-104.102,6.1127,1.6,ml,22,68,0,0.1,tx,tx2026kjfdfc,2026-05-27T16:22:37.115Z,"44 km NW of Toyah, Texas",earthquake,0.45128931221064,0.40502305833444,0.2,16,reviewed,tx,tx
2026-05-27T15:38:02.710Z,17.975166666667,-66.945,11.01,2.21,md,8,177,0.06075,0.13,pr,pr71517958,2026-05-27T15:58:42.560Z,"3 km WSW of Fuig, Puerto Rico",earthquake,0.58,0.58,0.052040612552376,4,reviewed,pr,pr
2026-05-27T15:37:51.340Z,38.823833465576,-122.79316711426,2.7000000476837,0.71,md,12,61,0.01321,0.01,nc,nc75369887,2026-05-27T16:07:21.034Z,"6 km W of Cobb, CA",earthquake,0.37,0.730000019,0.12,13,automatic,nc,nc
2026-05-27T15:28:23.268Z,32.099,-101.472,9.2041,0.9,ml,16,59,0.1,0.1,tx,tx2026kjeunc,2026-05-28T15:10:33.747Z,"10 km W of Forsan, Texas",earthquake,0.6239312416254,0.95441085232776,0.2,12,reviewed,tx,tx
2026-05-27T15:24:00.620Z,38.794334411621,-122.7311630249,1.0099999904633,0.96,md,8,98,0.0119,0.04,nc,nc75369882,2026-05-27T15:52:23.942Z,"3 km NE of The Geysers, CA",earthquake,0.46,0.74000001,0.2,9,automatic,nc,nc
2026-05-27T15:17:08.820Z,35.3,-117.811,7.69,2.35,ml,56,35,0.04322,0.18,ci,ci41475440,2026-05-27T15:47:40.832Z,"18 km WSW of Johannesburg, CA",earthquake,0.16,0.46,0.1637238238622,91,reviewed,ci,ci
2026-05-27T15:08:21.120Z,19.3895,-155.43883333333,7.44,1.91,ml,45,45,0.02454,0.15,hv,hv74969942,2026-05-27T17:50:46.100Z,"21 km NNE of Pāhala, Hawaii",earthquake,0.28,0.49,0.40216699965135,17,reviewed,hv,hv
2026-05-27T15:04:19.850Z,19.383,-155.43983333333,8.14,1.95,ml,44,40,0.0197,0.14,hv,hv74969937,2026-05-27T18:07:18.400Z,"20 km NNE of Pāhala, Hawaii",earthquake,0.24,0.36,0.19216108847324,26,reviewed,hv,hv
2026-05-27T15:03:43.600Z,19.363333333333,-155.492,7.37,1.53,ml,33,57,0.03396,0.14,hv,hv74969932,2026-05-27T19:23:36.810Z,"17 km N of Pāhala, Hawaii",earthquake,0.28,0.66,0.16796316646168,4,reviewed,hv,hv
2026-05-27T15:01:11.567Z,-50.5213,139.3037,10,6,mww,46,68,9.39,0.66,us,us7000snvt,2026-05-28T15:28:36.566Z,"western Indian-Antarctic Ridge",earthquake,10.79,1.878,0.06,27,reviewed,us,us
2026-05-27T14:54:42.329Z,31.618,-104.107,6.5228,1.8,ml,29,76,0,0.1,tx,tx2026kjdrmo,2026-05-27T16:25:36.637Z,"44 km NW of Toyah, Texas",earthquake,0.41309128417175,0.40185560103865,0.2,19,reviewed,tx,tx
2026-05-27T14:54:37.871Z,60.018,-151.534,60.6,1.9,ml,29,73,0.4,0.5,ak,aka2026kkvarj,2026-05-27T18:40:28.611Z,"8 km ESE of Ninilchik, Alaska",earthquake,4,5.0807,0.2,19,reviewed,ak,ak
2026-05-27T14:51:28.450Z,19.4995,-155.46466666667,3.43,1.89,ml,16,80,0.03114,0.13,hv,hv74969922,2026-05-27T18:38:00.220Z,"25 km WNW of Volcano, Hawaii",earthquake,0.3,0.91,0.34992030949145,8,reviewed,hv,hv
2026-05-27T14:51:04.419Z,-50.5174,139.3678,10,6,mww,37,96,9.361,0.76,us,us7000snvr,2026-05-28T15:14:24.147Z,"western Indian-Antarctic Ridge",earthquake,11.62,1.927,0.054,33,reviewed,us,us
2026-05-27T14:44:41.340Z,37.855335235596,-121.98816680908,8.710000038147,1.28,md,15,89,0.004977,0.08,nc,nc75369872,2026-05-27T16:42:22.239Z,"3 km NW of Diablo, CA",earthquake,0.31,0.620000005,0.22,12,automatic,nc,nc
2026-05-27T14:42:20.120Z,39.181667327881,-123.07749938965,5.3699998855591,1.21,md,7,78,0.05163,0.03,nc,nc75369867,2026-05-27T16:17:27.093Z,"9 km NE of Talmage, CA",earthquake,0.37,1.13999999,0.23,5,automatic,nc,nc
2026-05-27T14:41:58.090Z,38.826667785645,-122.81449890137,2.0999999046326,1.08,md,24,40,0.004757,0.02,nc,nc75369862,2026-05-27T15:17:26.720Z,"7 km NW of The Geysers, CA",earthquake,0.19,0.330000013,0.15,26,automatic,nc,nc
2026-05-27T14:31:12.490Z,38.805000305176,-122.81216430664,2.9000000953674,0.79,md,13,61,0.0135,0.02,nc,nc75369847,2026-05-27T14:52:23.569Z,"6 km WNW of The Geysers, CA",earthquake,0.33,0.670000017,0.14,14,automatic,nc,nc
2026-05-27T14:27:17.170Z,38.805168151855,-122.81216430664,2.6500000953674,1.06,md,22,61,0.01347,0.02,nc,nc75369842,2026-05-27T14:42:21.507Z,"6 km WNW of The Geysers, CA",earthquake,0.26,0.449999988,0.06,22,automatic,nc,nc
2026-05-27T14:26:30.630Z,56.080666666667,-159.75383333333,7.3,1.1,ml,4,303,0.2218,0.05,av,av94211093,2026-05-27T23:20:53.730Z,"26 km NW of Ivanof Bay, Alaska",earthquake,1.56,1.56,0.18439967066909,4,reviewed,av,av
2026-05-27T14:16:12.170Z,36.2305,-118.32766666667,6.88,1.43,ml,23,94,0.07914,0.15,ci,ci41475424,2026-05-27T15:52:12.870Z,"29 km W of Olancha, CA",earthquake,0.25,0.72,0.15042844560831,17,reviewed,ci,ci
2026-05-27T13:53:19.054Z,31.619,-104.103,6.9843,1.9,ml,41,52,0,0.2,tx,tx2026kjbqnt,2026-05-27T14:14:49.328Z,"44 km NW of Toyah, Texas",earthquake,0.49333530019829,0.46328010418072,0.2,20,reviewed,tx,tx
2026-05-27T13:50:27.950Z,38.82799911499,-122.82233428955,1.7200000286102,1.21,md,23,43,0.01105,0.01,nc,nc75369832,2026-05-27T15:37:22.848Z,"8 km NW of The Geysers, CA",earthquake,0.18,0.389999986,0.14,23,automatic,nc,nc
2026-05-27T13:42:17.300Z,57.833833333333,-155.16316666667,10.04,0.83,ml,20,227,0.2315,0.26,av,av94211033,2026-05-27T23:16:24.330Z,"51 km NW of Karluk, Alaska",earthquake,0.68,1.05,0.23862160886303,19,reviewed,av,av
2026-05-27T13:14:58.430Z,33.515166666667,-116.51833333333,12.87,1.51,ml,71,28,0.07299,0.19,ci,ci41475408,2026-05-27T13:39:15.630Z,"15 km ESE of Anza, CA",earthquake,0.15,0.36,0.14932844468961,26,reviewed,ci,ci
2026-05-27T13:13:08.707Z,59.152,-153.469,94.5,1.5,ml,18,115,0.2,0.3,ak,aka2026kkrqrq,2026-05-27T18:39:30.991Z,"73 km SE of Pope-Vannoy Landing, Alaska",earthquake,6.8,5.4751,0.3,12,reviewed,ak,ak
2026-05-27T13:11:35.560Z,61.21,-147.73,0,1.6,ml,12,91,0.2,1.1,ak,aka2026kkrpij,2026-05-27T18:37:37.626Z,"66 km S of Glacier View, Alaska",ice quake,3.5,0,0.2,10,reviewed,ak,ak
2026-05-27T13:03:29.620Z,38.836666107178,-122.79066467285,2.0699999332428,0.7,md,9,95,0.001758,0.01,nc,nc75369827,2026-05-27T13:05:07.972Z,"6 km WNW of Cobb, CA",earthquake,0.44,0.560000002,0.46,12,automatic,nc,nc
2026-05-27T13:01:01.720Z,37.731834411621,-122.1309967041,-0.30000001192093,1.56,md,30,56,0.01203,0.32,nc,nc75369822,2026-05-27T15:12:23.691Z,"2 km ENE of San Leandro, CA",earthquake,0.45,1.32000005,0.14,18,automatic,nc,nc
2026-05-27T12:59:48.830Z,37.748664855957,-122.1044998169,10.949999809265,1.28,md,9,121,0.02713,0.06,nc,nc75369817,2026-05-27T14:47:28.535Z,"5 km ENE of San Leandro, CA",earthquake,0.59,0.790000021,0.17,6,automatic,nc,nc
2026-05-27T12:58:04.350Z,19.339666666667,-155.1105,1.55,1.8,ml,28,128,0.05633,0.14,hv,hv74969852,2026-05-27T19:37:39.080Z,"14 km S of Fern Forest, Hawaii",earthquake,0.24,0.41,0.27297297373182,12,reviewed,hv,hv
2026-05-27T12:56:34.981Z,62.212,-149.9,19.2,1.6,ml,14,62,0.3,0.6,ak,aka2026kkrcig,2026-05-27T18:35:55.902Z,"6 km NNW of Susitna North, Alaska",earthquake,3.3,3.1237,0.2,10,reviewed,ak,ak
2026-05-27T12:43:11.771Z,59.924,-152.549,85.8,2.7,ml,104,75,0.3,0.6,ak,aka2026kkqqsb,2026-05-27T18:34:45.156Z,"43 km WNW of Anchor Point, Alaska",earthquake,2.8,1.7539,0.3,74,reviewed,ak,ak
2026-05-27T12:43:07.860Z,39.4058,-99.5325,9.9,2.5,mb_lg,20,51,1.172,0.67,us,us7000snvf,2026-05-29T17:12:46.651Z,"10 km NNE of Damar, Kansas",earthquake,2.52,7.419,0.098,27,reviewed,us,us
2026-05-27T12:34:37.834Z,54.4801,-160.2397,35,3.1,ml,67,198,1.155,0.53,us,us7000snx3,2026-05-28T09:48:26.040Z,"96 km S of Sand Point, Alaska",earthquake,4.85,2.012,0.066,30,reviewed,us,us
2026-05-27T12:33:17.653Z,61.416,-144.685,16.6,1.6,ml,19,65,0.2,0.6,ak,aka2026kkqidj,2026-05-27T18:32:58.049Z,"17 km SW of Chitina, Alaska",earthquake,3.8,1.981,0.2,12,reviewed,ak,ak
2026-05-27T12:23:38.505Z,-21.2807,-68.6182,120.567,4.5,mb,23,83,0.775,0.57,us,us7000snvc,2026-05-28T10:59:38.040Z,"38 km W of Ollagüe, Chile",earthquake,6.06,6.858,0.14,15,reviewed,us,us
2026-05-27T12:20:52.300Z,19.338666666667,-155.11233333333,2.63,2.15,ml,45,126,0.05486,0.17,hv,hv74969842,2026-05-27T18:37:56.230Z,"14 km S of Fern Forest, Hawaii",earthquake,0.37,0.73,0.29739964984948,20,reviewed,hv,hv
2026-05-27T12:16:45.320Z,38.76900100708,-122.73266601562,2,0.78,md,7,103,0.009589,0.01,nc,nc75369807,2026-05-27T12:47:23.754Z,"2 km ESE of The Geysers, CA",earthquake,0.51,1.41999996,0.13,9,automatic,nc,nc
2026-05-27T12:13:14.930Z,38.835666656494,-122.79016876221,2.0499999523163,1.69,md,33,45,0.002742,0.03,nc,nc75369802,2026-05-27T13:52:23.179Z,"6 km WNW of Cobb, CA",earthquake,0.21,0.300000012,0.14,33,automatic,nc,nc
2026-05-27T11:57:16.471Z,61.01,-150.788,42.9,1.6,ml,15,70,0.3,0.6,ak,aka2026kkpcwv,2026-05-27T18:30:59.410Z,"11 km NNW of Point Possession, Alaska",earthquake,4.5,7.036,0.2,10,reviewed,ak,ak
2026-05-27T11:49:28.286Z,31.3751,140.6955,65.253,4.6,mb,36,103,5.012,0.53,us,us7000snv8,2026-05-28T09:34:46.040Z,"Izu Islands, Japan region",earthquake,11.18,7.77,0.096,32,reviewed,us,us
2026-05-27T11:45:03.070Z,46.400666666667,-112.0505,2.45,1.4,ml,14,79,0.1409,0.16,mb,mb90141938,2026-05-29T19:43:21.330Z,"2 km NW of Jefferson City, Montana",earthquake,0.32,0.73,0.22979339212608,13,reviewed,mb,mb
2026-05-27T11:37:28.961Z,61.924,-147.849,35.1,1.8,ml,31,38,0.1,1,ak,aka2026kkolsh,2026-05-27T18:29:59.488Z,"16 km NW of Glacier View, Alaska",earthquake,2.8,2.1686,0.3,20,reviewed,ak,ak
2026-05-27T11:34:53.920Z,39.004833333333,-111.4055,-1.4,1.21,md,6,130,0.03704,0.06,uu,uu80141166,2026-05-27T13:41:03.620Z,"16 km WNW of Emery, Utah",earthquake,0.82,0.41,0.3881255471175,6,reviewed,uu,uu
2026-05-27T11:26:53.210Z,36.025333333333,-117.77083333333,2,0.76,ml,14,51,0.00452,0.08,ci,ci41475392,2026-05-27T13:39:06.168Z,"16 km NE of Little Lake, CA",earthquake,0.14,0.15,0.24306842917068,10,reviewed,ci,ci
2026-05-27T11:26:41.380Z,37.227165222168,-119.62400054932,22.590000152588,2.1,md,7,101,0.1803,0.04,nc,nc75369797,2026-05-27T13:27:20.026Z,"8 km ESE of Coarsegold, CA",earthquake,0.78,0.560000002,0.07,5,automatic,nc,nc
2026-05-27T11:25:11.680Z,60.484666666667,-152.67283333333,-2.99,-0.92,ml,5,249,0.01127,0.31,av,av94210903,2026-05-27T23:09:52.970Z,"73 km NW of Ninilchik, Alaska",earthquake,2.57,1.64,0.06899825727583,4,reviewed,av,av
2026-05-27T11:23:06.680Z,36.0265,-117.7785,2.4,0.5,ml,13,116,0.01081,0.1,ci,ci10241014,2026-05-27T14:48:49.764Z,"15 km NE of Little Lake, CA",earthquake,0.17,0.15,0.15122553302603,6,reviewed,ci,ci
2026-05-27T11:22:32.160Z,35.329333333333,-117.81416666667,4.95,0.61,ml,8,164,0.06698,0.18,ci,ci10240998,2026-05-27T14:39:01.618Z,"17 km WSW of Johannesburg, CA",earthquake,0.8,0.57,0.12592205114804,3,reviewed,ci,ci
2026-05-27T11:22:21.900Z,36.026166666667,-117.76983333333,2.41,0.62,ml,8,142,0.003828,0.07,ci,ci10240990,2026-05-27T14:56:59.361Z,"16 km NE of Little Lake, CA",earthquake,0.33,0.18,0.088100336739642,4,reviewed,ci,ci
2026-05-27T11:22:13.460Z,36.025833333333,-117.77816666667,2.22,0.79,ml,16,65,0.01048,0.12,ci,ci41475384,2026-05-27T14:53:46.421Z,"15 km NE of Little Lake, CA",earthquake,0.14,0.15,0.10062103593063,6,reviewed,ci,ci
2026-05-27T11:14:06.894Z,-17.7903,-71.1743,63.036,4.4,mb,47,141,0.98,0.6,us,us7000snv3,2026-05-27T14:26:31.040Z,"21 km SSE of El Algarrobal, Peru",earthquake,7.6,9.738,0.092,34,reviewed,us,us
2026-05-27T11:13:08.290Z,33.416166666667,-116.36766666667,12.22,0.58,ml,22,92,0.07238,0.2,ci,ci41475376,2026-05-31T01:14:22.971Z,"18 km N of Borrego Springs, CA",earthquake,0.36,0.91,0.062952782412109,7,reviewed,ci,ci
2026-05-27T11:12:46.050Z,33.445166666667,-116.67183333333,12.9,0.2,ml,16,65,0.07634,0.1,ci,ci10241270,2026-05-31T01:18:49.997Z,"12 km S of Anza, CA",earthquake,0.23,0.51,0.11785649326883,9,reviewed,ci,ci
2026-05-27T11:10:13.610Z,36.020333333333,-117.77433333333,1.49,1,ml,22,40,0.00882,0.15,ci,ci41475368,2026-05-27T13:39:18.948Z,"15 km NE of Little Lake, CA",earthquake,0.16,0.18,0.1511243379942,15,reviewed,ci,ci
2026-05-27T11:03:26.030Z,36.0235,-117.77366666667,1.57,1.94,ml,35,32,0.007025,0.17,ci,ci41475360,2026-05-27T15:12:20.570Z,"15 km NE of Little Lake, CA",earthquake,0.14,0.13,0.19629805163135,21,reviewed,ci,ci
2026-05-27T11:02:03.050Z,36.026166666667,-117.77783333333,1.58,2.87,ml,43,33,0.01024,0.16,ci,ci41475352,2026-05-28T09:08:43.040Z,"15 km NE of Little Lake, CA",earthquake,0.14,0.16,0.15515953674226,91,reviewed,ci,ci
2026-05-27T10:55:38.130Z,41.861666666667,-111.497,10.24,1.13,md,11,120,0.2093,0.15,uu,uu80141161,2026-05-27T13:12:49.350Z,"9 km WSW of Garden, Utah",earthquake,0.92,0.73,0.13504864095441,10,reviewed,uu,uu
2026-05-27T10:46:14.562Z,60.553,-141.674,35.9,1.4,ml,8,266,0.2,0.9,ak,aka2026kkmtib,2026-05-27T18:28:18.937Z,"119 km SE of McCarthy, Alaska",earthquake,51.9,11.9307,0.3,6,automatic,ak,ak
2026-05-27T10:43:36.120Z,37.444667816162,-118.66600036621,10.569999694824,1.89,md,11,159,0.1892,0.06,nc,nc75369772,2026-05-27T19:41:08.476Z,"7 km WNW of Round Valley, CA",earthquake,0.55,3.08999991,0.14,10,automatic,nc,nc
2026-05-27T10:37:10.460Z,58.2695,-155.54266666667,4.21,0.09,ml,12,84,0.07514,0.08,av,av94210828,2026-05-27T23:07:52.720Z,"80 km SE of King Salmon, Alaska",earthquake,0.23,0.58,0.15123621177073,14,reviewed,av,av
2026-05-27T10:36:06.820Z,19.439832687378,-155.48516845703,8.9799995422363,1.73,md,22,55,0.039,0.180000007,hv,hv74969827,2026-05-27T10:40:00.640Z,"26 km N of Pāhala, Hawaii",earthquake,0.44,0.75,0.12373086943939,10,automatic,hv,hv
2026-05-27T10:34:50.185Z,15.8927,-96.4719,35,4.2,mb,85,202,2.605,0.5,us,us7000snv2,2026-05-27T15:01:01.040Z,"4 km SSE of Candelaria Loxicha, Mexico",earthquake,11.62,2,0.05,112,reviewed,us,us
2026-05-27T10:31:56.990Z,33.989,-116.675,9.99,1.2,ml,55,29,0.05426,0.16,ci,ci41475336,2026-05-27T10:42:35.670Z,"11 km SW of Morongo Valley, CA",earthquake,0.14,0.35,0.2074286784723,29,automatic,ci,ci
2026-05-27T10:29:24.985Z,50.4018,-176.202,10,2.9,ml,21,256,1.468,0.45,us,us7000snx1,2026-05-28T09:21:50.040Z,"166 km S of Adak, Alaska",earthquake,5.06,2.016,0.091,16,reviewed,us,us
2026-05-27T10:23:43.177Z,61.415,-149.833,52.8,2.2,ml,53,44,0.2,0.7,ak,aka2026kklzuc,2026-05-27T18:26:04.609Z,"7 km SW of Knik, Alaska",earthquake,2.7,2.1123,0.2,38,reviewed,ak,ak
2026-05-27T10:13:07.510Z,37.44966506958,-118.6686630249,4.9299998283386,2.9,ml,36,59,,0.08,nc,nc75369767,2026-05-28T09:16:24.040Z,"7 km WNW of Round Valley, CA",earthquake,0.23,2.98000002,0.284,26,automatic,nc,nc
2026-05-27T10:00:53.220Z,38.788833618164,-122.74866485596,0.5799999833107,1.06,md,11,84,0.0146,0.04,nc,nc75369762,2026-05-27T10:17:24.811Z,"1 km NNE of The Geysers, CA",earthquake,0.26,0.629999995,0.33,11,automatic,nc,nc
2026-05-27T09:58:48.940Z,60.024,-153.0145,1.19,-0.88,ml,4,231,0.007983,0.11,av,av94210758,2026-05-27T22:59:22.060Z,"66 km ENE of Pedro Bay, Alaska",earthquake,1.12,0.26,0.19872837776498,4,reviewed,av,av
2026-05-27T09:55:21.867Z,62.204,-149.262,22.3,2.2,ml,36,57,0.5,1,ak,aka2026kklbef,2026-05-27T19:01:50.046Z,"31 km E of Susitna North, Alaska",earthquake,2.6,2.2779,0.2,27,reviewed,ak,ak
2026-05-27T09:52:14.665Z,60.121,-140.876,3.7,2.9,ml,49,119,0.7,0.9,ak,aka2026kkkyoe,2026-05-28T08:44:06.040Z,"90 km NW of Yakutat, Alaska",earthquake,4.3,2.1918,0.3,37,reviewed,ak,ak
2026-05-27T09:34:15.410Z,33.660666666667,-116.74816666667,13.29,0.21,ml,10,94,0.06257,0.14,ci,ci10241182,2026-05-28T23:18:08.772Z,"9 km SSW of Idyllwild, CA",earthquake,0.4,0.93,0.30415118197903,6,reviewed,ci,ci
2026-05-27T09:33:58.020Z,33.6575,-116.74733333333,12.37,0.57,ml,26,55,0.06238,0.17,ci,ci41475320,2026-05-28T23:13:50.524Z,"10 km SSW of Idyllwild, CA",earthquake,0.24,0.54,0.22261487005962,15,reviewed,ci,ci
2026-05-27T09:33:34.993Z,-6.035,147.767,75.852,4.8,mb,54,50,3.401,0.59,us,us7000snup,2026-05-27T09:52:50.040Z,"58 km N of Finschhafen, Papua New Guinea",earthquake,7.08,5.245,0.086,42,reviewed,us,us
2026-05-27T09:30:21.373Z,31.546,-104.138,7.8687,1.6,ml,21,69,0,0.1,tx,tx2026kisxtz,2026-05-27T10:14:25.357Z,"41 km NW of Toyah, Texas",earthquake,0.63420434112533,0.48125470486149,0.1,11,reviewed,tx,tx
2026-05-27T09:28:27.160Z,38.4536,-116.4946,6.3591,2.13,ml,13,153,0.225,0.1862,nn,nn00919254,2026-05-27T19:25:43.299Z,"77 km ENE of Tonopah, Nevada",earthquake,,1.9365,0.37,6,reviewed,nn,nn
2026-05-27T09:27:34.640Z,18.001666666667,-66.948833333333,8.79,2.63,md,9,169,0.09628,0.18,pr,pr71517943,2026-05-27T10:12:08.690Z,"3 km WNW of Fuig, Puerto Rico",earthquake,0.55,1.65,0.10351110579313,7,reviewed,pr,pr
2026-05-27T09:26:11.850Z,46.894833333333,-112.51866666667,9.42,1.37,ml,10,121,0.05532,0.07,mb,mb90141933,2026-05-29T19:37:25.110Z,"14 km ESE of Lincoln, Montana",earthquake,0.56,0.46,0.18135676634978,13,reviewed,mb,mb
2026-05-27T09:23:57.150Z,40.267833709717,-124.48332977295,21.620000839233,2.75,md,7,294,0.1096,0.05,nc,nc75369752,2026-05-27T12:12:22.519Z,"18 km WSW of Petrolia, CA",earthquake,2.2,0.720000029,0.01,4,automatic,nc,nc
2026-05-27T09:17:38.480Z,33.9735,-117.14683333333,15.1,1.21,ml,72,26,0.03382,0.18,ci,ci41475312,2026-05-28T18:43:27.540Z,"9 km W of Calimesa, CA",earthquake,0.14,0.27,0.19396296014802,36,reviewed,ci,ci
2026-05-27T09:03:41.450Z,38.594833374023,-122.68516540527,7.289999961853,1.68,md,17,67,0.01921,0.07,nc,nc75369747,2026-05-27T11:57:21.428Z,"9 km W of Calistoga, CA",earthquake,0.28,0.540000021,0.05,17,automatic,nc,nc
2026-05-27T08:54:17.380Z,38.789665222168,-122.79100036621,8.829999923706,0.31,md,8,130,0.009527,0.06,nc,nc75369742,2026-05-27T09:37:20.564Z,"3 km WNW of The Geysers, CA",earthquake,1.03,3.11999989,0.11,8,automatic,nc,nc
2026-05-27T08:52:55.740Z,35.679333333333,-117.50633333333,8.47,1.15,ml,33,41,0.06875,0.13,ci,ci41475304,2026-05-31T23:46:36.454Z,"13 km SW of Searles Valley, CA",earthquake,0.15,0.46,0.17031886871661,11,reviewed,ci,ci
2026-05-27T08:42:05.140Z,38.794166564941,-122.80117034912,2.9500000476837,1.17,md,24,55,0.006018,0.02,nc,nc75369732,2026-05-27T11:32:22.280Z,"4 km WNW of The Geysers, CA",earthquake,0.25,0.49000001,0.2,23,automatic,nc,nc
2026-05-27T08:41:59.390Z,38.794166564941,-122.80183410644,3.1600000858307,1.64,md,18,57,0.005911,0.02,nc,nc75369727,2026-05-27T11:07:23.112Z,"4 km WNW of The Geysers, CA",earthquake,0.3,0.699999988,0.31,13,automatic,nc,nc
2026-05-27T08:41:27.870Z,38.792999267578,-122.80149841309,2.8800001144409,1.65,md,36,41,0.004825,0.03,nc,nc75369722,2026-05-27T10:37:20.928Z,"4 km WNW of The Geysers, CA",earthquake,0.22,0.330000013,0.14,35,automatic,nc,nc
2026-05-27T08:30:03.626Z,31.947,-102.076,6.1768,0.7,ml,11,76,0,0.1,tx,tx2026kiqvav,2026-05-27T16:11:40.065Z,"5 km S of Midland, Texas",earthquake,1.1207575804753,1.6232370167171,0.2,7,reviewed,tx,tx
2026-05-27T08:23:04.690Z,37.835998535156,-122.06083679199,11.920000076294,2.21,md,42,43,0.01957,0.05,nc,nc75369717,2026-05-28T02:04:12.114Z,"3 km WSW of Alamo, CA",earthquake,0.17,0.319999993,0.11,40,automatic,nc,nc
2026-05-27T08:20:25.726Z,64.977,-149.054,10,1.1,ml,14,94,0.2,1.1,ak,aka2026kkhwws,2026-05-27T18:15:25.186Z,"23 km SE of Minto, Alaska",earthquake,4.6,0,0.3,9,reviewed,ak,ak
2026-05-27T08:12:05.000Z,38.59349822998,-122.69333648682,7.039999961853,1.48,md,20,63,0.01438,0.1,nc,nc75369702,2026-05-27T09:57:20.691Z,"10 km W of Calistoga, CA",earthquake,0.53,0.74000001,0.06,17,automatic,nc,nc
2026-05-27T08:09:26.650Z,38.79349899292,-122.63616943359,19.040000915527,0.96,md,6,212,0.04188,0.1,nc,nc75369697,2026-05-27T09:32:21.531Z,"5 km NNW of Middletown, CA",earthquake,4.84,8.5,0.05,5,automatic,nc,nc
2026-05-27T08:04:47.646Z,67.253,-153.684,10,2.8,ml,47,59,1.1,1,ak,aka2026kkhjok,2026-05-27T18:12:28.368Z,"88 km NNW of Alatna, Alaska",earthquake,3.2,0,0.1,32,reviewed,ak,ak
2026-05-27T08:01:47.630Z,38.828498840332,-122.82250213623,1.6599999666214,0.75,md,7,78,0.01096,0.01,nc,nc75369692,2026-05-27T09:07:23.382Z,"8 km NW of The Geysers, CA",earthquake,0.67,1.01999998,0.26,8,automatic,nc,nc
2026-05-27T07:50:54.940Z,38.821998596191,-122.79550170898,4.5,0.52,md,9,150,0.01147,0.04,nc,nc75369687,2026-05-27T08:42:24.211Z,"6 km NW of The Geysers, CA",earthquake,0.63,2.08999991,0.2,9,automatic,nc,nc
2026-05-27T07:39:50.426Z,64.493,-146.905,8.7,1.4,ml,13,57,0.1,0.4,ak,aka2026kkgnru,2026-05-27T18:08:42.635Z,"3 km S of Salcha, Alaska",earthquake,3.7,3.2122,0.1,11,reviewed,ak,ak
2026-05-27T07:38:53.830Z,41.5783,143.6801,38.472,4.6,mb,49,135,0.586,1,us,us7000snud,2026-05-27T08:39:07.040Z,"84 km SSE of Hiroo, Japan",earthquake,7.92,7.818,0.067,66,reviewed,us,us
2026-05-27T07:31:53.840Z,47.650833333333,-120.16783333333,3.04,0.78,ml,10,82,0.042,0.09,uw,uw62251337,2026-05-29T18:24:42.040Z,"4 km SE of Entiat, Washington",earthquake,0.25,0.62,0.28905993641579,6,reviewed,uw,uw
2026-05-27T07:29:12.820Z,38.826000213623,-122.80750274658,1.6000000238419,1.07,md,18,75,0.003287,0.02,nc,nc75369682,2026-05-27T07:47:21.838Z,"7 km NW of The Geysers, CA",earthquake,0.22,0.49000001,0.16,19,automatic,nc,nc
2026-05-27T07:22:12.500Z,61.218333333333,-152.057,14.15,-0.57,ml,8,167,0.03737,0.06,av,av94210633,2026-05-27T23:03:52.380Z,"52 km WNW of Tyonek, Alaska",earthquake,0.41,0.47,0.10158851657365,8,reviewed,av,av
2026-05-27T07:17:37.594Z,38.1593,-117.8413,7.5398,2.64,ml,17,80,0.306,0.1159,nn,nn00919249,2026-05-27T18:20:36.003Z,"34 km SE of Mina, Nevada",earthquake,,2.0758,0.32,8,reviewed,nn,nn
2026-05-27T06:46:30.350Z,33.5365,-116.70966666667,6.04,0.49,ml,28,37,0.03692,0.15,ci,ci41475296,2026-05-28T22:43:26.554Z,"4 km WSW of Anza, CA",earthquake,0.17,0.37,0.1847492198123,16,reviewed,ci,ci
2026-05-27T06:41:01.481Z,32.213,-102.012,6.7139,0.6,ml,22,56,0,0.2,tx,tx2026kinhzq,2026-05-27T13:10:39.804Z,"23 km WNW of Stanton, Texas",earthquake,0.57309493480479,0.78790486863039,0.2,18,reviewed,tx,tx
2026-05-27T06:38:38.206Z,63.2,-150.56,118.9,2.1,ml,41,63,0.7,0.7,ak,aka2026kkempv,2026-05-27T06:52:58.016Z,"69 km ESE of Denali National Park, Alaska",earthquake,3.1,2.9693,0.2,27,reviewed,ak,ak
2026-05-27T06:31:01.255Z,31.623,-104.107,6.3049,1.6,ml,44,55,0,0.2,tx,tx2026kimzkq,2026-05-27T09:18:58.257Z,"45 km NW of Toyah, Texas",earthquake,0.50006496249932,0.45799168732717,0.2,19,reviewed,tx,tx
2026-05-27T06:24:16.451Z,0.4707,125.8106,19.144,5.1,mb,59,64,6.428,1.14,us,us7000sntr,2026-05-27T06:42:21.040Z,"131 km SE of Bitung, Indonesia",earthquake,8.93,4.74,0.069,68,reviewed,us,us
2026-05-27T06:15:37.659Z,34.43,-97.476,5.02,1.11,ml,46,75,0.06658693337,0.39,ok,ok2026khfv,2026-05-28T14:50:23.714Z,"3 km SE of Ratliff City, Oklahoma",earthquake,,1.2,0.26,25,reviewed,ok,ok
2026-05-27T06:13:09.563Z,51.2318,159.3329,10,4.7,mb,26,122,2.132,0.89,us,us7000sntm,2026-05-27T07:21:56.040Z,"199 km E of Ozernovskiy, Russia",earthquake,10.42,1.904,0.108,26,reviewed,us,us
2026-05-27T06:09:14.809Z,57.857,-154.032,10.6,1.9,ml,26,53,0.4,0.5,ak,aka2026kkdndl,2026-05-27T06:50:15.863Z,"35 km N of Larsen Bay, Alaska",earthquake,2.9,2.4316,0.1,21,reviewed,ak,ak
2026-05-27T05:58:22.210Z,35.811,-117.64966666667,7.4,0.95,ml,21,73,0.04266,0.11,ci,ci41475288,2026-05-27T13:40:21.923Z,"21 km N of Ridgecrest, CA",earthquake,0.16,0.41,0.16950095404118,13,reviewed,ci,ci
2026-05-27T05:57:11.165Z,50.8905,178.7464,14.318,4.6,mb,84,187,0.601,1.37,us,us7000sntj,2026-05-27T06:46:32.758Z,"Rat Islands, Aleutian Islands, Alaska",earthquake,5.59,4.914,0.043,160,reviewed,us,us
2026-05-27T05:52:00.405Z,32.5412,-104.5978,9.366,3.1,ml,42,78,0.094,0.74,us,us7000sntg,2026-05-27T06:06:54.040Z,"32 km SW of Atoka, New Mexico",earthquake,3.16,7.503,0.085,18,reviewed,us,us
2026-05-27T05:50:24.370Z,37.171666666667,-113.40516666667,7.6,1.51,ml,13,104,0.08746,0.08,uu,uu80141151,2026-05-27T13:29:00.600Z,"8 km SSW of Leeds, Utah",earthquake,0.32,0.7,0.25851782992355,3,reviewed,uu,uu
2026-05-27T05:47:58.810Z,47.852333333333,-120.70983333333,2.74,0.19,ml,6,146,0.1167,0.06,uw,uw62251327,2026-05-28T23:00:05.980Z,"28 km N of Leavenworth, Washington",earthquake,0.32,2.32,0.11716059183402,3,reviewed,uw,uw
2026-05-27T05:47:14.630Z,38.5095,-112.911,2.63,1,md,13,117,0.01029,0.06,uu,uu80141146,2026-05-27T13:39:32.410Z,"15 km NE of Milford, Utah",earthquake,0.26,0.45,0.52360460520389,7,reviewed,uu,uu
2026-05-27T05:41:36.846Z,32.398,-102.051,7.6416,0.3,ml,14,80,0,0.1,tx,tx2026kiliwo,2026-05-27T15:42:53.112Z,"34 km WSW of Ackerly, Texas",earthquake,0.87971051090189,1.1447363199956,0.2,16,reviewed,tx,tx
2026-05-27T05:40:56.880Z,34.42633333,-97.46083333,4.6,1.24,ml,57,73,0.0638874631,0.47,ok,ok2026khes,2026-05-28T14:46:03.379Z,"5 km ESE of Ratliff City, Oklahoma",earthquake,,1.2,0.26,26,reviewed,ok,ok
2026-05-27T05:40:28.340Z,18.973499298096,-155.44299316406,32.529998779297,1.83,md,22,229,0.2129,0.180000007,hv,hv74969672,2026-05-27T05:44:07.280Z,"17 km SE of Naalehu, Hawaii",earthquake,1.19,1.44000006,0.13764056534764,14,automatic,hv,hv
2026-05-27T05:37:38.550Z,38.793834686279,-122.75299835205,1.1699999570847,0.73,md,11,88,0.008573,0.02,nc,nc75369657,2026-05-27T05:57:20.121Z,"2 km N of The Geysers, CA",earthquake,0.28,0.569999993,0.12,11,automatic,nc,nc
2026-05-27T05:35:21.379Z,38.7762,-118.8315,10.0368,1.71,ml,19,65,0.246,0.1618,nn,nn00919243,2026-05-27T19:44:23.166Z,"15 km NNW of Walker Lake, Nevada",earthquake,,1.4467,0.19,12,reviewed,nn,nn
2026-05-27T05:34:22.526Z,60.092,-141.068,14.1,1.8,ml,10,188,0.6,0.7,ak,aka2026kkciwr,2026-05-27T06:49:19.146Z,"96 km NW of Yakutat, Alaska",earthquake,9.4,4.1405,0.1,7,reviewed,ak,ak
2026-05-27T05:29:30.560Z,58.955,-154.501,130.9,2.4,ml,42,137,0.4,0.6,ak,aka2026kkcevy,2026-05-27T06:47:46.931Z,"56 km SSE of Kokhanok, Alaska",earthquake,7,2.8271,0.4,30,reviewed,ak,ak
2026-05-27T05:23:30.376Z,-22.282,-68.7512,102.493,5.1,mww,71,43,0.664,1.4,us,us7000snt8,2026-05-27T14:49:54.040Z,"26 km NE of Calama, Chile",earthquake,3.35,4.668,0.073,18,reviewed,us,us
2026-05-27T05:22:04.845Z,28.557,-98.348,7.2793,1.1,ml,21,76,0.1,0.2,tx,tx2026kikrse,2026-05-27T12:20:33.687Z,"19 km WNW of Three Rivers, Texas",earthquake,0.48559853038749,1.2083187449072,0.2,6,reviewed,tx,tx
2026-05-27T05:17:07.434Z,31.659,-104.432,5.3308,1.8,ml,32,70,0,0.2,tx,tx2026kiknqs,2026-05-27T09:33:20.278Z,"57 km S of Whites City, New Mexico",earthquake,1.1176627770852,0.6754529369204,0.1,19,reviewed,tx,tx
2026-05-27T05:11:25.449Z,64.391,-148.069,9.1,1.1,ml,11,123,0.1,0.4,ak,aka2026kkbozv,2026-05-27T05:21:26.553Z,"48 km SSW of South Van Horn, Alaska",earthquake,3.9,4.1426,0.3,6,reviewed,ak,ak
2026-05-27T05:04:27.777Z,32.262,-101.909,5.835,0.5,ml,18,70,0,0.2,tx,tx2026kikcwa,2026-05-27T12:56:42.338Z,"18 km NW of Stanton, Texas",earthquake,0.8390948438615,1.0331727712299,0.2,12,reviewed,tx,tx
2026-05-27T05:04:17.650Z,62.036,-147.785,28.1,1.4,ml,16,72,0.2,0.7,ak,aka2026kkbivb,2026-05-27T05:19:34.432Z,"26 km NNW of Glacier View, Alaska",earthquake,3.9,2.3401,0.3,10,reviewed,ak,ak
2026-05-27T04:51:02.220Z,37.835998535156,-122.06066894531,12.090000152588,1.84,md,21,94,0.01958,0.07,nc,nc75369647,2026-05-27T07:27:21.692Z,"3 km WSW of Alamo, CA",earthquake,0.29,0.5,0.21,18,automatic,nc,nc
2026-05-27T04:48:24.197Z,60.015,-152.343,79.1,1.5,ml,19,103,0.4,0.3,ak,aka2026kkavaw,2026-05-27T05:17:10.900Z,"34 km WNW of Happy Valley, Alaska",earthquake,7.6,4.2063,0.2,12,reviewed,ak,ak
2026-05-27T04:37:25.445Z,36.7659,70.9399,221.392,4.1,mb,38,177,1.973,0.88,us,us7000snt2,2026-05-27T22:01:12.040Z,"14 km SE of Jurm, Afghanistan",earthquake,10.05,8.483,0.109,23,reviewed,us,us
2026-05-27T04:32:12.102Z,31.67,-104.434,5.4846,1.8,ml,29,60,0,0.2,tx,tx2026kijazo,2026-05-27T08:31:00.263Z,"56 km S of Whites City, New Mexico",earthquake,1.0500031717075,0.63128644780448,0.1,18,reviewed,tx,tx
2026-05-27T04:27:28.430Z,17.826666666667,-68.1315,57.58,3.25,md,21,225,0.724,0.33,pr,pr71517928,2026-05-27T10:27:36.040Z,"79 km SE of Boca de Yuma, Dominican Republic",earthquake,1.99,3.42,0.083229975390335,16,reviewed,pr,pr
2026-05-27T04:27:17.240Z,37.83716583252,-122.06500244141,11.579999923706,1.49,md,24,49,0.02072,0.08,nc,nc75369627,2026-05-27T06:37:19.380Z,"3 km WSW of Alamo, CA",earthquake,0.27,0.519999981,0.11,17,automatic,nc,nc
2026-05-27T04:24:40.710Z,37.836334228516,-122.05966949463,12.029999732971,2.14,md,45,43,0.02001,0.07,nc,nc75369622,2026-05-27T06:12:24.210Z,"3 km WSW of Alamo, CA",earthquake,0.16,0.330000013,0.12,43,automatic,nc,nc
2026-05-27T04:22:32.064Z,60.608,-147.619,18.3,1.9,ml,23,72,0.4,0.7,ak,aka2026kjzypu,2026-05-27T05:15:16.058Z,"58 km WSW of Tatitlek, Alaska",earthquake,3.1,1.9283,0.2,15,reviewed,ak,ak
2026-05-27T04:17:23.496Z,-30.6441,-71.8887,26.205,4.6,mwr,61,147,0.221,1.25,us,us7000snst,2026-05-27T05:01:36.531Z,"66 km W of Ovalle, Chile",earthquake,4.27,4.746,0.038,65,reviewed,us,us
2026-05-27T04:15:17.100Z,19.211833333333,-155.34883333333,30.64,1.44,ml,38,174,0.0526,0.11,hv,hv74969657,2026-05-28T21:09:43.750Z,"13 km E of Pāhala, Hawaii",earthquake,0.44,0.54,0.14519918625425,6,reviewed,hv,hv
2026-05-27T04:11:24.090Z,38.833168029785,-122.79233551025,2.6099998950958,1.01,md,13,73,0.00546,0.01,nc,nc75369617,2026-05-27T04:13:00.790Z,"6 km WNW of Cobb, CA",earthquake,0.34,0.970000029,0.24,15,automatic,nc,nc
2026-05-27T04:11:17.790Z,37.835498809815,-122.06083679199,11.989999771118,1.95,md,23,54,0.01907,0.04,nc,nc75369612,2026-05-27T05:57:19.121Z,"3 km WSW of Alamo, CA",earthquake,0.23,0.439999998,0.18,21,automatic,nc,nc
2026-05-27T04:09:12.070Z,19.420333862305,-155.47982788086,6.3800001144409,1.75,md,29,38,0.05205,0.180000007,hv,hv74969652,2026-05-27T04:13:57.760Z,"24 km N of Pāhala, Hawaii",earthquake,0.39,0.689999998,0.15613380153506,13,automatic,hv,hv
2026-05-27T04:07:55.520Z,36.04733333,-97.83183333,6.31,1.13,ml,73,37,0.1394726307,0.35,ok,ok2026khbq,2026-05-28T14:36:21.188Z,"9 km SE of Hennessey, Oklahoma",earthquake,,0.8,0.22,33,reviewed,ok,ok
2026-05-27T04:06:33.291Z,28.571,-98.346,4.8736,1.3,ml,16,96,0.1,0.2,tx,tx2026kiieyu,2026-05-27T14:22:33.003Z,"20 km NW of Three Rivers, Texas",earthquake,0.74871197539772,0.93423279694104,0.2,13,reviewed,tx,tx
2026-05-27T04:03:52.730Z,36.551834106445,-121.11683654785,11.770000457764,0.98,md,5,154,0.05866,0,nc,nc75369602,2026-05-27T05:07:20.793Z,"3 km NE of Pinnacles, CA",earthquake,0.75,2.3599999,0.24,4,automatic,nc,nc
2026-05-27T03:53:40.300Z,60.016833333333,-153.0725,0.94,-0.89,ml,4,144,0.02713,0.1,av,av94210448,2026-05-27T22:44:22.210Z,"63 km ENE of Pedro Bay, Alaska",earthquake,0.4,1.52,0.27468050518397,4,reviewed,av,av
2026-05-27T03:45:52.593Z,61.365,-150.787,35.1,1.7,ml,17,59,0.6,0.9,ak,aka2026kjysxc,2026-05-27T03:50:57.020Z,"24 km SW of Susitna, Alaska",earthquake,4.8,11.2891,0.2,11,reviewed,ak,ak
2026-05-27T03:44:30.300Z,47.468,-121.94683333333,17.19,1.06,md,8,130,0.05668,0.14,uw,uw62251307,2026-05-28T22:31:48.120Z,"3 km E of Mirrormont, Washington",earthquake,0.55,0.85,0.053854767286315,4,reviewed,uw,uw
2026-05-27T03:33:41.163Z,60.484,-140.013,4.9,1.9,ml,11,112,0.6,0.4,ak,aka2026kjyijd,2026-05-27T03:48:29.025Z,"105 km N of Yakutat, Alaska",earthquake,9.3,4.534,0.1,8,reviewed,ak,ak
2026-05-27T03:20:22.570Z,37.170833333333,-113.4055,8.23,1.56,ml,14,105,0.08775,0.09,uu,uu80141136,2026-05-27T13:48:39.550Z,"8 km SSW of Leeds, Utah",earthquake,0.27,0.78,0.27263113405701,3,reviewed,uu,uu
2026-05-27T03:11:46.380Z,35.313333333333,-117.80066666667,7.46,1.16,ml,17,88,0.05884,0.16,ci,ci41475272,2026-05-27T23:10:06.472Z,"16 km WSW of Johannesburg, CA",earthquake,0.26,0.67,0.24543445188052,10,reviewed,ci,ci
2026-05-27T03:11:38.920Z,39.708666666667,-111.94966666667,11.71,0.72,md,6,118,0.2171,0.25,uu,uu80141131,2026-05-27T15:06:25.060Z,"9 km W of Nephi, Utah",earthquake,0.89,2.14,0.20737169547353,4,reviewed,uu,uu
2026-05-27T03:07:27.730Z,18.991333333333,-155.446,35.33,2.04,ml,38,227,0.2103,0.12,hv,hv74969617,2026-05-28T20:17:52.460Z,"16 km ESE of Naalehu, Hawaii",earthquake,0.5,0.91,0.095154816324791,8,reviewed,hv,hv
2026-05-27T03:06:41.539Z,32.118,-101.928,7.8369,0.4,ml,11,90,0,0.1,tx,tx2026kigfjz,2026-05-27T14:50:23.671Z,"13 km W of Stanton, Texas",earthquake,1.5822625769998,1.5821287248163,0.2,11,reviewed,tx,tx
2026-05-27T03:03:22.300Z,37.838333129883,-122.06366729736,11.390000343323,1.31,md,14,97,0.02183,0.05,nc,nc75369592,2026-05-27T04:37:22.590Z,"3 km WSW of Alamo, CA",earthquake,0.39,0.730000019,0.17,10,automatic,nc,nc
2026-05-27T03:02:30.830Z,18.964500427246,-155.47900390625,33.669998168945,1.74,md,10,260,0.1794,0.109999999,hv,hv74969612,2026-05-27T03:07:57.310Z,"15 km SE of Naalehu, Hawaii",earthquake,1.47,1.76999998,0.083912867867118,13,automatic,hv,hv
2026-05-27T02:53:12.470Z,38.830165863037,-122.82350158691,1.6200000047684,0.3,md,7,90,0.01143,0.01,nc,nc75369587,2026-05-27T03:17:27.193Z,"8 km NW of The Geysers, CA",earthquake,0.47,0.879999995,0.23,8,automatic,nc,nc
2026-05-27T02:50:35.091Z,53.576,-164.521,9.1,2.7,ml,12,282,0.9,0.5,ak,aka2026kjwwwt,2026-05-27T03:46:56.796Z,"103 km SE of Akutan, Alaska",earthquake,10.2,4.9824,0.1,9,reviewed,ak,ak
2026-05-27T02:42:03.063Z,-16.872,-69.5374,179.157,4.4,mb,27,118,1.455,0.85,us,us7000snsk,2026-05-27T03:20:03.040Z,"23 km SE of Mazo Cruz, Peru",earthquake,8.43,8.904,0.108,25,reviewed,us,us
2026-05-27T02:41:44.169Z,28.563,-98.375,8.8548,1.4,ml,17,94,0.1,0.1,tx,tx2026kifjul,2026-05-27T15:47:54.859Z,"20 km ENE of Tilden, Texas",earthquake,0.81129635780598,2.0308403397845,0.2,14,reviewed,tx,tx
2026-05-27T02:34:48.210Z,37.83483505249,-122.06266784668,11.680000305176,2.22,md,60,42,0.01834,0.13,nc,nc75369572,2026-05-27T04:17:22.475Z,"3 km WSW of Alamo, CA",earthquake,0.19,0.340000004,0.18,52,automatic,nc,nc
2026-05-27T02:24:37.316Z,59.033,-152.737,72.2,1.9,ml,16,105,0.5,1.2,ak,aka2026kjwajr,2026-05-27T03:45:50.639Z,"58 km SW of Nanwalek, Alaska",earthquake,5.8,5.6393,0.1,12,reviewed,ak,ak
2026-05-27T02:22:09.370Z,58.29,-154.98366666667,2.99,-0.32,ml,8,133,0.04285,0.16,av,av94210403,2026-05-27T22:42:21.920Z,"86 km NNW of Karluk, Alaska",earthquake,0.38,0.99,0.27819105922047,8,reviewed,av,av
2026-05-27T02:19:18.060Z,37.836334228516,-122.06449890137,11.329999923706,1.45,md,20,62,0.01986,0.08,nc,nc75369562,2026-05-27T04:07:20.428Z,"3 km WSW of Alamo, CA",earthquake,0.29,0.620000005,0.22,16,automatic,nc,nc
2026-05-27T02:17:39.814Z,61.582,-146.485,36.9,1.8,ml,19,84,0.3,0.6,ak,aka2026kjvuif,2026-05-27T03:44:31.932Z,"48 km SSE of Nelchina, Alaska",earthquake,4,3.6937,0.2,13,reviewed,ak,ak
2026-05-27T02:17:23.990Z,19.158333333333,-155.4905,31.74,1.35,ml,22,160,0.08993,0.11,hv,hv74969577,2026-05-28T20:04:43.810Z,"5 km SSW of Pāhala, Hawaii",earthquake,0.6,0.76,0.068231122242388,3,reviewed,hv,hv
2026-05-27T02:00:12.090Z,60.009,-153.04033333333,-0.54,-0.29,ml,4,141,0.01319,0.06,av,av94210378,2026-05-27T22:39:51.650Z,"64 km ENE of Pedro Bay, Alaska",earthquake,0.73,3.99,0.31721089322095,4,reviewed,av,av
2026-05-27T01:24:48.530Z,37.74433517456,-122.12249755859,10.340000152588,1.09,md,10,65,0.0203,0.04,nc,nc75369552,2026-05-27T01:26:25.681Z,"4 km NE of San Leandro, CA",earthquake,0.66,0.629999995,0.07,3,automatic,nc,nc
2026-05-27T01:24:12.900Z,37.752666473389,-122.12166595459,10.880000114441,2.08,md,53,31,0.02852,0.11,nc,nc75369547,2026-05-27T17:46:45.074Z,"4 km NE of San Leandro, CA",earthquake,0.19,0.419999987,0.18,45,automatic,nc,nc
2026-05-27T01:23:41.773Z,-21.3812,-179.4554,614.902,4.5,mb,21,126,4.313,0.5,us,us7000snrw,2026-05-27T01:40:36.040Z,"Fiji region",earthquake,11.62,8.737,0.127,18,reviewed,us,us
2026-05-27T01:18:51.480Z,38.689834594727,-122.96399688721,6.3699998855591,0.88,md,6,227,0.1504,0.15,nc,nc75369542,2026-05-27T01:20:25.582Z,"12 km NW of Healdsburg, CA",earthquake,4.76,11.7700005,0.04,2,automatic,nc,nc
2026-05-27T01:18:08.270Z,19.353,-155.83383333333,19.39,2.31,ml,25,174,0.16,0.12,hv,hv74969512,2026-05-27T20:03:23.780Z,"11 km SSE of Honaunau-Napoopoo, Hawaii",earthquake,0.45,1.23,0.20051406178553,13,reviewed,hv,hv
2026-05-27T01:15:15.943Z,56.366,-155.385,4.2,2.2,ml,16,121,0.6,0.5,ak,aka2026kjtsgi,2026-05-27T03:41:55.609Z,"98 km SW of Akhiok, Alaska",earthquake,7.5,6.0103,0.1,16,reviewed,ak,ak
2026-05-27T01:14:07.850Z,17.899666666667,-65.885666666667,7.23,1.9,md,6,231,0.1754,0.13,pr,pr71517908,2026-05-27T01:25:08.160Z,"11 km S of Emajagua, Puerto Rico",earthquake,0.75,0.5,0.12749177849871,6,reviewed,pr,pr
2026-05-27T01:08:31.180Z,46.847,-121.7645,0.59,0.91,ml,27,42,0.02444,0.08,uw,uw62251267,2026-05-28T21:42:03.240Z,"22 km ENE of Ashford, Washington",earthquake,0.15,0.52,0.14570808846083,11,reviewed,uw,uw
2026-05-27T01:03:47.960Z,46.849166666667,-121.7635,0.57,0.26,ml,15,79,0.02494,0.06,uw,uw62251262,2026-05-28T18:27:13.290Z,"22 km ENE of Ashford, Washington",earthquake,0.21,0.7,0.14193232401125,6,reviewed,uw,uw
2026-05-27T01:03:47.440Z,58.294666666667,-154.98483333333,2.96,-0.18,ml,7,131,0.04179,0.11,av,av94210343,2026-05-27T22:36:19.370Z,"86 km NNW of Karluk, Alaska",earthquake,0.38,0.8,0.18368695366209,7,reviewed,av,av
2026-05-27T00:55:00.430Z,18.006,-66.843833333333,12.91,2.53,md,25,117,0.0211,0.17,pr,pr71517893,2026-05-27T01:34:40.170Z,"2 km WNW of Indios, Puerto Rico",earthquake,0.34,0.26,0.25130619823051,14,reviewed,pr,pr
2026-05-27T00:44:31.101Z,61.533,-148.414,24.3,1.1,ml,10,90,0.1,0.5,ak,aka2026kjsrpa,2026-05-27T03:39:41.515Z,"27 km ENE of Knik River, Alaska",earthquake,4.7,4.2976,0.3,7,reviewed,ak,ak
2026-05-27T00:41:51.514Z,-23.3064,-69.2215,94.596,4.7,mb,57,65,0.679,0.73,us,us7000snrd,2026-05-27T02:59:38.893Z,"98 km SSW of Calama, Chile",earthquake,4.66,5.782,0.055,104,reviewed,us,us
2026-05-27T00:39:45.990Z,31.655,-104.399,5.0745,2.3,ml,34,71,0,0.2,tx,tx2026kibfxw,2026-05-27T07:24:34.306Z,"57 km S of Whites City, New Mexico",earthquake,0.85174113766712,0.77673471837642,0.1,24,reviewed,tx,tx
2026-05-27T00:37:12.290Z,19.007,-65.192,20.47,2.81,md,4,245,0.7011,0.03,pr,pr71517883,2026-05-27T01:18:56.710Z,"78 km NNW of Charlotte Amalie, U.S. Virgin Islands",earthquake,0.92,8.71,0.0027038070091709,3,reviewed,pr,pr
2026-05-27T00:36:17.330Z,34.4335,-119.1305,11.98,1.05,ml,15,67,0.006717,0.23,ci,ci41475264,2026-05-28T20:47:15.310Z,"10 km E of Ojai, CA",earthquake,0.45,0.82,0.1321201825562,8,reviewed,ci,ci
2026-05-27T00:32:35.320Z,18.942666666667,-65.177333333333,45,3.12,md,19,230,0.6233,0.36,pr,pr71517878,2026-05-27T02:39:07.040Z,"71 km NNW of Charlotte Amalie, U.S. Virgin Islands",earthquake,2.53,5.77,0.069169810538966,14,reviewed,pr,pr
2026-05-27T00:28:51.887Z,19.0257,-65.2149,35,3.5,ml,14,243,0.713,0.39,us,us7000snr7,2026-05-27T02:33:09.040Z,"80 km N of Culebra, Puerto Rico",earthquake,2.66,2.017,0.069,28,reviewed,us,us
2026-05-27T00:28:35.312Z,19.0344,-65.1791,35,3,ml,13,245,0.71,0.33,us,us7000snsa,2026-05-27T02:35:24.040Z,"81 km NNW of Charlotte Amalie, U.S. Virgin Islands",earthquake,7.61,2.019,0.148,6,reviewed,us,us
2026-05-27T00:23:50.030Z,19.0093,-65.2028,22,3.46,md,21,230,0.6987,0.4,pr,pr2026147000,2026-05-27T02:40:59.040Z,"78 km N of Culebra, Puerto Rico",earthquake,1.5,28.84,0.18,18,reviewed,pr,pr
2026-05-27T00:18:43.500Z,19.006333333333,-65.201833333333,21.2,3,md,11,237,0.6908,0.21,pr,pr71517838,2026-05-27T02:40:04.040Z,"78 km N of Culebra, Puerto Rico",earthquake,1.11,18.47,0.088207200415395,8,reviewed,pr,pr
2026-05-27T00:11:56.704Z,61.496,-147.461,34.4,1.3,ml,9,74,0.3,0.5,ak,aka2026kjrpim,2026-05-27T03:38:31.672Z,"36 km SSE of Glacier View, Alaska",earthquake,5.3,4.8362,0.2,6,reviewed,ak,ak
2026-05-27T00:10:45.520Z,34.7595,-98.437,0,1.33,ml,62,148,0.2528503821,0.66,ok,ok2026kgtu,2026-05-28T14:23:09.862Z,"6 km ENE of Medicine Park, Oklahoma",quarry blast,,0.8,0.19,25,reviewed,ok,ok
2026-05-26T23:59:57.470Z,60.733,-149.872,35,2,ml,17,115,0.3,0.6,ak,aka2026kjrewz,2026-05-27T00:22:32.554Z,"24 km SSW of Hope, Alaska",earthquake,5.3,4.5102,0.2,8,reviewed,ak,ak
2026-05-26T23:59:37.360Z,35.299331665039,-120.69132995606,0.81000000238419,2.08,md,17,94,0.01993,0.08,nc,nc75369487,2026-05-27T15:00:42.985Z,"3 km WNW of San Luis Obispo, CA",earthquake,0.23,0.469999999,0.2,12,automatic,nc,nc
2026-05-26T23:54:31.204Z,31.902,-102.411,8.667,1.5,ml,38,76,0.1,0.2,tx,tx2026khzswd,2026-05-27T09:05:32.305Z,"7 km NNW of Odessa, Texas",earthquake,0.59347510345059,0.7606578679715,0.2,24,reviewed,tx,tx
2026-05-26T23:52:49.940Z,60.036166666667,-153.0855,-0.43,0.03,ml,4,137,0.02393,0.06,av,av94210293,2026-05-27T22:22:18.600Z,"63 km ENE of Pedro Bay, Alaska",earthquake,0.41,2.04,0.35611446999589,4,reviewed,av,av
2026-05-26T23:48:06.884Z,57.008,-155.804,59.6,2.9,ml,57,69,0.7,0.7,ak,aka2026kjqura,2026-05-27T02:07:59.040Z,"99 km W of Akhiok, Alaska",earthquake,4.1,4.765,0.2,43,reviewed,ak,ak
2026-05-26T23:41:02.040Z,47.612,-121.80383333333,16.45,1.78,ml,41,64,0.1012,0.16,uw,uw62251247,2026-05-28T01:00:44.810Z,"8 km NE of Fall City, Washington",earthquake,0.27,0.32,0.13115524048168,29,reviewed,uw,uw
2026-05-26T23:40:25.430Z,35.316833333333,-117.8075,7.39,1.44,ml,33,66,0.05842,0.2,ci,ci41475256,2026-05-27T13:40:37.453Z,"17 km WSW of Johannesburg, CA",earthquake,0.26,0.57,0.15976538607732,28,reviewed,ci,ci
2026-05-26T23:29:10.210Z,35.036166666667,-117.68083333333,-0.82,1.66,ml,27,83,0.1023,0.2,ci,ci41475248,2026-05-27T15:04:01.400Z,"5 km NW of Boron, CA",quarry blast,0.49,31.61,0.16740548533492,41,reviewed,ci,ci
2026-05-26T23:28:22.980Z,34.42233333,-97.4695,5.26,1.68,ml,62,68,0.05848852256,0.39,ok,ok2026kgsk,2026-05-27T14:47:22.987Z,"4 km SE of Ratliff City, Oklahoma",earthquake,,0.9,0.26,30,reviewed,ok,ok
2026-05-26T23:18:13.240Z,38.766666412354,-122.70583343506,2.0699999332428,1.49,md,11,126,0.005341,0.03,nc,nc75369477,2026-05-26T23:52:21.801Z,"2 km SW of Anderson Springs, CA",earthquake,0.37,0.460000008,0.21,12,automatic,nc,nc
2026-05-26T23:13:58.130Z,40.68183517456,-121.44249725342,-0.37999999523163,2.29,md,10,99,0.09982,0.02,nc,nc75369472,2026-05-27T02:07:20.648Z,"27 km NE of Viola, CA",earthquake,0.28,1.59000003,0.09,9,automatic,nc,nc
2026-05-26T23:09:44.640Z,36.952499389648,-121.57733154297,5.4299998283386,1.26,md,11,89,0.004699,0.18,nc,nc75369467,2026-05-26T23:42:20.740Z,"6 km S of Gilroy, CA",earthquake,0.68,0.910000026,0.21,11,automatic,nc,nc
2026-05-26T23:08:05.702Z,63.775,-148.602,95,2.1,ml,30,88,0.2,0.8,ak,aka2026kjplzd,2026-05-27T00:20:25.866Z,"16 km ENE of Denali Park, Alaska",earthquake,4.1,3.7365,0.3,20,reviewed,ak,ak
2026-05-26T23:03:36.330Z,38.769165039062,-122.72766876221,0.99000000953674,1.07,md,8,118,0.007873,0.02,nc,nc75369452,2026-05-26T23:05:10.681Z,"3 km ESE of The Geysers, CA",earthquake,0.34,0.680000007,0.12,8,automatic,nc,nc
2026-05-26T23:03:10.310Z,38.768665313721,-122.72816467285,0.55000001192093,0.77,md,7,115,0.007519,0.02,nc,nc75369447,2026-05-26T23:04:45.454Z,"3 km ESE of The Geysers, CA",earthquake,0.4,0.879999995,0.28,7,automatic,nc,nc
2026-05-26T23:03:00.470Z,38.82466506958,-122.72783660889,16.280000686646,1.5,md,17,208,0.03337,0.12,nc,nc75369442,2026-05-27T01:52:22.553Z,"0 km NW of Cobb, CA",earthquake,1.84,6.1500001,0.45,16,automatic,nc,nc
2026-05-26T23:00:11.370Z,39.610168457031,-120.44049835205,-0.76999998092651,2.18,md,8,122,0.2636,0.19,nc,nc75369437,2026-05-27T01:27:23.407Z,"16 km SE of Whitehawk, CA",earthquake,0.79,16.5900002,0.05,3,automatic,nc,nc
2026-05-26T22:54:49.626Z,51.321,-178.159,9.6,2.6,ml,12,240,0.5,0.3,ak,aka2026kjpaly,2026-05-27T00:19:47.663Z,"122 km WSW of Adak, Alaska",earthquake,8.4,3.6675,0.2,9,reviewed,ak,ak
2026-05-26T22:52:40.104Z,31.2,-103.362,4.7668,2,ml,11,62,0.1,0.1,tx,tx2026khxulg,2026-05-27T08:17:54.688Z,"25 km SE of Lindsay, Texas",earthquake,0.47235243018676,1.5540839386858,0.1,6,reviewed,tx,tx
2026-05-26T22:33:01.570Z,38.828834533691,-122.82366943359,1.8799999952316,1.04,md,11,79,0.01055,0.01,nc,nc75369432,2026-05-26T22:34:35.416Z,"8 km NW of The Geysers, CA",earthquake,0.42,0.910000026,0.18,12,automatic,nc,nc
2026-05-26T22:26:28.830Z,37.835334777832,-122.06549835205,11.10000038147,1.26,md,11,95,0.03557,0.02,nc,nc75369427,2026-05-27T01:12:22.309Z,"3 km WSW of Alamo, CA",earthquake,0.34,0.790000021,0.08,5,automatic,nc,nc
2026-05-26T22:10:45.516Z,19.446,-69.4362,10,3.3,ml,15,141,1.337,1.22,us,us7000snt1,2026-06-01T14:10:08.040Z,"18 km NE of Las Terrenas, Dominican Republic",earthquake,4.57,1.982,0.069,28,reviewed,us,us
2026-05-26T21:58:26.000Z,57.029166666667,-135.84216666667,10.26,1.36,ml,5,312,0.02987,0.24,av,av94210158,2026-05-27T22:19:19.300Z,"31 km W of Sitka, Alaska",earthquake,2.38,0.95,0.22372776702811,5,reviewed,av,av
2026-05-26T21:56:36.730Z,51.5567,-178.9338,83.389,3,ml,20,169,0.075,0.25,us,us7000snqj,2026-05-27T02:01:51.040Z,"162 km WSW of Adak, Alaska",earthquake,10.35,7.398,0.105,12,reviewed,us,us
2026-05-26T21:55:03.115Z,37.0819,-115.3174,0,1.7,ml,6,134,0.388,0.1524,nn,nn00919237,2026-05-27T02:07:47.902Z,"34 km SSW of Alamo, Nevada",earthquake,,0,0.35,3,reviewed,nn,nn
2026-05-26T21:50:33.600Z,19.143666666667,-155.48933333333,32.28,2.04,md,23,159,0.1046,0.11,hv,hv74969252,2026-05-29T01:27:30.470Z,"6 km S of Pāhala, Hawaii",earthquake,0.74,0.74,0.095326281205972,7,reviewed,hv,hv
2026-05-26T21:44:03.246Z,31.618,-104.091,6.0999,2,ml,59,53,0,0.2,tx,tx2026khvndt,2026-05-26T22:32:04.935Z,"43 km NW of Toyah, Texas",earthquake,0.33454726336941,0.23875097315418,0.2,33,reviewed,tx,tx
2026-05-26T21:33:07.790Z,35.308833333333,-117.80333333333,8.05,1.07,ml,11,89,0.05399,0.13,ci,ci41475208,2026-05-26T22:33:30.632Z,"17 km WSW of Johannesburg, CA",earthquake,0.26,0.63,0.15287637140419,5,reviewed,ci,ci
2026-05-26T21:21:32.634Z,63.308,-144.918,12.5,2,ml,15,70,0.4,0.3,ak,aka2026kjlxpd,2026-05-26T22:24:47.492Z,"40 km SSW of Dry Creek, Alaska",earthquake,4.3,2.6513,0.2,20,reviewed,ak,ak
2026-05-26T21:16:00.630Z,33.826333333333,-117.00766666667,14.24,1.44,ml,37,39,0.03782,0.17,ci,ci41475200,2026-05-27T15:37:07.598Z,"7 km NW of San Jacinto, CA",earthquake,0.19,0.49,0.20812998320593,28,reviewed,ci,ci
2026-05-26T21:15:26.080Z,35.3045,-117.80816666667,8.39,2.14,ml,52,33,0.04814,0.15,ci,ci41475192,2026-05-26T22:28:04.991Z,"17 km WSW of Johannesburg, CA",earthquake,0.15,0.36,0.13483367163555,24,reviewed,ci,ci
2026-05-26T21:03:18.550Z,19.324167251587,-155.26583862305,30.159999847412,1.76,md,21,98,0.03521,0.129999995,hv,hv74969177,2026-05-26T21:06:54.580Z,"13 km SSW of Volcano, Hawaii",earthquake,0.61,0.790000021,0.1234506805373,14,automatic,hv,hv
2026-05-26T20:57:47.211Z,39.3091,-119.1304,10.6322,1.6,ml,12,100,0.09,0.1595,nn,nn00919234,2026-05-27T02:07:28.929Z,"14 km SE of Silver Springs, Nevada",earthquake,,1.3309,0.19,9,reviewed,nn,nn
2026-05-26T20:48:08.114Z,32.932,-100.904,5.2002,0.9,ml,10,87,0,0.1,tx,tx2026khtrec,2026-05-27T15:08:16.298Z,"23 km N of Snyder, Texas",earthquake,0.91399739224695,1.1544125939266,0.2,6,reviewed,tx,tx
2026-05-26T20:48:08.041Z,32.928,-100.905,5.7129,0.9,ml,9,83,0,0.1,tx,tx2026khtpej,2026-05-27T15:14:27.059Z,"23 km N of Snyder, Texas",earthquake,0.78663609863227,0.8552900998056,0.2,7,reviewed,tx,tx
2026-05-26T20:47:13.153Z,32.929,-100.902,5.1514,0.7,ml,8,79,0,0.1,tx,tx2026khtqjh,2026-05-27T15:18:41.658Z,"23 km N of Snyder, Texas",earthquake,0.70168985464531,0.98502983166517,0.2,6,reviewed,tx,tx
2026-05-26T20:37:55.050Z,35.971833333333,-117.50483333333,6.96,1.26,ml,21,116,0.08693,0.13,ci,ci10240958,2026-05-26T20:58:24.987Z,"24 km NNW of Searles Valley, CA",earthquake,0.28,0.64,0.14380487666457,12,reviewed,ci,ci
2026-05-26T20:35:10.456Z,-17.5166,-178.7628,535.844,4.9,mb,54,43,2.064,0.83,us,us7000snps,2026-05-26T21:33:33.040Z,"212 km ENE of Levuka, Fiji",earthquake,13.25,7.994,0.071,62,reviewed,us,us
2026-05-26T20:30:22.286Z,32.129,-101.8,4.0771,0.8,ml,23,51,0.1,0.1,tx,tx2026khtbww,2026-05-26T21:44:14.609Z,"1 km W of Stanton, Texas",earthquake,0.52617869025758,1.5849661216432,0.1,14,reviewed,tx,tx
2026-05-26T20:30:08.495Z,38.184,-117.7872,8.4029,2.06,ml,12,114,0.257,0.1451,nn,nn00919231,2026-05-27T02:07:19.984Z,"36 km SE of Mina, Nevada",earthquake,,4.6625,0.17,8,reviewed,nn,nn
2026-05-26T20:30:04.560Z,45.4185,-123.58716666667,2.86,0.3,md,6,83,0.05341,0.49,uw,uw62251152,2026-05-26T22:18:41.810Z,"20 km ESE of Tillamook, Oregon",earthquake,1.83,31.61,0.17588284958255,4,reviewed,uw,uw
2026-05-26T20:21:01.985Z,38.8774,141.9779,62.215,4.5,mb,69,139,2.035,0.79,us,us7000snpq,2026-05-26T21:25:26.040Z,"31 km SE of Ōfunato, Japan",earthquake,9.02,7.435,0.075,52,reviewed,us,us
2026-05-26T20:15:38.990Z,61.661,-149.684,44.6,1.9,ml,27,49,0.3,0.9,ak,aka2026kjjslm,2026-05-26T22:23:26.760Z,"5 km NW of Meadow Lakes, Alaska",earthquake,3.5,4.0335,0.2,19,reviewed,ak,ak
2026-05-26T20:10:31.561Z,31.52,-104.005,7.7277,2.4,ml,36,65,0,0.1,tx,tx2026khskig,2026-05-26T20:37:02.919Z,"30 km NW of Toyah, Texas",earthquake,0.6553607848659,0.39617579771181,0.1,27,reviewed,tx,tx
2026-05-26T20:08:03.720Z,60.52,-152.799,5.13,-1.11,ml,6,90,0.03997,0.04,av,av94210078,2026-05-27T22:14:47.990Z,"81 km NW of Ninilchik, Alaska",earthquake,0.32,0.83,0.12463630195453,6,reviewed,av,av
2026-05-26T20:04:55.636Z,13.3048,57.3541,10,4.3,mb,33,220,11.63,0.74,us,us7000snpn,2026-05-26T21:16:18.040Z,"Owen Fracture Zone region",earthquake,7.58,2,0.106,25,reviewed,us,us
2026-05-26T19:54:27.210Z,41.8795,-111.51416666667,6.23,2.03,ml,29,58,0.203,0.18,uu,uu80141111,2026-05-27T17:44:49.540Z,"10 km W of Garden, Utah",earthquake,0.36,0.62,0.28857736431932,6,reviewed,uu,uu
2026-05-26T19:51:35.929Z,34.49266667,-96.856,0,1.19,ml,46,83,0.171866274,0.33,ok,ok2026kglg,2026-05-26T19:59:50.379Z,"7 km S of Hickory, Oklahoma",quarry blast,,0.4,0.21,22,reviewed,ok,ok
2026-05-26T19:49:07.929Z,4.1454,97.5369,28.219,4.5,mb,34,116,1.226,1.16,us,us7000snpl,2026-05-26T21:09:10.040Z,"59 km SW of Langsa, Indonesia",earthquake,6.52,5.05,0.115,22,reviewed,us,us
2026-05-26T19:39:13.160Z,38.825668334961,-122.8476638794,2.039999961853,0.44,md,7,132,0.01019,0.01,nc,nc75369372,2026-05-26T19:57:19.315Z,"10 km NW of The Geysers, CA",earthquake,0.4,1.35000002,0.21,8,automatic,nc,nc
2026-05-26T19:37:16.072Z,61.783,-151.972,113.4,2.6,ml,79,40,0.5,0.7,ak,aka2026kjilgc,2026-05-26T22:21:11.362Z,"38 km SW of Skwentna, Alaska",earthquake,2.8,2.2799,0.3,55,reviewed,ak,ak
2026-05-26T19:25:11.739Z,-17.2705,-174.2097,118.289,5,mb,67,57,4.079,0.77,us,us7000snpf,2026-05-26T23:20:46.317Z,"152 km SSW of Hihifo, Tonga",earthquake,10.06,6.885,0.038,216,reviewed,us,us
2026-05-26T19:17:37.304Z,53.777,-164.132,16.2,3.1,ml,41,213,0.7,0.8,ak,aka2026kjhudo,2026-05-26T22:18:20.677Z,"114 km ESE of Akutan, Alaska",earthquake,4.4,4.3466,0.1,31,reviewed,ak,ak
2026-05-26T19:12:31.037Z,-17.6654,-172.621,10,5.4,mb,85,41,2.918,0.88,us,us7000snpe,2026-05-27T19:43:00.188Z,"180 km NE of Neiafu, Tonga",earthquake,9.14,1.845,0.033,320,reviewed,us,us
2026-05-26T18:59:39.381Z,38.8052,-118.6136,12.5225,1.89,ml,15,74,0.467,0.1103,nn,nn00919228,2026-05-27T02:07:00.598Z,"21 km NE of Walker Lake, Nevada",earthquake,,0.8201,0.2,13,reviewed,nn,nn
2026-05-26T18:56:36.969Z,13.0008,57.6465,10,5.1,mb,132,55,11.959,0.61,us,us7000snpd,2026-05-26T19:18:16.040Z,"Owen Fracture Zone region",earthquake,9.62,1.84,0.053,115,reviewed,us,us
2026-05-26T18:54:45.350Z,58.269333333333,-155.54666666667,3.73,-0.42,ml,8,84,0.07572,0.09,av,av94210023,2026-05-27T22:11:19.530Z,"80 km SE of King Salmon, Alaska",earthquake,0.25,0.96,0.20230576971639,8,reviewed,av,av
2026-05-26T18:52:11.449Z,34.42583333,-97.459,5,1.25,ml,40,73,0.06298763968,0.43,ok,ok2026kgjh,2026-05-27T14:39:08.536Z,"5 km ESE of Ratliff City, Oklahoma",earthquake,,1.3,0.24,20,reviewed,ok,ok
2026-05-26T18:35:15.650Z,52.303,-174.20316666667,4.52,1.08,ml,5,220,0.01914,0.08,av,av94209988,2026-05-27T22:08:18.330Z,"11 km N of Atka, Alaska",earthquake,0.72,0.66,0.22458522480373,5,reviewed,av,av
2026-05-26T18:30:47.790Z,63.556,-150.802,2.8,1.7,ml,12,65,0.6,0.4,ak,aka2026kjgfnw,2026-05-26T22:17:54.372Z,"45 km E of Denali National Park, Alaska",earthquake,4.2,4.8939,0.1,10,reviewed,ak,ak
2026-05-26T18:26:34.717Z,31.654,-104.54,6.0999,2.3,ml,47,78,0,0.2,tx,tx2026khoyzt,2026-05-26T21:15:40.773Z,"59 km SSW of Whites City, New Mexico",earthquake,0.82565141646787,0.5392942783747,0.2,19,reviewed,tx,tx
2026-05-26T18:22:38.300Z,17.934166666667,-66.274333333333,15.02,1.97,md,9,197,0.1016,0.34,pr,pr71517813,2026-05-26T18:44:27.600Z,"5 km SSE of Salinas, Puerto Rico",earthquake,1.4,1.65,0.25241655175965,9,reviewed,pr,pr
2026-05-26T18:18:29.150Z,38.809665679932,-122.79850006103,10,1.29,md,7,212,0.003019,0.08,nc,nc75369352,2026-05-26T18:57:23.934Z,"5 km NW of The Geysers, CA",earthquake,2.01,7.48999977,0.06,2,automatic,nc,nc
2026-05-26T18:18:16.510Z,38.835166931152,-122.79699707031,2.2000000476837,0.25,md,9,67,0.006122,0.01,nc,nc75369347,2026-05-26T18:19:51.356Z,"7 km WNW of Cobb, CA",earthquake,0.37,0.800000012,0.12,10,automatic,nc,nc
2026-05-26T18:14:48.981Z,31.902,-102.417,6.8604,0.8,ml,19,66,0.1,0.2,tx,tx2026khopau,2026-05-27T14:07:47.695Z,"7 km NW of Odessa, Texas",earthquake,1.0052046869103,1.4344823830782,0.2,9,reviewed,tx,tx
2026-05-26T18:06:11.190Z,40.557998657227,-122.22733306885,15.25,2.18,md,10,168,0.07514,0.22,nc,nc75369337,2026-05-26T20:42:22.585Z,"1 km ESE of Palo Cedro, CA",earthquake,1.87,1.5,0.15,11,automatic,nc,nc
2026-05-26T17:56:46.857Z,31.522,-104.006,7.5482,1.5,ml,31,58,0,0.2,tx,tx2026khnzls,2026-05-26T22:40:01.700Z,"30 km NW of Toyah, Texas",earthquake,0.75163091721541,0.55672651506829,0.1,18,reviewed,tx,tx
2026-05-26T17:40:29.207Z,32.542,-101.137,4.0771,1.2,ml,16,70,0.1,0.1,tx,tx2026khnllz,2026-05-26T21:50:33.604Z,"23 km NNW of Westbrook, Texas",earthquake,0.65910389338176,1.5109378876868,0.2,12,reviewed,tx,tx
2026-05-26T17:19:23.620Z,61.155,-152.30433333333,3.21,0.7,ml,11,109,0.04424,0.07,av,av94209918,2026-05-27T22:05:18.070Z,"63 km W of Tyonek, Alaska",earthquake,0.24,0.27,0.14326770861291,12,reviewed,av,av
2026-05-26T17:07:29.750Z,31.694,-104.14,7.4457,2.1,ml,50,50,0.1,0.2,tx,tx2026khmixj,2026-05-26T17:29:16.428Z,"51 km W of Mentone, Texas",earthquake,0.45120288796456,0.47022785946404,0.1,35,reviewed,tx,tx
2026-05-26T17:01:20.910Z,48.2795,-121.66183333333,7.23,1.36,ml,6,112,0.05289,0.03,uw,uw62251102,2026-05-26T18:45:34.590Z,"4 km E of Swede Heaven, Washington",earthquake,0.27,0.58,0.2062532035172,4,reviewed,uw,uw
2026-05-26T16:42:48.898Z,59.74,-153.278,121.1,2,ml,33,92,0.1,0.4,ak,aka2026kjcpxo,2026-05-26T17:29:35.430Z,"46 km E of Pedro Bay, Alaska",earthquake,6.8,3.0437,0.2,20,reviewed,ak,ak
2026-05-26T16:42:41.637Z,-19.9753,-69.2025,114.848,4.6,mb,29,74,0.171,0.82,us,us7000snnm,2026-05-27T00:53:45.824Z,"59 km E of Huara, Chile",earthquake,5.31,6.927,0.132,17,reviewed,us,us
2026-05-26T16:38:51.390Z,19.156333333333,-155.50716666667,37.78,1.49,ml,24,156,0.09189,0.12,hv,hv74968977,2026-05-29T01:22:55.280Z,"5 km SSW of Pāhala, Hawaii",earthquake,0.6,0.78,0.13884418050551,4,reviewed,hv,hv
2026-05-26T16:34:16.470Z,61.234,-147.582,7.7,3.1,ml,112,43,0.3,1,ak,aka2026kjcimz,2026-05-26T22:17:08.903Z,"63 km NW of Tatitlek, Alaska",earthquake,1.7,1.3553,0.2,81,reviewed,ak,ak
2026-05-26T16:31:55.540Z,33.847166666667,-117.49066666667,-0.48,1.8,ml,51,33,0.04821,0.25,ci,ci41475032,2026-05-26T18:45:04.961Z,"4 km SE of Home Gardens, CA",quarry blast,0.33,31.61,0.17083892882987,37,reviewed,ci,ci
2026-05-26T16:30:57.714Z,23.1849,94.5425,102.712,4.3,mb,21,158,2,0.43,us,us7000sntk,2026-05-27T14:59:41.040Z,"52 km SSE of Mawlaik, Burma (Myanmar)",earthquake,10.7,9.316,0.178,11,reviewed,us,us
2026-05-26T16:25:58.100Z,35.324833333333,-117.788,6.74,0.53,ml,6,168,0.07428,0.13,ci,ci41475024,2026-05-26T22:04:38.526Z,"15 km WSW of Johannesburg, CA",earthquake,0.64,0.76,0.17648723256454,3,reviewed,ci,ci
2026-05-26T16:25:06.489Z,58.277,-152.729,45.8,2.1,ml,13,139,0.4,0.7,ak,aka2026kjcaoq,2026-05-26T22:15:26.661Z,"26 km NNE of Aleneva, Alaska",earthquake,6.6,8.0245,0.1,6,reviewed,ak,ak
2026-05-26T16:24:51.100Z,46.4965,-122.27766666667,17.49,1.13,ml,16,85,0.09088,0.07,uw,uw62251097,2026-05-26T18:41:51.230Z,"6 km S of Morton, Washington",earthquake,0.22,0.81,0.15916328428293,5,reviewed,uw,uw
2026-05-26T16:22:50.365Z,-58.6442,-152.5127,10,5.1,mb,66,55,23.509,0.56,us,us7000sntl,2026-05-27T13:52:00.040Z,"Pacific-Antarctic Ridge",earthquake,13.04,1.793,0.081,50,reviewed,us,us
2026-05-26T16:03:52.578Z,-22.3541,-68.8972,119.568,4,mb,21,67,0.64,0.48,us,us7000snm2,2026-05-26T16:44:23.040Z,"11 km NNE of Calama, Chile",earthquake,4.35,6.494,0.232,5,reviewed,us,us
2026-05-26T15:52:56.340Z,30.821,-103.371,2.5366,1.2,ml,9,79,0.1,0.2,tx,tx2026khjwvb,2026-05-26T20:58:56.364Z,"40 km ESE of Balmorhea, Texas",earthquake,1.6649524972087,1.8847602148617,0.1,13,reviewed,tx,tx
2026-05-26T15:52:35.270Z,36.247,-95.228,0,1.43,ml,74,138,0.1808645082,0.39,ok,ok2026kgdj,2026-05-27T14:10:02.541Z,"2 km E of Sportsmen Acres, Oklahoma",quarry blast,,0.4,0.22,27,reviewed,ok,ok
2026-05-26T15:46:34.960Z,35.304333333333,-117.8085,8.82,1.58,ml,26,89,0.04783,0.14,ci,ci10240910,2026-05-26T18:14:02.024Z,"18 km WSW of Johannesburg, CA",earthquake,0.19,0.44,0.15138537836722,11,reviewed,ci,ci
2026-05-26T15:46:03.460Z,54.6466,-161.0689,18.643,3.7,mb,25,186,1.007,1.01,us,us7000snlz,2026-05-26T22:15:40.823Z,"84 km SSW of Sand Point, Alaska",earthquake,4.14,9.984,0.159,10,reviewed,us,us
2026-05-26T15:45:57.860Z,35.675666666667,-117.41416666667,8.43,1.43,ml,31,73,0.01309,0.13,ci,ci41474992,2026-05-26T18:03:03.573Z,"10 km S of Searles Valley, CA",earthquake,0.18,0.46,0.18289631109133,17,reviewed,ci,ci
2026-05-26T15:20:10.510Z,38.007499694824,-122.17933654785,6.9499998092651,0.99,md,7,122,0.03414,0.02,nc,nc75369282,2026-05-26T15:21:46.156Z,"4 km WSW of Martinez, CA",earthquake,0.36,1.10000002,0.11,5,automatic,nc,nc
2026-05-26T15:17:41.251Z,61.56,-149.96,45.1,1.6,ml,22,76,0.4,0.7,ak,aka2026kizucn,2026-05-26T22:09:51.873Z,"4 km N of Big Lake, Alaska",earthquake,4.4,5.1286,0.2,12,reviewed,ak,ak
2026-05-26T15:16:04.560Z,35.299666666667,-117.80883333333,7.92,1.73,ml,45,35,0.04416,0.15,ci,ci41474984,2026-05-26T17:14:42.318Z,"18 km WSW of Johannesburg, CA",earthquake,0.14,0.35,0.17566321702885,26,reviewed,ci,ci
2026-05-26T15:12:40.920Z,35.243833333333,-117.87733333333,7.23,0.5,ml,3,179,0.03492,0.12,ci,ci41474976,2026-05-26T21:34:25.393Z,"16 km NE of California City, CA",earthquake,1.26,31.61,0.13443632860366,2,reviewed,ci,ci
2026-05-26T15:08:41.840Z,38.81816482544,-122.76750183106,1.710000038147,1.36,md,14,101,0.0114,0.02,nc,nc75369272,2026-05-26T17:07:21.247Z,"4 km W of Cobb, CA",earthquake,0.3,0.469999999,0.32,16,automatic,nc,nc
2026-05-26T15:02:09.780Z,35.306666666667,-117.81116666667,7.37,1.9,ml,48,34,0.04834,0.19,ci,ci41474968,2026-05-26T17:14:59.262Z,"18 km WSW of Johannesburg, CA",earthquake,0.17,0.48,0.16854585015442,27,reviewed,ci,ci
2026-05-26T14:38:28.380Z,19.19,-155.30683333333,42.54,1.54,ml,30,208,0.09784,0.12,hv,hv74968962,2026-05-29T01:16:53.220Z,"18 km E of Pāhala, Hawaii",earthquake,0.94,0.53,0.21852928007619,5,reviewed,hv,hv
2026-05-26T14:35:22.990Z,38.823333740234,-122.84549713135,2.1199998855591,1.32,md,22,105,0.008179,0.03,nc,nc75369257,2026-05-26T15:57:22.792Z,"9 km WNW of The Geysers, CA",earthquake,0.22,0.370000005,0.15,23,automatic,nc,nc
2026-05-26T14:34:38.043Z,37.4408,-116.6982,13.0138,1.77,ml,27,147,0.255,0.1819,nn,nn00919223,2026-05-27T02:06:21.121Z,"56 km ESE of Goldfield, Nevada",earthquake,,1.6441,0.26,8,reviewed,nn,nn
2026-05-26T14:23:19.580Z,38.83716583252,-122.80333709717,2.0099999904633,0.7,md,8,78,0.01022,0,nc,nc75369242,2026-05-26T15:32:22.637Z,"7 km WNW of Cobb, CA",earthquake,0.45,1.57000005,0.45,9,automatic,nc,nc
2026-05-26T14:22:41.210Z,34.9295,-97.63633333,9.7,1.86,ml,97,47,0.03419329011,0.24,ok,ok2026kgak,2026-05-26T14:47:00.172Z,"8 km NE of Bradley, Oklahoma",earthquake,,0.7,0.22,47,reviewed,ok,ok
2026-05-26T14:07:51.354Z,23.7982,94.8304,112.776,4.5,mb,36,68,2.581,0.4,us,us6000t08d,2026-05-26T17:07:05.040Z,"46 km ENE of Mawlaik, Burma (Myanmar)",earthquake,8.91,7.46,0.102,32,reviewed,us,us
2026-05-26T14:05:54.556Z,32.6454,73.2947,33.024,4.6,mb,131,59,5.693,0.6,us,us7000snly,2026-05-26T17:12:01.040Z,"12 km NE of Malakwal City, Pakistan",earthquake,9.08,5.498,0.048,127,reviewed,us,us
2026-05-26T14:02:55.260Z,38.808334350586,-122.79483032227,3.2799999713898,0.49,md,6,107,0.0005198,0.01,nc,nc75369237,2026-05-26T14:27:23.230Z,"5 km NW of The Geysers, CA",earthquake,0.6,1.83000004,0.25,8,automatic,nc,nc
2026-05-26T13:53:30.492Z,61.748,-150.799,61.1,2.4,ml,72,42,0.3,0.8,ak,aka2026kiwzcn,2026-05-26T22:07:41.803Z,"27 km NW of Susitna, Alaska",earthquake,2.4,2.7985,0.2,49,reviewed,ak,ak
2026-05-26T13:52:23.320Z,37.1725,-113.40883333333,2.2,1.43,md,12,128,0.2084,0.09,uu,uu80141091,2026-05-26T20:27:07.170Z,"8 km SSW of Leeds, Utah",earthquake,0.34,2.24,0.49828957505042,6,reviewed,uu,uu
2026-05-26T13:43:57.793Z,64.728,-150.812,0.7,3.5,ml,98,24,0.7,1.1,ak,aka2026kiwqwe,2026-05-26T18:23:17.149Z,"31 km SSW of Manley Hot Springs, Alaska",earthquake,1.9,1.9287,0.2,72,reviewed,ak,ak
2026-05-26T13:41:31.827Z,63.259,-151.739,3.6,2.1,ml,22,69,0.2,0.6,ak,aka2026kiwoqe,2026-05-26T22:05:24.875Z,"31 km S of Denali National Park, Alaska",earthquake,4.4,3.002,0.1,16,reviewed,ak,ak
2026-05-26T13:38:52.153Z,29.097,-97.776,7.8616,1.8,ml,26,75,0.1,0.4,tx,tx2026khflhj,2026-05-26T13:53:46.255Z,"18 km S of Nixon, Texas",earthquake,0.97784231415006,1.9935543436692,0.1,13,reviewed,tx,tx
2026-05-26T13:33:32.060Z,38.82500076294,-122.75949859619,2.1300001144409,1.01,md,10,223,0.009798,0.02,nc,nc75369227,2026-05-26T14:42:21.324Z,"3 km W of Cobb, CA",earthquake,0.8,0.629999995,0.26,12,automatic,nc,nc
2026-05-26T13:32:08.898Z,60.341,-151.764,67.5,1.8,ml,20,46,0.4,0.6,ak,aka2026kiwgoz,2026-05-26T22:03:15.121Z,"23 km WNW of Clam Gulch, Alaska",earthquake,4.4,4.9938,0.2,13,reviewed,ak,ak
2026-05-26T13:25:00.090Z,34.411,-97.46883333,7.01,1.35,ml,29,161,0.04769064147,0.19,ok,ok2026kfyn,2026-05-27T13:28:01.172Z,"5 km SE of Ratliff City, Oklahoma",earthquake,,0.5,0.23,15,reviewed,ok,ok
2026-05-26T13:23:01.600Z,35.2975,-117.8095,8.35,1.26,ml,35,60,0.04223,0.16,ci,ci41474928,2026-05-26T13:39:15.821Z,"18 km WSW of Johannesburg, CA",earthquake,0.17,0.4,0.17250902370007,27,reviewed,ci,ci
2026-05-26T13:22:53.704Z,29.092,-97.772,6.327,3,ml,20,75,0.1,0.2,tx,tx2026khexni,2026-05-26T14:11:16.040Z,"19 km S of Nixon, Texas",earthquake,0.81814616959112,0.84684995495252,0.1,25,reviewed,tx,tx
2026-05-26T13:21:47.419Z,62.217,-149.905,6.8,2.2,ml,33,62,0.3,0.8,ak,aka2026kivxpu,2026-05-26T22:02:47.069Z,"6 km NNW of Susitna North, Alaska",earthquake,2.5,2.0996,0.1,26,reviewed,ak,ak
2026-05-26T13:10:53.430Z,38.84033203125,-122.78350067139,1.6399999856949,0.96,md,6,197,0.005679,0.02,nc,nc75369207,2026-05-26T14:17:26.247Z,"6 km WNW of Cobb, CA",earthquake,0.6,1.23000002,0.28,8,automatic,nc,nc
2026-05-26T13:03:53.822Z,59.878,-153.156,135,2.4,ml,62,75,0.1,0.6,ak,aka2026kivibr,2026-05-26T22:02:02.660Z,"54 km E of Pedro Bay, Alaska",earthquake,4.5,1.9564,0.3,43,reviewed,ak,ak
2026-05-26T12:51:54.750Z,37.390166666667,-112.5745,14.26,1.52,ml,8,138,0.2165,0.17,uu,uu80141086,2026-05-26T14:13:20.720Z,"8 km NNE of Glendale, Utah",earthquake,0.79,2.31,0.18610360217693,5,reviewed,uu,uu
2026-05-26T12:50:41.181Z,59.783,-152.793,84,1.6,ml,16,79,0.1,0.3,ak,aka2026kiuwqg,2026-05-26T22:00:46.833Z,"54 km W of Anchor Point, Alaska",earthquake,7.7,4.8295,0.3,12,reviewed,ak,ak
2026-05-26T12:30:21.608Z,64.121,-150.142,1.7,1.8,ml,22,67,0.7,0.5,ak,aka2026kiufaa,2026-05-26T21:59:35.907Z,"48 km WSW of Clear, Alaska",earthquake,3.3,2.7153,0.2,17,reviewed,ak,ak
2026-05-26T12:29:00.642Z,37.4361,-116.7065,14.8099,1.59,ml,29,146,0.258,0.1753,nn,nn00919219,2026-05-27T02:05:46.649Z,"55 km ESE of Goldfield, Nevada",earthquake,,2.0257,0.3,10,reviewed,nn,nn
2026-05-26T12:15:47.990Z,60.641,-146.928,22.1,1.7,ml,19,61,0.2,0.9,ak,aka2026kitski,2026-05-26T21:57:44.015Z,"28 km SSW of Tatitlek, Alaska",earthquake,4.8,2.4181,0.2,14,reviewed,ak,ak
2026-05-26T12:04:34.080Z,38.830165863037,-122.79933166504,9.1899995803833,0.93,md,15,62,0.01078,0.16,nc,nc75369172,2026-05-26T13:07:23.693Z,"7 km W of Cobb, CA",earthquake,1.16,2.51999998,0.26,17,automatic,nc,nc
2026-05-26T12:02:02.790Z,61.479,-150.85,18,1.8,ml,28,64,0.1,0.7,ak,aka2026kitgmd,2026-05-26T21:55:45.886Z,"19 km WSW of Susitna, Alaska",earthquake,3.1,1.7499,0.2,19,reviewed,ak,ak
2026-05-26T12:01:53.410Z,47.055666666667,-122.01733333333,19.09,0.81,ml,24,195,0.06787,0.09,uw,uw62251067,2026-05-26T18:35:10.030Z,"3 km SE of Carbonado, Washington",earthquake,0.3,0.4,0.16515957957452,9,reviewed,uw,uw
2026-05-26T11:59:57.150Z,47.048833333333,-122.02466666667,18.31,0.63,ml,17,239,0.06196,0.1,uw,uw62251062,2026-05-26T18:27:17.750Z,"4 km SSE of Carbonado, Washington",earthquake,0.71,0.43,0.18484085849388,8,reviewed,uw,uw
2026-05-26T11:55:41.570Z,51.797166666667,-178.86166666667,10.29,1.61,ml,5,247,0.01982,0.29,av,av94209698,2026-05-27T21:56:17.540Z,"153 km W of Adak, Alaska",earthquake,2.14,1.31,0.30289439214048,5,reviewed,av,av
2026-05-26T11:54:55.567Z,61.124,-147.365,17.7,1.3,ml,9,90,0.3,0.4,ak,aka2026kitahx,2026-05-26T21:54:19.304Z,"47 km NW of Tatitlek, Alaska",earthquake,10.9,9.932,0.2,7,reviewed,ak,ak
2026-05-26T11:53:37.850Z,38.76549911499,-122.69966888428,1.1799999475479,0.93,md,8,119,0.002691,0.01,nc,nc75369162,2026-05-26T12:37:20.500Z,"1 km SSW of Anderson Springs, CA",earthquake,0.35,0.389999986,0.4,9,automatic,nc,nc
2026-05-26T11:45:22.433Z,62.658,-149.593,64,2.8,ml,100,23,0.4,0.8,ak,aka2026kisrzy,2026-05-26T21:52:51.093Z,"35 km NE of Chase, Alaska",earthquake,1.9,2.702,0.2,69,reviewed,ak,ak
2026-05-26T11:40:02.079Z,31.65,-104.412,6.0486,1.7,ml,27,71,0,0.2,tx,tx2026khbmwl,2026-05-26T14:32:27.886Z,"58 km S of Whites City, New Mexico",earthquake,1.2159125820103,0.8765384885808,0.2,21,reviewed,tx,tx
2026-05-26T11:38:53.391Z,61.369,-151.28,84.5,1.9,ml,42,79,0.3,0.6,ak,aka2026kismkf,2026-05-26T21:51:03.105Z,"27 km NNW of Beluga, Alaska",earthquake,4,2.9785,0.3,30,reviewed,ak,ak
2026-05-26T11:33:44.085Z,62.199,-145.677,22.2,1.5,ml,10,73,0.2,0.5,ak,aka2026kishxq,2026-05-26T21:48:52.019Z,"12 km NW of Glennallen, Alaska",earthquake,4,3.1552,0.1,7,reviewed,ak,ak
2026-05-26T11:15:31.060Z,34.014,-117.02983333333,17.17,0.66,ml,26,56,0.1083,0.12,ci,ci41474904,2026-05-26T13:09:09.077Z,"2 km SSE of Yucaipa, CA",earthquake,0.17,0.49,0.15515892265379,10,reviewed,ci,ci
2026-05-26T11:11:02.272Z,2.1273,124.7178,261.309,4.4,mb,36,79,4.984,0.47,us,us6000t07v,2026-05-28T09:30:46.040Z,"72 km NNW of Manado, Indonesia",earthquake,7.62,8.844,0.107,25,reviewed,us,us
2026-05-26T11:10:25.462Z,13.6167,144.7187,134.429,4.4,mb,49,98,1.914,0.79,us,us6000t07y,2026-05-26T21:01:45.596Z,"15 km NNW of Tamuning-Tumon-Harmon Village, Guam",earthquake,11.51,7.536,0.073,54,reviewed,us,us
2026-05-26T11:02:05.480Z,46.939166666667,-112.647,4.75,1.18,ml,10,102,0.01737,0.14,mb,mb90141693,2026-05-28T14:24:44.760Z,"3 km ESE of Lincoln, Montana",earthquake,0.67,0.43,0.37026514133582,5,reviewed,mb,mb
2026-05-26T11:02:01.970Z,35.909666666667,-117.70383333333,2.44,0.4,ml,13,88,0.05777,0.06,ci,ci41474896,2026-05-26T19:42:14.087Z,"19 km E of Little Lake, CA",earthquake,0.11,0.16,0.22437533928679,11,reviewed,ci,ci
2026-05-26T11:00:36.460Z,33.743666666667,-116.86366666667,11.99,0.62,ml,18,92,0.07549,0.11,ci,ci41474888,2026-05-26T13:09:23.876Z,"3 km E of Valle Vista, CA",earthquake,0.25,0.48,0.17571918507625,10,reviewed,ci,ci
2026-05-26T11:00:08.292Z,32.32,-101.822,6.2988,0.8,ml,17,64,0,0.1,tx,tx2026khaeiu,2026-05-26T13:46:41.801Z,"21 km N of Stanton, Texas",earthquake,0.61841348354205,0.56685527660967,0.2,7,reviewed,tx,tx
2026-05-26T10:53:29.142Z,31.62,-104.273,7.1765,1.8,ml,35,70,0.1,0.2,tx,tx2026kgzwcr,2026-05-26T12:25:34.343Z,"56 km NW of Toyah, Texas",earthquake,0.61342408568139,0.72935750206333,0.1,17,reviewed,tx,tx
2026-05-26T10:51:13.280Z,38.819499969482,-122.79900360107,2.5899999141693,0.9,md,9,97,0.009482,0.01,nc,nc75369152,2026-05-26T11:17:24.989Z,"6 km NW of The Geysers, CA",earthquake,0.42,1.20000005,0.21,11,automatic,nc,nc
2026-05-26T10:48:22.950Z,62.705,-149.599,67,1.7,ml,16,72,0.4,0.6,ak,aka2026kiqupi,2026-05-26T21:46:54.445Z,"38 km NE of Chase, Alaska",earthquake,4.3,5.0821,0.1,13,reviewed,ak,ak
2026-05-26T10:39:09.850Z,38.826831817627,-122.81416320801,2.1300001144409,1.08,md,18,53,0.004688,0.02,nc,nc75369147,2026-05-26T11:37:20.128Z,"7 km NW of The Geysers, CA",earthquake,0.23,0.49000001,0.16,17,automatic,nc,nc
2026-05-26T10:35:51.870Z,33.955,-118.68166666667,12.47,1.68,ml,54,139,0.1082,0.18,ci,ci41474880,2026-05-26T19:08:19.007Z,"9 km S of Malibu Beach, CA",earthquake,0.24,0.41,0.14163242283864,58,reviewed,ci,ci
2026-05-26T10:35:16.070Z,34.010166666667,-116.72866666667,13.14,0.77,ml,39,38,0.07027,0.13,ci,ci41474872,2026-05-26T13:10:33.630Z,"12 km NNE of Cabazon, CA",earthquake,0.15,0.36,0.12312079761724,23,reviewed,ci,ci
2026-05-26T10:23:06.810Z,46.920833333333,-112.65316666667,5.28,1.29,ml,5,117,0.01226,0.08,mb,mb90141678,2026-05-28T14:20:18.840Z,"4 km SSE of Lincoln, Montana",earthquake,0.98,0.66,0.31821648317326,11,reviewed,mb,mb
2026-05-26T09:58:37.850Z,33.775833333333,-116.90933333333,12.68,1.41,ml,67,23,0.05838,0.21,ci,ci41474864,2026-05-26T10:09:48.140Z,"3 km NNW of Valle Vista, CA",earthquake,0.16,0.41,0.22854191465388,27,automatic,ci,ci
2026-05-26T09:50:28.370Z,29.092,-97.786,7.649,1.5,ml,8,77,0.1,0.3,tx,tx2026kgxwmh,2026-05-28T16:07:04.464Z,"19 km S of Nixon, Texas",earthquake,1.3365528371615,3.0071425745746,0.2,8,reviewed,tx,tx
2026-05-26T09:49:45.380Z,29.097,-97.77,8.272,1.5,ml,18,76,0.1,0.3,tx,tx2026kgxvvl,2026-05-26T14:06:37.118Z,"18 km S of Nixon, Texas",earthquake,0.79775896162388,1.2751970766005,0.1,6,reviewed,tx,tx
2026-05-26T09:47:45.320Z,35.683,-117.55766666667,6.44,1.11,ml,27,55,0.1105,0.15,ci,ci41474856,2026-05-31T23:37:03.749Z,"13 km ENE of Ridgecrest, CA",earthquake,0.19,0.64,0.15405502527501,10,reviewed,ci,ci
2026-05-26T09:43:05.174Z,61.889,-149.624,40,1.5,ml,19,90,0.4,0.8,ak,aka2026kiopys,2026-05-26T21:46:03.857Z,"26 km NW of Fishhook, Alaska",earthquake,4.8,5.6183,0.2,12,reviewed,ak,ak
2026-05-26T09:42:41.640Z,35.306666666667,-117.81233333333,7.74,2.08,ml,56,32,0.04779,0.17,ci,ci41474848,2026-05-26T13:10:29.370Z,"18 km WSW of Johannesburg, CA",earthquake,0.14,0.41,0.1772295585442,26,reviewed,ci,ci
2026-05-26T09:28:59.730Z,44.837166666667,-111.48833333333,10.09,0.37,ml,7,132,0.04201,0.27,mb,mb90141673,2026-05-28T14:16:48.100Z,"24 km WNW of Hebgen Lake Estates, Montana",earthquake,0.72,2.11,0.42734643527947,7,reviewed,mb,mb
2026-05-26T09:20:09.320Z,38.841331481934,-122.83716583252,1.6900000572205,1.02,md,20,88,0.003036,0.01,nc,nc75369117,2026-05-26T09:37:24.332Z,"10 km NW of The Geysers, CA",earthquake,0.23,0.419999987,0.27,21,automatic,nc,nc
2026-05-26T09:17:10.228Z,31.79,-101.648,8.8135,0.4,ml,12,73,0.1,0.1,tx,tx2026kgwtsk,2026-05-26T14:54:16.895Z,"17 km WSW of Garden City, Texas",earthquake,1.2841805144026,1.7792451719204,0.2,7,reviewed,tx,tx
2026-05-26T08:53:27.804Z,53.465,-167.028,15.1,2.3,ml,18,216,0.3,0.2,ak,aka2026kimyyp,2026-05-26T21:44:05.610Z,"56 km SW of Unalaska, Alaska",earthquake,14.9,5.4727,0.3,13,reviewed,ak,ak
2026-05-26T08:47:58.607Z,65.109,-150.457,3.4,1.5,ml,15,106,0.1,0.6,ak,aka2026kimuex,2026-05-26T21:42:13.008Z,"14 km NE of Manley Hot Springs, Alaska",earthquake,3.7,3.2026,0.2,10,reviewed,ak,ak
2026-05-26T08:44:16.932Z,65.092,-150.462,5.3,1.8,ml,18,89,0.1,0.7,ak,aka2026kimqzq,2026-05-26T21:41:14.776Z,"12 km NE of Manley Hot Springs, Alaska",earthquake,3.3,2.3677,0.1,13,reviewed,ak,ak
2026-05-26T08:43:27.831Z,28.769,-99.185,7.0742,1.5,ml,10,85,0.1,0.1,tx,tx2026kgvqtb,2026-05-26T14:40:52.240Z,"8 km N of Hilltop, Texas",earthquake,2.4640520678685,2.2373604991567,0.2,8,reviewed,tx,tx
2026-05-26T08:41:37.980Z,33.714,-116.83333333333,16.12,1.26,ml,66,21,0.08007,0.18,ci,ci41474840,2026-05-26T08:52:27.460Z,"7 km SE of Valle Vista, CA",earthquake,0.15,0.34,0.22433804211643,27,automatic,ci,ci
2026-05-26T08:39:24.300Z,53.8965,-166.6265,7.25,0.64,ml,6,149,0.03754,0.13,av,av94209558,2026-05-27T21:53:47.290Z,"5 km W of Dutch Harbor, Alaska",earthquake,0.39,0.81,0.40583364130674,6,reviewed,av,av
2026-05-26T08:39:11.658Z,-8.8676,113.772,35,4.9,mb,35,48,0.545,1.11,us,us6000t06t,2026-05-31T05:26:28.872Z,"66 km SW of Gambiran Satu, Indonesia",earthquake,5.88,1.902,0.11,26,reviewed,us,us
2026-05-26T08:38:24.522Z,65.08,-150.513,7.6,2.1,ml,28,42,0.1,1.1,ak,aka2026kimlxg,2026-05-26T21:39:52.612Z,"10 km NNE of Manley Hot Springs, Alaska",earthquake,3.1,1.8324,0.1,20,reviewed,ak,ak
2026-05-26T08:36:13.884Z,61.968,-150.137,2.5,1.8,ml,30,58,0.4,0.7,ak,aka2026kimkaj,2026-05-26T21:37:10.301Z,"25 km NNW of Willow, Alaska",earthquake,2.2,2.3036,0.3,20,reviewed,ak,ak
2026-05-26T08:34:33.891Z,65.095,-150.473,4.6,1.6,ml,20,52,0.1,0.9,ak,aka2026kimiop,2026-05-26T21:35:48.315Z,"12 km NE of Manley Hot Springs, Alaska",earthquake,3.3,2.2887,0.2,12,reviewed,ak,ak
2026-05-26T08:27:23.590Z,34.125666666667,-117.33766666667,10.94,1.45,ml,89,38,0.02403,0.15,ci,ci41474832,2026-05-26T21:59:51.930Z,"3 km S of Muscoy, CA",earthquake,0.11,0.19,0.12523094306898,40,reviewed,ci,ci
2026-05-26T08:27:17.788Z,65.103,-150.478,5.2,1.6,ml,19,53,0.1,0.8,ak,aka2026kimcgj,2026-05-26T21:33:48.394Z,"13 km NNE of Manley Hot Springs, Alaska",earthquake,3.2,2.3591,0.2,13,reviewed,ak,ak
2026-05-26T08:25:47.621Z,65.088,-150.569,17.2,1.7,ml,17,75,0.1,0.4,ak,aka2026kimayx,2026-05-26T21:32:16.096Z,"10 km NNE of Manley Hot Springs, Alaska",earthquake,4.4,2.243,0.1,12,reviewed,ak,ak
2026-05-26T08:23:56.509Z,34.632,-97.65866667,17.62,1.59,ml,72,68,0.1808645082,0.36,ok,ok2026kfoo,2026-05-26T14:15:53.379Z,"14 km E of Bray, Oklahoma",earthquake,,1.5,0.25,32,reviewed,ok,ok
2026-05-26T08:17:53.860Z,34.8575,-118.947,3.7,0.83,ml,22,82,0.06484,0.16,ci,ci41474824,2026-05-31T04:56:50.135Z,"4 km N of Frazier Park, CA",earthquake,0.2,0.44,0.173416034813,11,reviewed,ci,ci
2026-05-26T08:08:44.653Z,65.986,-149.511,5.2,1.6,ml,15,114,0.2,0.4,ak,aka2026kilmeq,2026-05-26T21:30:43.694Z,"19 km W of Stevens Village, Alaska",earthquake,4,2.7813,0.1,13,reviewed,ak,ak
2026-05-26T08:08:38.460Z,35.16166667,-97.772,4.98,0.62,ml,16,80,0.04409134777,0.18,ok,ok2026kfob,2026-05-27T13:24:39.999Z,"8 km SSW of Bridge Creek, Oklahoma",earthquake,,1.2,0.23,8,reviewed,ok,ok
2026-05-26T08:03:03.313Z,63.287,-151.112,1.2,1.7,ml,14,95,0.5,0.4,ak,aka2026kilhgl,2026-05-26T21:28:49.026Z,"41 km SE of Denali National Park, Alaska",earthquake,3.3,2.7314,0.2,8,reviewed,ak,ak
2026-05-26T08:02:37.960Z,19.315666666667,-155.86483333333,3.39,2.1,ml,38,205,0.1859,0.25,hv,hv74968842,2026-05-26T19:37:40.910Z,"15 km S of Honaunau-Napoopoo, Hawaii",earthquake,0.52,0.73,0.10257191248289,12,reviewed,hv,hv
2026-05-26T08:02:13.644Z,32.357,-102.088,7.666,0.2,ml,15,56,0,0.2,tx,tx2026kguhbl,2026-05-26T14:07:39.855Z,"37 km NW of Stanton, Texas",earthquake,0.91574245469433,1.0230779329394,0.2,6,reviewed,tx,tx
2026-05-26T08:00:07.930Z,35.9565,-117.3895,2.57,0.79,ml,20,79,0.1295,0.17,ci,ci41474816,2026-05-27T22:35:55.152Z,"21 km N of Searles Valley, CA",earthquake,0.27,0.96,0.13963884004123,9,reviewed,ci,ci
2026-05-26T07:55:07.790Z,38.484333333333,-112.90483333333,2.46,1.28,md,14,86,0.01688,0.07,uu,uu80141076,2026-05-26T13:41:31.130Z,"13 km NE of Milford, Utah",earthquake,0.24,0.49,0.56837079437407,8,reviewed,uu,uu
2026-05-26T07:48:13.050Z,60.544,-152.79383333333,4.31,-0.62,ml,7,82,0.04703,0.05,av,av94209513,2026-05-27T21:47:46.860Z,"81 km W of Salamatof, Alaska",earthquake,0.23,0.73,0.19032683922675,7,reviewed,av,av
2026-05-26T07:44:28.600Z,57.542,-155.597,76.1,2.3,ml,23,64,0.4,0.5,ak,aka2026kikrdt,2026-05-26T21:26:43.502Z,"68 km W of Karluk, Alaska",earthquake,6.1,4.0488,0.2,17,reviewed,ak,ak
2026-05-26T07:28:31.490Z,46.762166666667,-121.85766666667,3.53,-0.57,md,8,205,0.02598,0.04,uw,uw62251057,2026-05-26T18:22:11.170Z,"13 km E of Ashford, Washington",earthquake,0.34,0.47,0.28060124544038,8,reviewed,uw,uw
2026-05-26T07:28:09.263Z,54.015,-166.176,16.2,1.8,ml,17,158,0.1,0.2,ak,aka2026kikdaq,2026-05-27T21:45:45.700Z,"27 km ENE of Dutch Harbor, Alaska",earthquake,9.4,2.648,0.1,13,reviewed,ak,ak
2026-05-26T07:25:55.050Z,60.030166666667,-153.0755,3.58,-0.4,ml,4,136,0.02792,0.08,av,av94209478,2026-05-27T21:41:45.400Z,"63 km ENE of Pedro Bay, Alaska",earthquake,0.62,1.18,0.14353668787652,4,reviewed,av,av
2026-05-26T07:12:03.610Z,40.674499511719,-121.44850158691,8.3000001907349,2.68,md,9,101,0.1418,0.29,nc,nc75369102,2026-05-26T11:54:35.089Z,"26 km NE of Viola, CA",earthquake,1.2,5.42999983,0.19,9,automatic,nc,nc
2026-05-26T07:11:37.780Z,39.400001525879,-123.25749969482,6.4099998474121,2,md,18,48,0.09262,0.04,nc,nc75369097,2026-05-26T08:52:21.042Z,"8 km E of Willits, CA",earthquake,0.21,0.920000017,0.39,22,automatic,nc,nc
2026-05-26T06:51:27.750Z,38.823165893555,-122.8004989624,2.8499999046326,1.28,md,23,51,0.007483,0.02,nc,nc75369092,2026-05-26T08:12:20.759Z,"6 km NW of The Geysers, CA",earthquake,0.26,0.49000001,0.18,26,automatic,nc,nc
2026-05-26T06:41:47.050Z,38.794834136963,-122.80300140381,3.4800000190735,0.73,md,8,93,0.006499,0.02,nc,nc75369087,2026-05-26T07:07:25.419Z,"4 km WNW of The Geysers, CA",earthquake,0.71,1.14999998,0.19,8,automatic,nc,nc
2026-05-26T06:36:37.320Z,34.425,-97.473,5.52,1.2,ml,46,76,0.06118799283,0.36,ok,ok2026kfla,2026-05-27T13:22:17.557Z,"4 km SE of Ratliff City, Oklahoma",earthquake,,1,0.23,22,reviewed,ok,ok
2026-05-26T06:31:25.171Z,28.798,-99.018,4.2572,1.8,ml,18,82,0.1,0.2,tx,tx2026kgrgyt,2026-05-29T19:54:20.320Z,"12 km SE of Pearsall, Texas",earthquake,1.443919935669,1.1930227988222,0.1,17,reviewed,tx,tx
2026-05-26T06:28:34.170Z,19.421667098999,-155.28016662598,-0.029999999329448,1.94,ml,17,60,0.005444,0.100000001,hv,hv74968807,2026-05-26T06:32:09.580Z,"5 km WSW of Volcano, Hawaii",earthquake,0.16,0.219999999,0.45,4,automatic,hv,hv
2026-05-26T06:27:45.435Z,51.6034,75.4212,10,4.5,mb,67,34,3.448,0.66,us,us6000t06f,2026-05-26T06:48:57.040Z,"15 km SSE of Ekibastuz, Kazakhstan",earthquake,7.59,1.898,0.064,71,reviewed,us,us
2026-05-26T06:24:09.950Z,37.131500244141,-121.92233276367,11.529999732971,1.96,md,35,39,0.03077,0.11,nc,nc75369082,2026-05-26T07:47:25.605Z,"6 km SE of Lexington Hills, CA",earthquake,0.22,0.449999988,0.18,30,automatic,nc,nc
2026-05-26T06:18:39.740Z,38.8313331604,-122.81416320801,2.289999961853,1.08,md,12,86,0.008546,0.02,nc,nc75369077,2026-05-26T07:27:25.564Z,"8 km NW of The Geysers, CA",earthquake,0.32,0.790000021,0.23,13,automatic,nc,nc
2026-05-26T06:10:15.460Z,19.135999679565,-155.37033081055,28.670000076294,2.05,md,41,189,0.1042,0.159999996,hv,hv74968792,2026-05-26T06:15:07.840Z,"13 km ESE of Pāhala, Hawaii",earthquake,0.6,0.75,0.09837512614419,12,automatic,hv,hv
2026-05-26T06:09:06.740Z,33.588833333333,-116.7285,12.27,0.22,ml,18,61,0.02454,0.11,ci,ci41474808,2026-05-26T19:37:54.907Z,"6 km NW of Anza, CA",earthquake,0.24,0.49,0.21857242153371,11,reviewed,ci,ci
2026-05-26T06:01:31.419Z,60.26,-152.218,87.7,1.6,ml,15,108,0.3,0.3,ak,aka2026kihfwi,2026-05-26T21:23:16.054Z,"38 km NW of Ninilchik, Alaska",earthquake,8.8,5.1835,0.3,11,reviewed,ak,ak
2026-05-26T05:53:11.730Z,38.8313331604,-122.81216430664,1.2000000476837,1,md,11,65,0.008093,0.01,nc,nc75369072,2026-05-26T07:07:25.355Z,"8 km NW of The Geysers, CA",earthquake,0.23,0.540000021,0.24,11,automatic,nc,nc
2026-05-26T05:51:01.322Z,32.361,-102.087,8.7158,0.2,ml,13,88,0,0.2,tx,tx2026kgpwvs,2026-05-28T18:32:22.955Z,"38 km NW of Stanton, Texas",earthquake,1.2147126533717,1.3059672878837,0.2,7,reviewed,tx,tx
2026-05-26T05:50:21.242Z,32.365,-102.07,8.3252,0.5,ml,17,90,0,0.1,tx,tx2026kgpxly,2026-05-26T14:24:08.747Z,"37 km NW of Stanton, Texas",earthquake,1.3202881415455,1.073403892468,0.2,9,reviewed,tx,tx
2026-05-26T05:44:20.650Z,19.365333333333,-155.54883333333,-2.68,1.39,ml,15,89,0.04649,0.16,hv,hv74968777,2026-05-26T21:25:54.770Z,"19 km NNW of Pāhala, Hawaii",earthquake,0.32,0.28,0.19354099197276,4,reviewed,hv,hv
2026-05-26T05:26:56.450Z,32.548,-101.131,5.0049,1,ml,14,65,0.1,0.2,tx,tx2026kgpdiw,2026-05-27T14:28:39.552Z,"24 km NNW of Westbrook, Texas",earthquake,1.2542263532494,1.7972852737141,0.2,10,reviewed,tx,tx
2026-05-26T05:18:20.130Z,34.040666666667,-117.0535,14.78,1.71,ml,89,31,0.04919,0.19,ci,ci41474792,2026-05-26T13:11:38.290Z,"1 km NW of Yucaipa, CA",earthquake,0.12,0.24,0.21027206377698,24,reviewed,ci,ci
2026-05-26T05:15:42.330Z,38.835498809815,-122.79216766357,2.2599999904633,0.52,md,6,81,0.003236,0.01,nc,nc75369062,2026-05-26T05:17:19.492Z,"6 km WNW of Cobb, CA",earthquake,0.63,1.88999999,0.22,8,automatic,nc,nc
2026-05-26T05:11:52.440Z,40.675666666667,-121.4475,7.05,3.42,ml,47,23,0.09643,0.19,nc,nc75369057,2026-05-26T17:38:01.856Z,"26 km NE of Viola, CA",earthquake,0.21,1.22,0.115,41,reviewed,nc,nc
2026-05-26T05:08:49.220Z,53.898833333333,-166.63716666667,7.3,1.1,ml,7,144,0.03281,0.13,av,av94209358,2026-05-27T21:39:15.130Z,"6 km W of Dutch Harbor, Alaska",earthquake,0.39,0.74,0.24943978762288,7,reviewed,av,av
2026-05-26T05:08:12.280Z,53.899833333333,-166.632,7.84,0.56,ml,7,148,0.03598,0.08,av,av94209353,2026-05-27T21:36:45.910Z,"6 km W of Dutch Harbor, Alaska",earthquake,0.29,0.58,0.30729175923865,7,reviewed,av,av
2026-05-26T05:01:36.141Z,60.849,-151.045,21.4,1.9,ml,31,51,0.1,1.1,ak,aka2026kiffxx,2026-05-26T21:21:41.378Z,"21 km WSW of Point Possession, Alaska",earthquake,2.6,1.9118,0.2,22,reviewed,ak,ak
2026-05-26T04:33:26.670Z,38.894500732422,-123.64282989502,7.8200001716614,1.65,md,11,213,0.08212,0.05,nc,nc75369042,2026-05-26T05:32:23.741Z,"5 km ESE of Point Arena, CA",earthquake,0.8,1.04999995,0.13,8,automatic,nc,nc
2026-05-26T04:30:37.840Z,33.5315,-116.71216666667,6.2,1.01,ml,56,28,0.03979,0.2,ci,ci41474784,2026-05-26T13:11:42.660Z,"4 km SW of Anza, CA",earthquake,0.16,0.38,0.19615336461417,29,reviewed,ci,ci
2026-05-26T04:26:58.447Z,32.2793,-104.6134,6.339,2.9,ml,44,54,0.226,0.36,us,us6000t061,2026-05-26T04:34:41.040Z,"25 km WNW of Whites City, New Mexico",earthquake,3,5.484,0.057,40,reviewed,us,us
2026-05-26T04:17:03.501Z,32.543,-101.141,6.6895,1.9,ml,34,70,0.1,0.2,tx,tx2026kgmvcl,2026-05-26T12:16:00.756Z,"24 km NNW of Westbrook, Texas",earthquake,0.80351530864145,1.9266630786394,0.1,29,reviewed,tx,tx
2026-05-26T04:14:48.210Z,53.899,-166.6345,7.99,1.32,ml,9,93,0.03428,0.1,av,av94209303,2026-05-27T21:33:45.590Z,"6 km W of Dutch Harbor, Alaska",earthquake,0.3,0.4,0.32291246027866,9,reviewed,av,av
2026-05-26T04:12:08.580Z,19.163833618164,-155.49234008789,29.909999847412,1.92,md,32,158,0.08433,0.140000001,hv,hv74968737,2026-05-26T04:16:05.950Z,"4 km SSW of Pāhala, Hawaii",earthquake,0.63,1.04999995,0.12741054165824,14,automatic,hv,hv
2026-05-26T03:55:16.170Z,19.904,-155.72466666667,34.93,2.4,ml,40,122,0.07872,0.11,hv,hv74968732,2026-05-26T19:34:41.880Z,"7 km ESE of Waikoloa, Hawaii",earthquake,0.49,0.61,0.19731848886265,10,reviewed,hv,hv
2026-05-26T03:54:08.060Z,36.42366667,-96.89816667,8,1.53,ml,86,41,0.03329346669,0.17,ok,ok2026kffr,2026-05-26T14:04:26.780Z,"12 km NW of Pawnee, Oklahoma",earthquake,,0.2,0.25,35,reviewed,ok,ok
2026-05-26T03:52:32.200Z,33.996333333333,-117.225,3.85,0.77,ml,31,90,0.06533,0.19,ci,ci41474776,2026-05-26T03:55:53.933Z,"7 km SSE of Loma Linda, CA",earthquake,0.25,0.8,0.19127216463257,23,automatic,ci,ci
2026-05-26T03:41:09.610Z,53.9015,-166.6315,8.33,1.15,ml,8,91,0.03705,0.11,av,av93061034,2026-05-27T21:30:15.300Z,"6 km WNW of Dutch Harbor, Alaska",earthquake,0.31,0.41,0.28853312715282,8,reviewed,av,av
2026-05-26T03:40:49.410Z,53.902333333333,-166.634,8.43,1.48,ml,13,90,0.03622,0.18,av,av94209288,2026-05-27T21:27:14.000Z,"6 km WNW of Dutch Harbor, Alaska",earthquake,0.4,0.49,0.36456770712786,13,reviewed,av,av
2026-05-26T03:32:08.835Z,28.89,-98.974,5.1751,1.5,ml,11,88,0.1,0.2,tx,tx2026kglikp,2026-05-26T14:47:38.909Z,"11 km E of Pearsall, Texas",earthquake,2.3204062503898,2.0690425985237,0.2,10,reviewed,tx,tx
2026-05-26T03:28:47.010Z,53.901,-166.63716666667,7.39,0.26,ml,6,146,0.03392,0.12,av,av94209278,2026-05-27T21:24:12.820Z,"6 km WNW of Dutch Harbor, Alaska",earthquake,0.39,0.76,0.32746569746959,6,reviewed,av,av
2026-05-26T03:28:09.600Z,38.835834503174,-122.81483459473,2.2300000190735,0.71,md,11,60,0.01297,0.01,nc,nc75369022,2026-05-26T04:42:25.432Z,"8 km W of Cobb, CA",earthquake,0.36,1.23000002,0.2,13,automatic,nc,nc
2026-05-26T03:25:21.568Z,28.786,-98.993,7.5803,1.6,ml,22,84,0.1,0.4,tx,tx2026kglcoa,2026-05-26T14:40:18.421Z,"15 km SE of Pearsall, Texas",earthquake,2.550723532677,1.8327717023685,0.2,6,reviewed,tx,tx
2026-05-26T03:18:48.008Z,31.715,-104.281,6.7151,1.7,ml,39,67,0,0.2,tx,tx2026kgktrv,2026-05-26T11:31:37.910Z,"51 km S of Whites City, New Mexico",earthquake,0.63888674381472,0.69553693049989,0.2,26,reviewed,tx,tx
2026-05-26T03:11:58.350Z,33.957666666667,-118.67816666667,13.38,2.93,ml,119,68,0.1048,0.22,ci,ci41474768,2026-05-30T04:57:53.734Z,"8 km S of Malibu Beach, CA",earthquake,0.24,0.38,0.1360400781036,314,reviewed,ci,ci
2026-05-26T03:11:24.559Z,34.37116667,-97.43233333,14.41,1.45,ml,11,148,0.03509311353,0.27,ok,ok2026kfeg,2026-05-27T13:18:29.523Z,"11 km SE of Ratliff City, Oklahoma",earthquake,,1.7,0.25,5,reviewed,ok,ok
2026-05-26T03:11:00.383Z,-22.3134,-68.7517,112.943,4.1,mb,18,60,0.687,0.55,us,us6000t05w,2026-05-26T04:05:51.040Z,"23 km NE of Calama, Chile",earthquake,4.54,3.83,0.165,10,reviewed,us,us
2026-05-26T03:07:56.831Z,53.419,-166.988,0.3,3.8,ml,24,194,0.4,0.4,ak,aka2026kibljn,2026-05-26T04:56:03.716Z,"58 km SSW of Unalaska, Alaska",earthquake,8.5,4.6422,0.2,16,reviewed,ak,ak
2026-05-26T03:07:49.766Z,53.412,-166.996,2.8,3,ml,19,197,0.4,0.4,ak,aka2026kiblgw,2026-05-26T04:58:07.601Z,"59 km SSW of Unalaska, Alaska",earthquake,9.7,5.5114,0.1,13,reviewed,ak,ak
2026-05-26T03:03:34.180Z,53.397,-166.984,2,3.6,ml,20,198,0.4,0.7,ak,aka2026kibhpc,2026-05-26T04:44:16.364Z,"60 km SSW of Unalaska, Alaska",earthquake,8.9,3.3003,0.2,15,reviewed,ak,ak
2026-05-26T03:01:46.560Z,60.047166666667,-153.07683333333,-2.22,-0.74,ml,4,115,0.01219,0.05,av,av94209253,2026-05-27T21:21:13.490Z,"64 km ENE of Pedro Bay, Alaska",earthquake,0.36,2.19,0.21995159186261,4,reviewed,av,av
2026-05-26T03:01:01.870Z,53.786,-166.622,10.72,0.18,ml,6,225,0.07818,0.12,av,av94209248,2026-05-27T21:19:12.310Z,"11 km SSW of Unalaska, Alaska",earthquake,0.66,1.06,0.20978837796738,6,reviewed,av,av
2026-05-26T02:57:18.165Z,28.759,-99.019,5.5205,1.6,ml,12,87,0.1,0.2,tx,tx2026kgkelh,2026-05-28T16:47:00.037Z,"16 km SSE of Pearsall, Texas",earthquake,2.2042872048066,1.9436066328436,0.2,12,reviewed,tx,tx
2026-05-26T02:57:08.259Z,51.442,-178.082,62.4,3.2,ml,29,198,0.3,0.6,ak,aka2026kibbyj,2026-05-27T00:35:36.783Z,"111 km WSW of Adak, Alaska",earthquake,15.5,4.9988,0.2,22,reviewed,ak,ak
2026-05-26T02:49:21.976Z,58.837,-152.215,53,2.7,ml,74,124,0.2,0.7,ak,aka2026kiavec,2026-05-27T00:33:32.497Z,"60 km SSW of Nanwalek, Alaska",earthquake,3.2,3.4676,0.2,54,reviewed,ak,ak
2026-05-26T02:48:55.810Z,20.2175,-154.85083333333,35.86,2.76,ml,39,250,0.4278,0.16,hv,hv74968702,2026-05-29T01:09:49.480Z,"47 km NE of Honomu, Hawaii",earthquake,0.66,1.72,0.20822027933317,8,reviewed,hv,hv
2026-05-26T02:47:00.462Z,-22.2404,-68.9082,121.709,4.3,mb,23,50,0.54,0.75,us,us6000t05t,2026-05-26T03:49:19.040Z,"24 km N of Calama, Chile",earthquake,3.41,5.33,0.153,12,reviewed,us,us
2026-05-26T02:40:16.847Z,63.063,-149.657,77.5,1.9,ml,35,58,0.4,0.9,ak,aka2026kiangi,2026-05-27T00:33:04.233Z,"51 km SW of Cantwell, Alaska",earthquake,3.3,3.1282,0.2,25,reviewed,ak,ak
2026-05-26T02:27:19.650Z,33.8145,-117.02016666667,16.33,0.54,ml,12,103,0.1072,0.08,ci,ci41474760,2026-05-26T19:27:49.901Z,"7 km WNW of San Jacinto, CA",earthquake,0.21,0.49,0.19486632273221,9,reviewed,ci,ci
2026-05-26T02:26:00.823Z,-22.2623,-68.8934,117.904,4.2,mb,18,61,0.565,0.27,us,us6000t05r,2026-05-26T03:32:44.331Z,"21 km N of Calama, Chile",earthquake,4.62,6.244,0.199,7,reviewed,us,us
2026-05-26T02:13:57.280Z,33.359,-116.756,12.05,1.18,ml,65,23,0.08942,0.19,ci,ci41474744,2026-05-26T02:17:25.532Z,"10 km E of Palomar Observatory, CA",earthquake,0.14,0.47,0.31683127436684,17,automatic,ci,ci
2026-05-26T02:13:32.080Z,36.046001434326,-120.19316864014,9,2.5,md,31,138,0.08711,0.11,nc,nc75368997,2026-05-26T03:32:22.995Z,"7 km NW of Avenal, CA",earthquake,0.27,0.409999996,0.15,37,automatic,nc,nc
2026-05-26T02:08:03.420Z,-28.3135,-176.5972,10,5.3,mb,57,73,10.165,0.74,us,us6000t05n,2026-05-26T02:27:31.040Z,"Kermadec Islands region",earthquake,9.75,1.863,0.051,129,reviewed,us,us
2026-05-26T01:52:37.666Z,32.1447,-103.2154,8.224,2.2,mb_lg,41,54,0.196,0.86,us,us6000t05m,2026-05-26T08:17:43.268Z,"4 km NNW of Jal, New Mexico",earthquake,1.84,7.114,0.114,32,reviewed,us,us
2026-05-26T01:47:04.220Z,44.773666666667,-110.97166666667,9.59,0.75,ml,14,142,0.02845,0.11,uu,uu80141071,2026-05-26T13:27:00.920Z,"16 km NE of West Yellowstone, Montana",earthquake,0.36,0.65,0.17008234213981,3,reviewed,uu,uu
2026-05-26T01:43:02.037Z,32.11,-102.177,6.8115,0.2,ml,15,80,0,0.2,tx,tx2026kghsjr,2026-05-28T18:39:43.697Z,"15 km NW of Midland, Texas",earthquake,1.1947595139611,1.4275033005758,0.2,7,reviewed,tx,tx
2026-05-26T01:41:14.400Z,33.165,-116.57933333333,15.66,0.78,ml,32,74,0.06638,0.16,ci,ci41474728,2026-05-31T01:33:28.309Z,"10 km NNE of Julian, CA",earthquake,0.22,0.4,0.22423040493398,16,reviewed,ci,ci
2026-05-26T01:35:37.065Z,-4.24,126.0995,394.09,4.1,mb,15,115,5.773,0.69,us,us6000t05l,2026-05-26T01:55:04.040Z,"239 km WSW of Ambon, Indonesia",earthquake,12.45,11.632,0.213,6,reviewed,us,us
2026-05-26T01:35:08.760Z,38.830833435059,-122.81966400147,1.5900000333786,0.77,md,15,51,0.01055,0.03,nc,nc75368977,2026-05-26T01:52:22.392Z,"8 km NW of The Geysers, CA",earthquake,0.23,0.600000024,0.13,16,automatic,nc,nc
2026-05-26T01:31:10.557Z,56.028,-159.933,1.1,2.7,ml,16,147,0.3,0.6,ak,aka2026khyfns,2026-05-27T00:30:00.083Z,"31 km WNW of Ivanof Bay, Alaska",earthquake,9.4,6.6771,0.2,12,reviewed,ak,ak
2026-05-26T01:28:38.160Z,28.721,-98.954,6.658,1.9,ml,24,94,0.2,0.3,tx,tx2026kghgao,2026-05-26T13:05:06.817Z,"21 km E of Hilltop, Texas",earthquake,1.2376459903272,1.0815834429638,0.2,17,reviewed,tx,tx
2026-05-26T01:21:23.220Z,33.164833333333,-116.5915,14.02,1.55,ml,60,33,0.05795,0.21,ci,ci41474712,2026-05-26T19:09:20.270Z,"10 km N of Julian, CA",earthquake,0.18,0.37,0.21526434386886,26,reviewed,ci,ci
2026-05-26T01:16:19.960Z,34.41416667,-97.45583333,5.39,1.23,ml,39,82,0.05308958201,0.31,ok,ok2026kfam,2026-05-27T12:48:06.135Z,"6 km SE of Ratliff City, Oklahoma",earthquake,,0.9,0.26,19,reviewed,ok,ok
2026-05-26T01:15:33.930Z,49.344833333333,-120.4425,-0.51,1.93,ml,4,309,0.535,0.15,uw,uw62250972,2026-05-26T17:58:52.800Z,"13 km SSE of Princeton, Canada",explosion,1.2,31.61,0.020830555045009,2,reviewed,uw,uw
2026-05-26T01:08:40.040Z,33.384166666667,-116.96716666667,8.81,0.7,ml,25,37,0.05431,0.18,ci,ci41474704,2026-05-28T20:56:04.651Z,"10 km WNW of Palomar Observatory, CA",earthquake,0.23,0.6,0.10184000568828,12,reviewed,ci,ci
2026-05-26T00:57:23.030Z,34.953166666667,-116.77566666667,5.39,1.83,ml,26,78,0.1728,0.21,ci,ci41474696,2026-05-26T21:32:49.113Z,"23 km ENE of Barstow, CA",earthquake,0.29,1.45,0.082758599264594,16,reviewed,ci,ci
2026-05-26T00:27:36.700Z,32.357,-102.076,8.667,0.1,ml,9,86,0,0.1,tx,tx2026kgffhj,2026-05-27T14:32:27.370Z,"37 km NW of Stanton, Texas",earthquake,1.1901351573004,1.487575177089,0.2,11,reviewed,tx,tx
2026-05-26T00:26:38.150Z,38.82833480835,-122.82099914551,1.7000000476837,1.3,md,22,43,0.01214,0.02,nc,nc75368957,2026-05-26T02:52:22.754Z,"8 km NW of The Geysers, CA",earthquake,0.18,0.389999986,0.11,24,automatic,nc,nc
2026-05-26T00:26:16.257Z,52.9771,-167.5819,35,3.3,ml,19,222,0.478,0.59,us,us7000snr6,2026-05-27T04:29:15.040Z,"86 km E of Nikolski, Alaska",earthquake,3.8,2.005,0.105,12,reviewed,us,us
2026-05-26T00:21:02.150Z,36.207000732422,-120.37232971191,10.189999580383,1.82,md,14,128,0.04811,0.08,nc,nc75368952,2026-05-26T02:27:23.611Z,"7 km N of Coalinga, CA",earthquake,0.5,0.670000017,0.18,8,automatic,nc,nc
2026-05-26T00:20:57.882Z,-22.3305,-68.7694,117.022,4.2,mb,20,69,0.689,0.53,us,us6000t05h,2026-05-26T04:04:42.466Z,"21 km NE of Calama, Chile",earthquake,4.82,6.084,0.159,11,reviewed,us,us
2026-05-26T00:16:48.397Z,31.757,-103.837,8.8171,1.5,ml,41,30,0,0.2,tx,tx2026kgevlu,2026-05-26T20:01:48.131Z,"23 km WNW of Mentone, Texas",earthquake,0.40810707150419,0.54545945289418,0.1,24,reviewed,tx,tx
2026-05-25T23:47:02.340Z,31.599,-102.091,5.3467,1.4,ml,24,79,0.2,0.1,tx,tx2026kgdwlp,2026-05-26T19:51:49.891Z,"33 km NE of Crane, Texas",earthquake,0.74761098636952,2.8331091870928,0.2,25,reviewed,tx,tx
2026-05-25T23:41:18.930Z,35.844666666667,-84.006,15.77,1.68,md,9,92,0.09361,0.08,se,se60505588,2026-05-26T12:09:20.660Z,"4 km NE of Louisville, Tennessee",earthquake,0.65,1.36,0.15871879389206,7,reviewed,se,se
2026-05-25T23:40:26.826Z,-22.2646,-68.6908,115.167,4.3,mb,25,45,0.692,0.74,us,us6000t058,2026-05-26T03:43:38.040Z,"32 km NE of Calama, Chile",earthquake,5.08,6.425,0.178,9,reviewed,us,us
2026-05-25T23:40:22.890Z,59.506,-152.841,104.1,1.9,ml,48,90,0.2,0.5,ak,aka2026khunkf,2026-05-25T23:43:05.895Z,"54 km WNW of Nanwalek, Alaska",earthquake,5.1,2.2534,0.2,4,automatic,ak,ak
2026-05-25T23:34:26.950Z,40.291332244873,-124.6446685791,15.880000114441,2.38,md,16,288,0.2311,0.17,nc,nc75368947,2026-05-26T01:37:21.292Z,"31 km W of Petrolia, CA",earthquake,3.74,1.25999999,0.1,11,automatic,nc,nc
2026-05-25T23:33:56.737Z,31.678,-104.414,6.2408,1.5,ml,23,86,0,0.3,tx,tx2026kgdkyw,2026-05-26T16:57:50.785Z,"55 km S of Whites City, New Mexico",earthquake,0.64198038828123,0.61266333474271,0.1,14,reviewed,tx,tx
2026-05-25T23:31:55.698Z,53.37,159.633,79.612,4.6,mb,187,141,1.192,0.62,us,us6000t059,2026-05-26T03:26:03.040Z,"75 km ENE of Petropavlovsk-Kamchatsky, Russia",earthquake,11.52,7.3,0.04,186,reviewed,us,us
2026-05-25T23:27:17.218Z,60.985,-147.348,25.2,1.8,ml,19,95,0.2,0.8,ak,aka2026khucaw,2026-05-25T23:28:31.548Z,"38 km WNW of Tatitlek, Alaska",earthquake,4,2.6496,0.2,4,automatic,ak,ak
2026-05-25T23:17:54.430Z,19.187333333333,-155.50083333333,31.17,1.99,ml,42,87,0.04845,0.11,hv,hv74968607,2026-05-26T18:57:06.560Z,"2 km SW of Pāhala, Hawaii",earthquake,0.44,0.48,0.18123881808409,10,reviewed,hv,hv
2026-05-25T23:12:11.270Z,33.184,-115.60133333333,2.59,1.27,ml,19,46,0.01783,0.2,ci,ci41474680,2026-05-27T21:40:00.921Z,"10 km SW of Niland, CA",earthquake,0.24,0.25,0.28972330905632,9,reviewed,ci,ci
2026-05-25T22:51:06.090Z,38.837833404541,-122.78583526611,1.9800000190735,0.69,md,10,84,0.003568,0.02,nc,nc75368927,2026-05-25T22:52:44.508Z,"6 km WNW of Cobb, CA",earthquake,0.35,0.540000021,0.21,10,automatic,nc,nc
2026-05-25T22:45:56.332Z,61.147,-146.507,0.4,1.6,ml,32,68,0.1,0.9,ak,aka2026khssai,2026-05-25T22:47:57.468Z,"8 km WNW of Valdez, Alaska",earthquake,3.2,2.5242,0.3,8,automatic,ak,ak
2026-05-25T22:24:56.670Z,37.500831604004,-118.81216430664,5.0199999809265,2.27,md,22,120,0.09005,0.05,nc,nc75368922,2026-05-26T23:30:51.115Z,"13 km WSW of Toms Place, CA",earthquake,0.37,1.19000006,0.24,24,automatic,nc,nc
2026-05-25T22:22:44.030Z,38.821666717529,-122.76533508301,1.9199999570847,1.3,md,26,106,0.009491,0.03,nc,nc75368917,2026-05-26T00:42:23.941Z,"4 km W of Cobb, CA",earthquake,0.25,0.360000014,0.18,25,automatic,nc,nc
2026-05-25T22:21:45.670Z,35.866666666667,-117.69316666667,7.69,1.33,ml,30,38,0.0822,0.16,ci,ci41474672,2026-05-28T17:00:54.818Z,"21 km ESE of Little Lake, CA",earthquake,0.17,0.52,0.16861199710842,18,reviewed,ci,ci
2026-05-25T22:18:46.505Z,31.755,-103.831,8.2147,1.1,ml,11,73,0,0.1,tx,tx2026kgayjs,2026-05-26T16:05:21.714Z,"22 km WNW of Mentone, Texas",earthquake,0.5802380827779,0.53917846711714,0.2,8,reviewed,tx,tx
2026-05-25T22:17:13.183Z,32.312,-102.16,7.3486,1.1,ml,23,71,0,0.1,tx,tx2026kgawzx,2026-05-26T13:52:26.563Z,"34 km E of McKinney Acres, Texas",earthquake,0.75003432506402,0.72588758340382,0.2,13,reviewed,tx,tx
2026-05-25T22:09:29.278Z,31.547,-104.129,7.9456,1.5,ml,36,68,0,0.2,tx,tx2026kgaqcf,2026-05-26T11:53:36.678Z,"41 km NW of Toyah, Texas",earthquake,0.57972605979566,0.72362059160558,0.2,19,reviewed,tx,tx
2026-05-25T22:08:45.098Z,-22.2772,-68.7439,115.218,4.3,mb,22,55,0.665,0.63,us,us6000t04v,2026-05-26T02:33:50.040Z,"27 km NE of Calama, Chile",earthquake,4.12,6.125,0.202,7,reviewed,us,us
2026-05-25T22:03:41.946Z,-4.0316,134.0499,10,4.9,mb,28,117,2.11,0.66,us,us6000t04u,2026-05-26T02:12:01.040Z,"177 km WSW of Nabire, Indonesia",earthquake,10.69,1.915,0.112,27,reviewed,us,us
2026-05-25T22:03:22.702Z,-22.4709,-68.8216,114.776,4.8,mb,23,67,0.732,0.8,us,us6000t04w,2026-05-26T01:53:45.040Z,"10 km E of Calama, Chile",earthquake,3.13,5.664,0.226,7,reviewed,us,us
2026-05-25T22:01:37.810Z,38.827499389648,-122.80616760254,2.579999923706,0.7,md,8,84,0.00511,0.01,nc,nc75368887,2026-05-25T22:17:24.042Z,"7 km NW of The Geysers, CA",earthquake,0.42,1.23000002,0.17,10,automatic,nc,nc
2026-05-25T22:01:26.739Z,62.253,-149.42,55.7,1.3,ml,6,178,0.4,0.6,ak,aka2026khrfpw,2026-05-25T22:03:19.653Z,"24 km ENE of Susitna North, Alaska",earthquake,18,12.3264,0.2,6,automatic,ak,ak
2026-05-25T21:59:13.330Z,46.7735,-121.86083333333,8.58,0.2,mh,12,170,0.01644,0.09,uw,uw62250807,2026-05-27T19:51:20.960Z,"13 km E of Ashford, Washington",earthquake,0.66,0.45,,0,reviewed,uw,uw
2026-05-25T21:52:20.043Z,-22.3883,-68.6422,109,6.9,mww,304,24,0.706,0.53,us,us6000t04s,2026-06-01T02:23:21.285Z,"29 km ENE of Calama, Chile",earthquake,5.59,1.833,0.045,48,reviewed,us,us
2026-05-25T21:46:18.473Z,61.538,-141.003,13.6,1.5,ml,9,145,0.4,0.3,ak,aka2026khqsmp,2026-05-25T21:48:46.526Z,"102 km E of McCarthy, Alaska",earthquake,9,5.3233,0.1,6,automatic,ak,ak
2026-05-25T21:30:17.658Z,28.722,-98.474,8.1467,1.9,ml,35,42,0,0.2,tx,tx2026kfziat,2026-05-26T09:38:29.501Z,"7 km SSE of Christine, Texas",earthquake,0.49960020662074,0.84197442457853,0.2,16,reviewed,tx,tx
2026-05-25T21:29:10.803Z,31.756,-103.835,7.7277,1.5,ml,31,48,0,0.1,tx,tx2026kfzhqz,2026-05-26T15:22:38.877Z,"23 km WNW of Mentone, Texas",earthquake,0.3777190605869,0.42136555945749,0.2,30,reviewed,tx,tx
2026-05-25T21:27:49.263Z,31.756,-103.836,7.6508,1.9,ml,38,58,0,0.1,tx,tx2026kfzglk,2026-05-26T10:26:44.968Z,"23 km WNW of Mentone, Texas",earthquake,0.34593230538854,0.36768653111303,0.1,26,reviewed,tx,tx
2026-05-25T21:24:40.662Z,31.644,-104.292,1.9086,1.9,ml,34,68,0,0.2,tx,tx2026kfzdue,2026-05-26T09:49:50.175Z,"59 km S of Whites City, New Mexico",earthquake,0.54290516047004,0.54305364108736,0.2,19,reviewed,tx,tx
2026-05-25T21:19:18.040Z,33.540166666667,-116.712,6.08,0.44,ml,19,53,0.03286,0.08,ci,ci41474640,2026-05-27T22:14:15.698Z,"4 km WSW of Anza, CA",earthquake,0.14,0.28,0.13976180373527,12,reviewed,ci,ci
2026-05-25T21:16:04.180Z,34.382166666667,-120.18983333333,13.86,0.79,ml,7,293,0.09636,0.21,ci,ci10240830,2026-05-28T20:28:07.768Z,"24 km SSW of Solvang, CA",earthquake,1.31,1.65,0.23427237252614,6,reviewed,ci,ci
2026-05-25T21:16:00.780Z,38.81816482544,-122.82849884033,8.6199998855591,0.8,md,8,131,0.007104,0.05,nc,nc75368877,2026-05-25T21:37:23.773Z,"8 km NW of The Geysers, CA",earthquake,1.83,6.61999989,0.14,9,automatic,nc,nc
2026-05-25T21:11:02.573Z,32.451,-102.119,4.1748,0.3,ml,13,114,0,0.1,tx,tx2026kfysah,2026-05-28T18:10:41.766Z,"35 km SSW of Los Ybanez, Texas",earthquake,0.54606361834172,0.66652838377841,0.2,6,reviewed,tx,tx
2026-05-25T21:08:22.870Z,33.656666666667,-116.73866666667,14.48,0.63,ml,24,92,0.05546,0.12,ci,ci41474632,2026-05-26T13:12:10.251Z,"9 km S of Idyllwild, CA",earthquake,0.26,0.32,0.15111845684049,11,reviewed,ci,ci
2026-05-25T21:07:15.923Z,32.043,-101.879,8.5693,1.1,ml,61,33,0.1,0.1,tx,tx2026kfynux,2026-05-26T10:12:29.550Z,"12 km SW of Stanton, Texas",earthquake,0.27598589072256,0.65214526216424,0.2,30,reviewed,tx,tx
2026-05-25T21:04:47.170Z,35.677333333333,-117.52916666667,6.68,0.97,ml,20,87,0.08673,0.11,ci,ci41474624,2026-05-27T22:06:27.506Z,"15 km ENE of Ridgecrest, CA",earthquake,0.21,0.49,0.23222259321494,13,reviewed,ci,ci
2026-05-25T20:55:02.340Z,38.837665557861,-122.79183197022,2.3099999427795,0.92,md,12,74,0.001379,0.02,nc,nc75368872,2026-05-25T21:17:27.702Z,"6 km WNW of Cobb, CA",earthquake,0.32,0.560000002,0.2,12,automatic,nc,nc
2026-05-25T20:49:20.013Z,58.233,-155.078,2.2,0.4,ml,6,134,0,0.2,ak,aka2026khovcf,2026-05-25T20:52:06.445Z,"82 km NNW of Karluk, Alaska",earthquake,13.9,44.0001,0.1,6,automatic,ak,ak
2026-05-25T20:39:20.664Z,1.1115,126.0911,31.057,5.6,mww,86,41,7.343,0.88,us,us6000t04f,2026-05-26T21:04:18.254Z,"113 km ESE of Bitung, Indonesia",earthquake,9.3,5.068,0.08,15,reviewed,us,us
2026-05-25T20:36:07.890Z,35.313833333333,-117.805,7.15,2.5,ml,57,33,0.05709,0.17,ci,ci41474616,2026-05-27T18:22:08.040Z,"17 km WSW of Johannesburg, CA",earthquake,0.14,0.5,0.20306699369636,91,reviewed,ci,ci
2026-05-25T20:23:15.140Z,33.920333333333,-119.46133333333,9.9,2.57,ml,44,92,0.1627,0.21,ci,ci41474600,2026-05-27T18:16:25.040Z,"13 km SSE of Santa Cruz Is. (E end), CA",earthquake,0.29,0.73,0.18134116345358,105,reviewed,ci,ci
2026-05-25T19:53:01.170Z,38.806499481201,-122.62216949463,4.0700001716614,1.18,md,5,223,0.1257,0.15,nc,nc75368857,2026-05-25T22:07:22.045Z,"6 km W of Hidden Valley Lake, CA",earthquake,4.31,12.5799999,0.05,2,automatic,nc,nc
2026-05-25T19:49:35.000Z,18.011166666667,-66.737166666667,12.29,2.06,md,15,169,0.05247,0.15,pr,pr71517783,2026-05-25T20:21:12.120Z,"2 km NW of Tallaboa, Puerto Rico",earthquake,0.41,0.57,0.16139294413643,9,reviewed,pr,pr
2026-05-25T19:48:07.250Z,18.013166666667,-66.74,12.9,2.37,md,21,134,0.0495,0.12,pr,pr71517778,2026-05-25T20:03:53.690Z,"3 km E of Magas Arriba, Puerto Rico",earthquake,0.3,0.35,0.15542294770348,12,reviewed,pr,pr
2026-05-25T19:43:05.419Z,34.29033333,-97.63766667,4.51,1.14,ml,24,119,0.142172101,0.28,ok,ok2026kepm,2026-05-26T18:49:23.486Z,"5 km SE of Loco, Oklahoma",earthquake,,1,0.22,12,reviewed,ok,ok
2026-05-25T19:38:34.683Z,44.8401,-113.3192,12.728,3.2,ml,47,39,0.335,0.52,us,us6000t049,2026-05-28T14:02:10.800Z,"18 km N of Leadore, Idaho",earthquake,2.16,8.289,0.032,128,reviewed,us,us
2026-05-25T19:36:09.980Z,34.43516667,-97.47633333,5.12,1.44,ml,37,80,0.07198587392,0.36,ok,ok2026kepg,2026-05-26T18:54:03.648Z,"3 km ESE of Ratliff City, Oklahoma",earthquake,,1.1,0.29,23,reviewed,ok,ok
2026-05-25T19:18:29.010Z,34.4155,-120.1505,5.99,1.46,ml,23,92,0.08063,0.2,ci,ci10240822,2026-05-27T17:37:18.937Z,"20 km S of Solvang, CA",earthquake,0.36,0.87,0.18412823573779,22,reviewed,ci,ci
2026-05-25T19:08:32.544Z,58.281,-155.552,5,0.9,ml,17,63,0.1,0.4,ak,aka2026khllrp,2026-05-27T20:53:10.840Z,"79 km SE of King Salmon, Alaska",earthquake,4.7,,0.1,8,automatic,ak,ak
2026-05-25T18:55:23.850Z,36.779834747315,-121.36166381836,3.579999923706,1.76,md,20,68,0.03999,0.06,nc,nc75368832,2026-05-25T20:27:21.332Z,"4 km S of Ridgemark, CA",earthquake,0.21,0.589999974,0.19,15,automatic,nc,nc
2026-05-25T18:53:07.146Z,-17.3742,167.783,35,4.7,mb,22,177,1.995,0.52,us,us6000t047,2026-05-27T18:00:18.040Z,"69 km NW of Port-Vila, Vanuatu",earthquake,9.53,1.94,0.13,18,reviewed,us,us
2026-05-25T18:50:00.590Z,37.9295,21.314,10,4.3,mb,45,105,0.893,0.76,us,us6000t046,2026-05-31T14:26:45.040Z,"3 km N of Traganón, Greece",earthquake,5.64,1.926,0.107,25,reviewed,us,us
2026-05-25T18:47:31.660Z,36.110668182373,-120.17333221435,9.3500003814697,2.21,md,29,148,0.05651,0.13,nc,nc75368822,2026-05-25T20:07:21.217Z,"12 km SSW of Huron, CA",earthquake,0.31,0.419999987,0.23,21,automatic,nc,nc
2026-05-25T18:46:25.370Z,38.836166381836,-122.78316497803,1.7699999809265,0.66,md,8,81,0.006037,0.01,nc,nc75368812,2026-05-25T19:47:25.081Z,"5 km WNW of Cobb, CA",earthquake,0.44,0.600000024,0.21,9,automatic,nc,nc
2026-05-25T18:34:01.820Z,38.833168029785,-122.874168396,2.7400000095367,0.66,md,7,170,0.008835,0.02,nc,nc75368802,2026-05-25T19:22:21.997Z,"12 km WNW of The Geysers, CA",earthquake,0.71,1.26999998,0.13,8,automatic,nc,nc
2026-05-25T18:33:20.630Z,35.3015,-117.81033333333,7.76,1.78,ml,50,35,0.04471,0.16,ci,ci41474560,2026-05-26T13:12:46.920Z,"18 km WSW of Johannesburg, CA",earthquake,0.14,0.43,0.1362722042309,27,reviewed,ci,ci
2026-05-25T18:24:47.420Z,35.864333333333,-117.68466666667,9.72,0.29,ml,15,85,0.08571,0.13,ci,ci41474552,2026-05-26T21:34:21.379Z,"22 km ESE of Little Lake, CA",earthquake,0.25,0.54,0.16942447192359,10,reviewed,ci,ci
2026-05-25T18:19:47.708Z,31.547,-104.142,7.6892,1.8,ml,31,69,0,0.1,tx,tx2026kftagl,2026-05-26T11:20:07.130Z,"41 km NW of Toyah, Texas",earthquake,0.64323734452304,0.53878684302866,0.2,15,reviewed,tx,tx
2026-05-25T18:19:47.650Z,35.864166666667,-117.68733333333,8.51,0.65,ml,21,55,0.08396,0.11,ci,ci41474544,2026-05-27T22:20:19.701Z,"21 km ESE of Little Lake, CA",earthquake,0.18,0.46,0.15589273713568,13,reviewed,ci,ci
2026-05-25T18:17:58.985Z,60.835,-151.204,60.2,1.9,ml,42,43,0.5,0.8,ak,aka2026khjtwa,2026-05-25T18:23:12.731Z,"16 km NNE of Nikiski, Alaska",earthquake,3,3.5171,0.1,29,automatic,ak,ak
2026-05-25T17:53:31.759Z,65.361,-168.996,10.7,3.7,ml,13,236,1.7,0.9,ak,aka2026khizno,2026-05-31T14:24:24.040Z,"44 km S of Diomede, Alaska",earthquake,16.1,10.4092,0.1,10,reviewed,ak,ak
2026-05-25T17:32:36.270Z,37.151832580566,-121.45099639893,24.120000839233,1.42,md,7,177,0.2071,0.21,nc,nc75368767,2026-05-25T18:27:20.570Z,"16 km ENE of San Martin, CA",earthquake,2.05,2.3599999,,1,automatic,nc,nc
2026-05-25T16:57:48.530Z,31.53,-104.007,6.8689,1.6,ml,41,56,0,0.2,tx,tx2026kfqhjr,2026-05-26T11:43:01.784Z,"31 km NW of Toyah, Texas",earthquake,0.57384858735064,0.67671711033456,0.2,30,reviewed,tx,tx
2026-05-25T16:48:12.996Z,-0.139,134.617,10,4.5,mb,27,92,3.637,0.94,us,us6000t03v,2026-05-28T13:32:48.040Z,"100 km NE of Manokwari, Indonesia",earthquake,10.93,1.899,0.136,19,reviewed,us,us
2026-05-25T16:46:33.150Z,42.098333333333,-112.43133333333,1.3,1.12,md,11,159,0.08116,0.21,uu,uu80141046,2026-05-26T15:33:16.660Z,"18 km SW of Malad City, Idaho",earthquake,0.88,31.61,0.1200259043319,8,reviewed,uu,uu
2026-05-25T16:43:03.630Z,58.3055,-154.8355,5.39,0.13,ml,9,166,0.0798,0.23,av,av94208768,2026-05-27T20:50:40.620Z,"85 km NNW of Karluk, Alaska",earthquake,0.6,1.61,0.23930122221221,9,reviewed,av,av
2026-05-25T16:33:43.246Z,31.753,-103.834,7.8943,1,ml,9,91,0,0,tx,tx2026kfpnbd,2026-05-26T15:33:32.628Z,"22 km WNW of Mentone, Texas",earthquake,0.57397769633271,0.69243260150837,0.1,13,reviewed,tx,tx
2026-05-25T16:26:48.810Z,35.307833333333,-117.80816666667,7.84,1.25,ml,40,35,0.05074,0.15,ci,ci41474504,2026-05-26T13:13:52.860Z,"17 km WSW of Johannesburg, CA",earthquake,0.15,0.39,0.20571327159174,23,reviewed,ci,ci
2026-05-25T16:16:58.334Z,61.794,-150.782,58,2.5,ml,47,49,0.7,0.7,ak,aka2026khfsyc,2026-05-25T16:57:00.204Z,"31 km NNW of Susitna, Alaska",earthquake,3.2,5.2023,0.2,4,automatic,ak,ak
2026-05-25T16:13:15.600Z,35.3155,-117.80483333333,6.49,0.82,ml,25,86,0.05852,0.2,ci,ci41474496,2026-05-31T03:58:15.347Z,"17 km WSW of Johannesburg, CA",earthquake,0.28,0.55,0.21393627280996,12,reviewed,ci,ci
2026-05-25T16:12:57.904Z,-57.9499,-25.7657,131.676,4.9,mb,48,87,19.312,1.03,us,us6000t02k,2026-05-25T16:29:14.040Z,"South Sandwich Islands region",earthquake,12.86,7.467,0.075,57,reviewed,us,us
2026-05-25T15:52:55.700Z,60.477666666667,-152.5955,2.73,-0.89,ml,5,258,0.05004,0.12,av,av94208713,2026-05-27T20:46:40.300Z,"70 km NW of Ninilchik, Alaska",earthquake,1.94,2.67,0.20490038692181,5,reviewed,av,av
2026-05-25T15:47:57.540Z,34.490166666667,-118.96016666667,-1.09,1.17,ml,17,116,0.03746,0.27,ci,ci41474488,2026-05-25T15:51:24.839Z,"11 km NNW of Fillmore, CA",earthquake,0.57,1.08,0.2288219140824,33,automatic,ci,ci
2026-05-25T15:44:30.520Z,53.8795,-166.91,4.64,0.93,ml,6,200,0.07176,0.13,av,av94208703,2026-05-27T20:43:10.860Z,"24 km W of Dutch Harbor, Alaska",earthquake,0.49,1.24,0.16413295086789,6,reviewed,av,av
2026-05-25T15:39:54.670Z,38.826667785645,-122.81366729736,2.25,0.75,md,13,56,0.004308,0.01,nc,nc75368727,2026-05-25T15:57:21.584Z,"7 km NW of The Geysers, CA",earthquake,0.29,0.879999995,0.21,14,automatic,nc,nc
2026-05-25T15:29:14.363Z,31.755,-103.834,7.702,1.1,ml,17,81,0,0.1,tx,tx2026kfnjck,2026-05-26T20:14:38.449Z,"22 km WNW of Mentone, Texas",earthquake,0.43421257479654,0.50956992990904,0.1,29,reviewed,tx,tx
2026-05-25T15:25:12.910Z,34.0935,-117.303,15.95,0.73,ml,21,171,0.1165,0.13,ci,ci41474472,2026-05-31T02:08:00.465Z,"2 km NNE of Colton, CA",earthquake,0.31,0.48,0.12483787776062,15,reviewed,ci,ci
2026-05-25T15:23:19.390Z,19.329166412354,-155.88000488281,21.010000228882,1.73,md,18,216,0.2053,0.300000012,hv,hv74968367,2026-05-25T15:27:00.540Z,"14 km S of Honaunau-Napoopoo, Hawaii",earthquake,1.2,2.75999999,0.15106155461473,16,automatic,hv,hv
2026-05-25T15:22:57.140Z,38.824333190918,-122.80349731445,2.7400000095367,0.36,md,7,82,0.005222,0.02,nc,nc75368722,2026-05-25T15:42:24.481Z,"7 km NW of The Geysers, CA",earthquake,0.55,1.57000005,0.26,8,automatic,nc,nc
2026-05-25T15:13:03.620Z,31.51,-104.013,6.8689,1.6,ml,42,62,0,0.2,tx,tx2026kfmvod,2026-05-26T11:05:41.765Z,"30 km NW of Toyah, Texas",earthquake,0.54205460880875,0.62276078184578,0.2,24,reviewed,tx,tx
2026-05-25T15:02:35.126Z,64.885,-148.704,19.5,0.8,ml,7,105,0.2,0.2,ak,aka2026khdglh,2026-05-25T15:04:02.461Z,"32 km W of Ester, Alaska",earthquake,5.9,11.0015,0.1,4,automatic,ak,ak
2026-05-25T15:00:31.611Z,-4.7343,153.126,66.807,5,mb,68,93,1.101,0.78,us,us6000t028,2026-05-25T15:21:05.040Z,"104 km ESE of Kokopo, Papua New Guinea",earthquake,6.29,5.844,0.069,67,reviewed,us,us
2026-05-25T14:58:09.175Z,38.1839,-117.8041,5.3562,2.2,ml,15,156,0.268,0.1518,nn,nn00919185,2026-05-26T23:27:43.498Z,"35 km SE of Mina, Nevada",earthquake,,1.8426,0.26,8,reviewed,nn,nn
2026-05-25T14:55:01.874Z,62.15,-149.524,53.9,2.2,ml,42,38,0.4,0.7,ak,aka2026khczww,2026-05-25T14:56:40.389Z,"17 km E of Susitna North, Alaska",earthquake,3.1,3.5182,0.2,4,automatic,ak,ak
2026-05-25T14:54:55.010Z,33.226833333333,-116.03966666667,3.71,1.22,ml,45,59,0.06968,0.22,ci,ci41474456,2026-05-25T14:58:25.702Z,"11 km SW of Salton City, CA",earthquake,0.18,0.39,0.12687670625968,25,automatic,ci,ci
2026-05-25T14:41:40.780Z,33.154833333333,-116.52633333333,6.02,0.6,ml,28,39,0.09485,0.23,ci,ci41474448,2026-05-26T13:13:53.319Z,"11 km NE of Julian, CA",earthquake,0.26,0.82,0.11987580174336,7,reviewed,ci,ci
