level	page_num	block_num	par_num	line_num	word_num	left	top	width	height	conf	text
1	1	0	0	0	0	0	0	740	117	-1	
2	1	1	0	0	0	33	28	673	61	-1	
3	1	1	1	0	0	33	28	673	61	-1	
4	1	1	1	1	0	34	28	672	32	-1	
5	1	1	1	1	1	34	28	123	32	92.320892	MoonBit
5	1	1	1	1	2	167	29	126	24	96.153229	converts
5	1	1	1	1	3	304	28	164	32	96.713226	documents
5	1	1	1	1	4	480	28	52	25	96.043884	into
5	1	1	1	1	5	544	28	162	25	96.018913	Markdown.
4	1	1	1	2	0	33	57	587	32	-1	
5	1	1	1	2	1	33	57	63	25	96.753021	This
5	1	1	1	2	2	106	57	91	25	96.820992	fixture
5	1	1	1	2	3	208	57	104	25	96.705582	checks
5	1	1	1	2	4	324	57	69	32	96.063828	plain
5	1	1	1	2	5	406	57	73	25	96.812248	OCR
5	1	1	1	2	6	490	58	53	24	96.859932	text
5	1	1	1	2	7	552	57	68	25	96.399612	flow.
