level	page_num	block_num	par_num	line_num	word_num	left	top	width	height	conf	text
1	1	0	0	0	0	0	0	240	200	-1	
2	1	1	0	0	0	42	34	159	123	-1	
3	1	1	1	0	0	42	34	159	123	-1	
4	1	1	1	1	0	43	34	158	23	-1	
5	1	1	1	1	1	43	34	58	23	79.517036	Item
5	1	1	1	1	2	132	34	69	23	79.517036	Price
4	1	1	1	2	0	42	84	149	23	-1	
5	1	1	1	2	1	42	84	53	23	80.080414	Pen
5	1	1	1	2	2	133	84	58	23	90.396385	1.20
4	1	1	1	3	0	42	134	149	23	-1	
5	1	1	1	3	1	42	134	71	23	95.991898	Book
5	1	1	1	3	2	131	134	60	23	95.511688	9.99
